-- phpMyAdmin SQL Dump
-- version 3.5.1
-- http://www.phpmyadmin.net
--
-- Host: localhost
-- Generation Time: Feb 01, 2013 at 11:32 AM
-- Server version: 5.5.25
-- PHP Version: 5.2.17

SET SQL_MODE="NO_AUTO_VALUE_ON_ZERO";
SET time_zone = "+00:00";

--
-- Database: `mappr_v2`
--

-- --------------------------------------------------------

--
-- Table structure for table `issues`
--

CREATE TABLE `issues` (
  `id` int(11) NOT NULL AUTO_INCREMENT,
  `projectId` int(11) NOT NULL,
  `userId` int(11) NOT NULL,
  `name` varchar(128) NOT NULL,
  `units` varchar(256) NOT NULL,
  `description` text NOT NULL,
  `issueOrderNum` int(4) NOT NULL,
  PRIMARY KEY (`id`),
  KEY `projectId` (`projectId`)
) ENGINE=InnoDB  DEFAULT CHARSET=utf8 AUTO_INCREMENT=245 ;

--
-- Dumping data for table `issues`
--

INSERT INTO `issues` (`id`, `projectId`, `userId`, `name`, `units`, `description`, `issueOrderNum`) VALUES
(91, 8, 20, 'Resolving Heterogeneity of Data', 'data types', 'An basic obstacle to transformation of data into value would be resolving the heterogeneity of data.', 1),
(92, 8, 1, 'degree of openness or open source', 'Julianna Rotich, Esra Al Shefei, Erik Hersman, Ramana Rao, Jean-Baptiste Michel, Walid Al Saqaf, Emeka Okafor', 'open source was a huge enabler for Ushahid to get where it is by enabling collaborative innovation on a budget.  Same is true in the Middle East Arab Spring to enable access to the basic tools that allows others to build on them on a tight budget. Open source enables not just innovation but also local cultural relevancy to different people with different needs. It allows the tools to adapt to local needs. Perhaps as more companies see the benefits of open source, this will start to erode the foundation of copyright protection of data – it will enable or incentives corporations to be more open about data', 2),
(93, 8, 1, 'ability for people to derive immediate utility from data', 'Julianna Rotich, Emeka Okafor', 'A tight feedback loop of engagement is key. Not just data for data''s sake, but there must be an way for people to immediately see the utility of data for their needs. The idea of open data or vibrant data is a huge abstraction for many people. The only way for it to evolve is if people can see examples that illustrate how they can directly and immediately benefit them.', 2),
(94, 8, 1, 'ability to bridge language barriers', 'Julianna Rotich, Esra', 'Ability to easily translate platforms, tools, and internet content into multiple languages is key for success in different contexts and places. This was key for anti-censorship tools in the Middle East to be accessible to arab speakers. Or for Ushahidi to be successful in Latin America.', 3),
(95, 8, 1, 'access to tools for collaboration', 'Julianna Rotich', 'To make opennes useful, it''s essential to have tools that enable collaboration - tools that bring people together not just to collect data together but to finding meaning in the data.', 4),
(96, 8, 1, 'rewards for collaboration', 'Julianna Rotich', 'to enable collaboration - need incentives. either social relationships, or money, or other rewards - for example giving phone credit to people to send in good information.', 5),
(97, 8, 1, 'degree to which the participants have a shared problem', 'Julianna Rotich', 'building communtiy around shared probs and solutions - if they share the problem then they are more incentivized to collaborate.', 6),
(98, 8, 1, 'security of sensitive data (anonymity?)', 'Julianna Rotich', 'For crowd-sourced data, there is a challenge to protect anonymity in politically sensitive applications. For example in Egypt or in Syria where people are reporting violence. Collaborative platforms need an easy way to securely store information', 7),
(99, 8, 1, 'flexibility to apply a given platform to meet local needs', 'Julianna Rotich', 'the platform is only 10% - the rest is how it is used given the location, the tech limitations, and the problem.  each requires now an initial amount of hand-holding to teach people how to best apply the platform - barriers to entry are about how to use it for my needs.  if there were a general framework for helping people by identifying in context A for problem B, here is how you use the platform.  how best enable one platform for heterogeneous use.', 8),
(100, 8, 1, 'political censorship', 'Julianna Rotich, Esra', 'Censorship is a huge barrier to not just communication, but for the ability of people to see broad patterns relevant to them. It can be enhanced by open source platforms because they are easier to find loopholes for censorship', 9),
(101, 8, 1, 'availability of automatic translation tools', 'Julianna Rotich, Walid Al Saqaf', 'reaching people in multiple nations requires translation, and sometimes that is too much content to do individually. For example a large proportion of basic information on the web is not accessible to Arab speakers.', 10),
(102, 8, 22, 'Patient privacy', 'optional', 'Patients are afraid that if their data (medical data, genotypic info, etc) is in the wrong hangs, they will be denied job opportunities, health insurance coverage, etc.', 1),
(103, 8, 22, 'Competitive advantage', 'optional', 'Corporations by sharing their data lose the competitive advantage they have on other companies for research or business success.', 2),
(104, 8, 22, 'Errors in data', 'optional', 'Some stakeholders are afraid of releasing data in the fear that mistakes they have made in the compilation, gathering, and interpretation of the data may be found to be mistaken.', 3),
(105, 8, 22, 'Lack of Common language', 'optional', 'Even in gene info, while many databases share info, they are in different formats without specific unifying identifiers. Translation and conversion becomes difficult.', 4),
(106, 8, 22, 'Control of data', 'optional', 'There needs to be careful security and control of data so it will only end in individuals who have authority to use it instead of going into the wrong hands.', 5),
(108, 8, 25, 'Amount of personal data collected', 'Gbytes (?)', 'How much personal data is collected?', 2),
(109, 8, 25, 'ease of personal data collection', '', 'How easy is it for people to collect data about themselves or their environnment? What are the "costs" (time, effort, equipment, etc.) associated with personal data collection?', 3),
(110, 8, 25, 'availability of storage', 'Gbytes', 'Basic but important: how much storage is there? (A spin on this is where is the storage located, locally or "in the cloud''?)', 4),
(111, 8, 25, 'Openness of data storage / architecture', '', 'How open and accessible is data to people? Is it locked down in a proprietary database or somehow put ''in circulation"?', 4),
(112, 8, 25, 'data security', '', 'How secure is personal data from misuse? Obviously it can''t be locked down and hidden away if it is to be open to new kinds of analyses, etc., but how do we prevent misuses of other people''s data?', 5),
(113, 8, 25, 'data standardization and interoperability', '', 'How likely are two data elements / data sets to interact? Do they require lots of "scrubbing" and normalization, or can they be made to interact more easily?', 6),
(114, 8, 25, 'data self description / self disclosure', '', 'How well does a given data element, or data set, describe its own contents (through meta-tags or other means)', 7),
(115, 8, 25, 'ability to request / buy or offer / sell data', '', 'What means do people have to request or offer data for different purposes? How will exchanges take place, including the transfer of value as well as data?', 8),
(116, 8, 25, 'value accrual capability and representation', '', 'How can we enable people to accrue and track value associated with the offering of personal data, or the development of new analytics or other ways of contributing to these networks? How will value be represented? What are the appropriate units ($, social capital, etc)', 9),
(117, 8, 25, 'ease and accessibility of analytics', '', 'new tools for analytics must be developed that enable people without highly specialized skills to look at data and extract new meaning. This probably means new visual analysis tools and other kinds of tools as well', 10),
(118, 8, 26, 'Statistical use of the web', '', 'As a user, it would be truly great to know how often I visit different websites and for how long I stayed on those website. This would help me understand how much time I dedicate to education websites, to scientific journals, to news, to social networking sites, etc. and would hence point out any changes that I need to apply to use my time more constructively. This is also useful for parents who wish to monitor their kids'' usage of the Web', 1),
(119, 8, 26, 'Censored websites in your environment', '', 'An increasing number of countries are applying filtering to websites on a nation-wide level, causing a skew to information accessibility. Examples are the Great Firewall of China, Iran''s firewall, Syria''s firewall, etc. And it would be of great use if users are provided with this information so they know that information they are trying to access within their environment is blocked by their firewall/ISP.', 2),
(120, 8, 26, 'Customized service information based on geographical location', '', 'Supposed you are living in downtown Seattle, it would be great if the user could have a series of government services offered within that geographical location. The service''s value would be higher for countries/cities that have fewer online resources that offer such data.', 3),
(121, 8, 27, 'Inteligibility of data', '', 'Math may be the universal language, but few individuals have the skillset to look at data and find meaning. So, simply opening up the availability of more data will not lead to greater insight on it''s own. There are two solutions to this problem, but both have their own pitfalls.\n\nFirst, people can be better educated on how to interpret data. This is probably important, but it can''t be the whole answer, since more specialized, useful datasets (like medical records, patent publication histories, or energy usage) require different, specialized skillsets to interpret.\n\nSecond, better tools can be developed to assist in the translation of data into meaning. This will likely be the larger part of the solution, since tools can be designed to leverage a common skillset, while giving specialized insight on a variety of data types. However, there is an inherent tendency against usable tool development, because tools require skilled experts to develop, and these skilled experts, by creating tools, tend to reduce their own value -- they are designing away their own jobs.', 1),
(122, 8, 27, 'Contextual relevance of data', '', 'Data is only relevant when embedded in a context. And, often, the context in which data is known or collected is not one where that same data is valuable. For example, most of the remaining understanding of naturally derived fibers, gums, resins, and glues exist as oral traditions among relatively low-technology populations around the world. These materials could enable new classes of manufacturing if they could be combined with CNC or robotically actuated fabrication techniques, but usually populations living in a context which have access to robotic fabrication technologies have progressed down a development path which abandoned oral traditions of useful plants and non-synthetic feedstock materials.\n\nThus, it is crucial that any data management system do some sort of cross-pollination work, particularly if it is desirable to have novel functionality emerge from the interaction.', 2),
(123, 8, 27, 'Sensor Accessibility', '', 'Data doesn''t come out of nowhere. Many people have access to data storage and sharing through the internet. Some of these people have access to some sensors through their smartphone or laptop (GPS, temperature, acceleration, etc). But the really interesting data like exposure to various types of radiation, or presence of specific chemicals are still out of reach of most casual users. \n\nA recent demonstration of the need for this sort of information is the aftermath of the Fukishima nuclear disaster in japan. Until these sort of data can be gathered by more people, it won''t be possible to really execute the type of broad analysis of the effects of this disaster. And problems like this exist in many domains.', 3),
(124, 8, 27, 'Data Portability', '', 'The systems used to analyse data are only as useful as the data that can be fed into them. Unfortunately, the data we collect is rarely formatted to some universal standard. Instead, hundreds of different data systems each offer their own semi or fully proprietary format of data storage, which leads to the need for cumbersome translation of data, and sequential corruptions of datasets as it is translated from one standard to another.\n\nBetter standards setting will help to solve this problem, but it seems unlikely that the world will ever really agree on few enough standards to fully solve the problem. \n\nInstead, better automated translation systems are probably the answer. In order for this to really work, it seems like translators will need to more fully understand the content that they are translating. This is a challenge, and semantic web researchers are taking it on now, along with others.', 4),
(125, 8, 27, 'Scalar variability of data utility', '', 'Just as cultural and geographic context can alter the utility of data, so too can viewing a system at different scales. For example, at the atomic level, matter can be described with simple variables involving mass, inertia, temperature, energy, charge, etc. Jumping out to the galactic scale, these same variables are valuable, and can fully describe interactions.\n\nBut in the middle, these simple variables fade in importance, relative to other variables which depend on the scale at which we are viewing the system. Cellular behavior is governed by the interactions of proteins and DNA. Behavior of organs can be expressed in terms of complex organic chemistry. Organisms (collections of organs) act according to different chemical pathways, and also involve more gross measurements like calorics and neuro-chemistry. Some of these organisms have neural organs which allow for self-awareness or conciousness, and these express thought and behaviors which can be measured. When multiple sentient organisms interact, descriptions of social behaviors, or even culture are valuable. Some of these societies develop technologies, which come to characterize and predict their group behavior. When classes of organisms interact with one another, in competition and synergy, ecologies can develop, which require new measurements. And, finally, when culture, ecologies, geology, geography, and technology all are taken together, we see the sort of planetary-scale systems that give rise to issues like global warming, ocean acidification, and topsoil loss.\n\nThe challenge here is that to understand each of these scales of interactions, a new suite of data is needed, along with the relevent schema by which to inter-relate these data to give a picture of the behavior of the system. On some level, it is necessary to share not only the data, but also the scheme by which to understand that data. \n\nThis same problem presents itself in microcosmi as well -- take medicine: Cancer research is being pursued at multiple scales. Chemotherapy acts on the basic chemical pathways used by cells. Gene therapy seeks to intervene within the cellular machinery itself. Supportive therapies act on the body''s immune system to alter it in a way that can better attack the cancer. Cryo-therapy and Gamma-knife techniques act to physically remove tissues, but must not dammage the rest of the body in the process. And lastly, epidemiologists work from the society in, trying to change group behaviors to minimize exposure to cancer-causing agents.\n\nAll of these researchers could benefit from the understanding that the other have, but this understanding is not simply contained in the data, but also in the structure, or schema given by those researchers to the data as they work on it.', 5),
(126, 8, 29, 'Simplicity', '', 'Anything that is not simple in todays digital world, will be difficult to gain viral spread. If the process of inputting data is remotely more challenging than the ease at which we do so now, I feel people will opt for the easier method UNLESS they realise  tangible value and immediate value from doing so. As such the value of decentralisation will drive the success of adoption.', 1),
(127, 8, 29, 'Security', '', 'Decentralization of data raises issues of security which could be a constraint going forward. How secure is my personal data really.? Knowing your personal data is out there in the wide open seems riskier than not knowing where it has gone!', 2),
(128, 8, 29, 'Trust', '', 'There must be a huge element of trust in any decentralised system for it to work.', 3),
(129, 8, 29, 'Liability', '', 'What if something goes wrong? Who takes liability? What if my personal data is used in a detrimental way?', 4),
(130, 8, 29, 'Sensitive and confidential data', '', 'I imagine not all personal data should be decentralised as some data is not only sensitive but also confidential .', 5),
(131, 8, 28, 'Sensors / Hardware availability/suitability', 'Cost of sensing technologies, how widely they are deployed, economic value of the data they collect', 'The sensors in smart phones have transformed the very metrics surrounding the data we collect, yet in spite of this there are many obstacles that prevent sensor networks from being deployed in other settings.  Because of this, certain types of information - whether they be environmental data or specialized computer vision data - remain the exclusive domain of large and well funded organizations.  It is not very well understood how much value cheaper sensors create in our daily lives and in global markets - if we could better connect this impact with sensing technologies, on both a social and economic level, we might create more demand for innovation in hardware.  \n\nAs the recent boom of personal exercise sensors (fitbit, nike fuel, up) has shown, cheap sensors have the ability to facilitate the creation of entirely new datasets, and if we understood the role they play in driving the generation of newer, more targeted datasets we might create devices that address social problems that would otherwise remain difficult to quantify.', 1),
(132, 8, 28, 'WIreless infrastructure / ISP subscription models', '', 'Current subscription models for data access severely limit the amount of devices any individual will connect outside of their home/work networks.  In contrast, when data access is something integrated into a product (ie Kindle 3G, Qualcomm''s mobile health initiatives) a very different information ecosystem can exist alongside smartphones.  If it were possible for more organizations to utilize connectivity in this fashion we''d be able to launch more projects to monitor more aspects of everyday life.  So many of the things we expect to be smart (public transportation, traffic systems, inventory tracking) could benefit from such an arrangement because registry of devices would no longer be the responsibility of the end user.', 2),
(133, 8, 28, 'End user license agreements', 'universal/customized privacy preferences', 'We have standards for determining software compatibility (ie some programs won''t install on the wrong systems) but we don''t have standards for determining privacy/control compatibility with an end user.  If we could customize what types of agreements we are simply unwilling to agree to, filtering out bad privacy policies while simultaneously allowing organizations to quickly poll what agreements groups of people are open to considering, it might encourage development of better systems that are more responsive to a user''s or a community''s needs.  Legal agreements are not all that different than API''s and requiring an entity to meet our requirements would liberate many of us to share more freely, collaborate more often, and collectively organize in new ways.\n\nTo secure trust one would likely need such a system to be backed with legislation, yet when Australia is in the process of defining digital rights to identity and creating a national system to protect its citizens online, it''s clear that government might be able to play a productive role in facilitating a much needed transition.', 3),
(134, 8, 28, 'Tools for self-experimentation & self-understanding', 'i assume this would require a tagging/markup language to be implemented universally', 'One feature on facebook is particularly useful is one''s ability to verify privacy preferences by viewing one''s information from the perspective of specific individuals in one''s social network.  It allows one to quickly absorb the real-world implications of a given preference and to better understand what possibilities exist.  It''s not perfect but it points to a more visceral possibility for someone to understand their relationship to their own personal data.  If I had access to a tool that would put things in context by using my own data (for my eyes only) I would probably develop a much better understanding of my online self and the ways in which policies impact me personally.  For instance, if an employer adopted a new twitter policy that held employees personally liable for things they say, employees would have far more control/understanding of the implications if a filter could identify through sentiment analysis existing tweets that might violate the future terms.  At some level this is what the SOPA blackout performed by giving the world a preview of what the law would do to the open web - such examples are powerful, and if we could tweak them to show a customized view of our own lives we''d gain a more visceral understanding of the ecological implications of openness and privacy.', 4),
(135, 8, 28, 'User friendly metric translators for dataset interoperability', 'statistical API tagging structure...', 'Incompatible metrics make it impossible to compare many datasets, and this inhibits a process of discovery that many users would love to embark upon.  Wolphram Alpha offers a very fascinating way to answer questions and make comparisons, but there''s no way to introduce new data into the equation and if your question lies outside what they''ve preformatted you''re out of luck.   In many cases we simply need translation utilities designed to convert one metric into another - statistical API''s in a sense.  Not a simple task, but one that if framed properly could unite the best aspects of wikipedia with the best aspects of github.', 5),
(136, 8, 24, 'visualization', '', 'The availability of large quantities of data isn''t directly very useful to the general public unless there exist powerful and easy to use tools to translate that data into compelling images and animations that tell a story. A key challenge is how to create those tools such that they help citizens answer questions they are interested in. A related challenge is how to ensure that those tools avoid distorting the truth or unintentionally creating misleading results because they are simply too difficult to use.', 1),
(137, 8, 24, 'database authorship', '', 'Citizens should be able not just to interpret existing data but also to propose new types of data to collect. Inherent in this process of data collection are various technical issues related to data formats, consistency, units and so on. Software tools could help abstract away some of these technical issues so that those without expertise in database design could still design and create mechanisms for collecting and interpreting data they are interested in.', 2),
(138, 8, 24, 'privacy', '', 'As access to data increases, the privacy issues surrounding it become more complex. While many large organizations that manage public data have implemented privacy policies, the same does not hold true for individuals.', 3),
(139, 8, 24, 'mobile sensors', '', 'Small, powerful microprocessors with low cost and low power consumption are making it possible to create devices that collect data in new ways. For example, researchers have created mobile air quality sensors to map out the pollution in a space by correlating air quality measurements with GPS readings on devices worn by people living in the area of interest. This is just one example of how new kinds of sensors can help us generate and analyze new kinds of data.', 4),
(140, 8, 24, 'interpretation', '', 'Often statistics generated from data can tell a misleading story, either accidentally or by design. Given that many people who might want to explore complex datasets might not have the necessary statistics training to understand these issues, is it possible to build software tools to help people understand the statistical validity of conclusions suggested by data analysis?', 5),
(141, 8, 24, 'veracity', '', 'When data is collected from the public, there may be a risk that the data can be manipulated by an entity with an ulterior motive. For example, if a group of citizens set up a website allowing people to submit neighborhood air quality readings, it might be difficult to detect or stop someone from submitting false data, for example to conceal the effects on air quality of a factory that was putting out a great deal of pollution.', 6),
(142, 8, 25, 'analytics tools', '', 'how good are the analytics tools? how many kinds of analytics tools are there, and how diverse are they? What tools do people have to find new meaning in available data?', 11),
(143, 8, 25, 'ease of discovery', '', 'this issue deals with the question of how well people are able to find data and data sets. Do they have to search? Does data "find itself"?', 12),
(144, 8, 25, 'Number of people participating', '', 'The sheer number of people participating is obviously a factor', 13),
(145, 8, 25, 'metadata plasticity', '', 'How easily can metadata or descriptions of data be changed, updated or mutate to reflect new information in the system?', 14),
(146, 8, 25, 'data plasticity', '', 'How easily can data be changed, added to, or mutate? Might make a difference in terms of how "vibrant" the system emerges to be, because it opens it up to evolution and change.', 15),
(147, 8, 25, 'Number and variety of inputs', '', 'What are the various sources of data? How large is this number? Is there a critical threshold, when you pass it, that there is an explosion in the availability of data?', 16),
(148, 8, 25, 'ability to discover correlations', '', 'How easy are correlations in the data to discover? What tools are available? Will such correlations be discovered by people, or algorithms? How will discoveries be communicated?', 17),
(149, 8, 25, 'ability to normalize / clean / index data', '', 'How easy is it to clean and organize and index data? How will this organization happen, via human intervention or through algorithms or other means?', 18),
(150, 8, 1, 'ability to be locally relevant', 'Julianna Rotich, Erik Hersman', 'A challenge is enabling low barriers to access in different countries. Each situation is different.  The needs and methodologies for engagement differ among communities and problems (e.g., crisis mapping vs political elections). The local technologies dictate constraints or opportunities. For example, in many places the primary mode of communication is basic SMS not smartphones or laptops.', 11),
(151, 8, 1, 'cost of computation', 'Bill Joy, Omar Wasow', 'extremely cheap and smaller computational power is critical to the proliferation of small sensors, and the ability to generate and process data on mobile devices', 12),
(152, 8, 1, 'amount of data open and accessible', 'Bill Joy', 'state variable', 13),
(153, 8, 1, 'ability to put individual events into a broader context', 'Bill Joy', 'One huge value of big data or open data is the ability to see broad patterns and put events or individuals into a broader context. To see ''where am i?'' in a broader context. For example, this was a huge enabler of the Arab Spring - to let people realize that they were not alone in their feelings so they had security in numbers. It helps people make decisions about what is the typical price of something in location X, etc.', 14),
(154, 8, 1, 'increased human well-being', 'Bill Joy', 'key higher level goal of the Vibrant Data Ecosystem', 15),
(155, 8, 1, 'proportion of the population with basic data literacy', 'Bill Joy, Jon Gosier, Graham Hill, Omar Wasow, Walid Al Saqaf, James Patten, Ramana Rao', 'Basic data literacy is at minimum the ability to take two pieces of information together and find new meaning.', 16),
(156, 8, 1, 'proportion of the population with statistics literacy', 'Eric Berlow, Graham Hill', 'not sure if this needs to be separate from ''data literacy'' - but it refers to basic critical thinking skills around drawing inferences and conclusions from patterns in the data', 17),
(157, 8, 1, 'discrimination against people or groups of people', 'Bill Joy, Omar Wasow', 'Even if your personal information is aggregated, it''s possible to identify you and use that to discriminate against you. For example, in health care it can be used to exclude people from getting insurance because of inferences that they either have or are likely to have a disease.', 18),
(158, 8, 1, 'ability to prevent disease', 'Bill Joy', 'access to more information and patterns could help identify patients who could easily improve their health.  Most of the health improvement in the 20th century was from prevention – clean water, vaccines, etc - So we could have a new era of prevention based on access to broad patterns and predictive associations.', 19),
(159, 8, 1, 'ability to find relevant meaning in a sea of data', 'Bill Joy, Julianna Rotich, Ramana Rao', 'A big challenge is how to deal with the deluge of data and enable people to find things that are immediately relevant to them.  Even for small organizations it is a challenge without a big budget.  On the one hand this is the ability to answer specific questions with data, but also to have patterns in the data spark questions that people didn''t know they had, but that are meaningful to them.  Data play. Related to data literacy, but more advanced in the context of an overabundance of data.', 20),
(160, 8, 1, 'cost of networking and storage', 'Bill Joy', 'People underestimate the power of the reduction in cost of computing, networking and storage. Soon things that we normally think of as in the realm of business (because of high overhead costs) won''t have to be business. If you wanted to make an open source Facebook that was owned by nobody and was basically free, and the public radio over a version of a commercial endeavor, it will be possible at low cost.', 21),
(161, 8, 1, 'ease with which micro-entrepreneurs can enter the market', 'Bill Joy', 'Vibrant Data accessible through a small mobile device greatly lowers the barriers to entry for micro-entrepreneurs. The smart-phone can now be used to take a credit card, and you can do banking right there. Access to real time market information, like the price of pigs in the village down the road, will greatly enable this process of every-day entrepreneurs.', 22),
(162, 8, 1, 'distributed access to real time market data', 'Bill Joy, Jimmy Lin', 'The ability to access market data in real time - like the price of pigs at the village down the road, is a huge enabler of micro-entrepreneurs', 23),
(163, 8, 1, 'ability of small entrepreneurs to avoid getting scammed', 'Bill Joy', 'With more information, it’s easier to find out information about people to know if you can trust them.  More transparency allows for accountability in this context.', 24),
(164, 8, 1, 'government transparency', 'Graham Hill', 'Ability to expose information buried in government databases and let the crowd find meaning in it.', 25),
(165, 8, 1, 'ability of non-experts to find meaning in data', 'Graham Hill, Jon Gosier, James Patten', 'Ease of access to data analysis, data visualization, and data mining to non-experts.', 26),
(166, 8, 1, 'ability of small entrepreneurs to set a fair price', 'Graham Hill, Jimmy Lin', 'open data and access to trends and geographic patterns allows small entrepreneurs and local farmers to figure out what price to charge without having a huge market research team, etc.', 27),
(167, 8, 1, 'incentives for large companies to share data', 'Jimmy Lin, Jean-Michel Baptise', 'There are signs of individuals within companies trying to use people data for social good, but there are no larger incentives for the companies to do so. Never before in human history has so much information about civilians been held by private enterprises.', 28),
(168, 8, 1, 'degree of vulnerability of open source community to malicious users', 'Jimmy Lin', 'In open source computing and open data, a big challenge is creating a culture of goodwill that prevents cheaters and impacts of malicious users who want to break the system or take advantage of it.', 29),
(169, 8, 1, 'individual accountability', 'Jimmy Lin', 'the more people have access to our personal data, the more accountable we are for our actions? accountability is the flip side of privacy invasion.', 30),
(170, 8, 1, 'ease and speed of interacting with data to answer questions', 'James Patten, Ramana Rao', 'the only way to begin to make sense of huge data sets is to be able to iteratively ask questions and discover patterns that spark new questions. so a key consideration is how do we interact with those data? how do we perform experiments with the data? How do we come up with an idea, of well I think that maybe this is true. Well let me see if that’s actually true. So the faster, the faster and easier it is for someone to actually interact with data, the better theyre going to be at understanding what that data actually means.', 31),
(171, 8, 1, 'number of human senses engaged to answer questions with data', 'James Patten', 'Physical interaction with data. It’s possible to engage all of our senses not just vision but all of our senses and when we start doing that then it becomes much easier for people to develop a rich sense of what’s going on and with the data that theyre trying to understand. Using physical objects to represent, to control that  data and ask questions.', 32),
(172, 8, 1, 'personal security', 'James Patten', 'May actually enabled by more bringing data into the physical world – it’s less abstract and people understand better how to secure physical things. 	This is one case where ease of use and security does not have to be a trade-off', 33),
(173, 8, 1, 'efficacy of transportation', 'James Patten', 'One of the main problems with public transportation  systems now, is a a lack of well digested info about where different modes of  transportation are. What’s the most efficient way to get across the city. We have systems like google maps but the answers aren’t the best answers. How do you provide quick information about the optimal way to get somebody from point a to point b within a city you know, so fast they wont, they wont want to take a car because  the car will be so much slower than the alternative', 34),
(174, 8, 1, 'accuracy and reliability of real time information', 'James Patten', 'Transportation example. Distributing this information to a mobile phone and having apps on that phone that can make really intelligent decisions based on historically how accurate have predictions been in terms of travel times. It''s different than what''s happening now in that the more data available, the more we can make statistical predictions to give answers that are more useful and more accurate, and things that people will actually trust', 35),
(175, 8, 1, 'platforms that enable access to multiple data streams', 'James Patten', 'Even with data that are available, often there is no way to see different types of data in one place to compare. So for example in transportation, where are all the buses, all the taxis, all the subway trains, all the traffic - all in real time.', 36),
(176, 8, 1, 'ability for entrepreneurs to find needs that are not being met', 'James Patten', 'Data from either sensors or crowd input can help identify where needs are not being met - where are the potholes, where is there a gap in public transit, etc. which can provide opportunities for small entrepreneurs to fill the gap.', 37),
(177, 8, 1, 'efficacy of transporting goods', 'James Patten', 'using data to understand how people and goods are moving in cities to make it more efficient by enabling opportunities for middle-people and small entrepreneurs', 38),
(178, 8, 1, 'user interfaces that allow non-experts to intuitively interact with data', 'James Patten, Jon Gosier, John Batelle', 'To have democratic access to data, it must be extremely intuitive and gesture based to understand so we can interact with data rather than think too hard– Non-experts need to be able to intuitively ask questions of the data without thinking much about what is going on behind the scenes – Much like the Google search box allows us to follow our questions without thinking about what is happening behind the scenes.  The key to enabling access  to data for non-experts is UI', 39),
(179, 8, 1, 'passive data literacy', 'Jon Gosier', 'Just by enabling intuitive exploration of data, people will become more data literate without realizing it. Just like people have become digitally literate by using well designed software. The more passive is this education, the more it will enable Vibrant Data', 40),
(180, 8, 1, 'ability of general public to find meaning in large data sets', 'Jon Gosier', 'Lack of general public access to finding easy meaning in data is a big barrier.', 41),
(181, 8, 1, 'degree to which the general public interacts with data in daily life', 'Jon Gosier', 'Data literacy will only really come when we are interacting with and learning about that tool and using it in our every day life, not just in school.  The more open and vibrant the data, the more people interact with it in daily life, the bigger the impact on overall education', 42),
(182, 8, 1, 'effectiveness of governance and service delivery', 'Jon Gosier', 'Vibrant data has a huge impact on service delivery by NGO’s and governments by allowing them to harness public information in near real time and make decisions  - For example Ushahidi has completely changed the field of large scale disaster response by allowing the public to participate in widespread data gathering and helping make sense of those data in near real time.', 43),
(183, 8, 1, 'art', 'Jon Gosier', 'Vibrant Data could have a huge positive impact on art by democratizing technology  to create, publish, and share art.', 44),
(184, 8, 1, 'legal framework for open distribution and remixing of creative content', 'Jon Gosier, Julianna Rotich', 'One barrier to the creative potential of Vibrant Data in the arts and other creative endeavors are legal restrictions to what constitutes original content. Creative Commons licensing.', 45),
(185, 8, 1, 'degree to which underlying technologies and data are invisible', 'Jon Gosier, James Patten, Erik Hersman, Andrew Blau, John Batelle', 'Big enabler to data-driven entrepreneurship is the abilty to have technologies that hide the complexity and let people intuitively go about their business', 46),
(186, 8, 1, 'ability of tools to be highly customizable', 'Jon Gosier, Julianna Rotich', 'Vibrant Data tools are really complex because they must be highly customizable for specific local needs while also meeting universal needs', 47),
(187, 8, 1, 'ability to collaboratively curate and filter data', 'Julianna Rotich, Faisal Chohan', 'One key enabler is to enable collaborative sifting of information. Like Swift River Project – this is key for dealing with the overwhelming amount of data.  Human filters, not just algorithms. When the source data is unreliable, the best way to clean it is to open it up and enable many people to check credibility, make corrections, and build the ecosystem of data.', 48),
(188, 8, 1, 'proportion of Government data that is accessible', 'Erik Hersman, Faisal Chohan, Emeka Okafor', 'In Africa, the Middle East, Pakistan - the majority of information is held by the government. So a huge challenge is just opening that up in an accessible format to be the foundation of the data ecosystem. Other apps and services get built on top of that, and that generates more data. But the foundation is that basic layer of open data from the government', 49),
(189, 8, 1, 'degree of access to small screens and non-smart phones', 'Erik Hersman', 'In Africa and many places, the main mode of internet access is not laptop or smartphone but basic cell phone w small screen', 50),
(190, 8, 1, 'ease with which people can actively contribute data', 'Erik Hersman', 'Not personal data from searches or purchases, but active generatio of data like crisis mapping, disaster mapping, or identifying border check points or bad roads. How to best enable the eyes and ears of the population to sense and communicate important things in real time that have implications for policy, security, safety, etc.', 51),
(191, 8, 1, 'tools to make existing government data that is open actually accessible', 'Erik Hersman', 'In Africa the majority of public information is held by the government. The first basic step is how to open that up in a framework that is accessible and easily updateable? Main players helping here are Govt, Big corporations (Google, Microsoft, Nokia), and the Tech developer community', 52),
(192, 8, 1, 'inclusion of basic SMS data', 'Erik Hersman', 'people get caught up in the shiny widgets and applications – but they forget that SMS is also data that can be enormously useful and powerful to change the world from the bottom up', 53),
(193, 8, 1, 'proportion of the population motivated to give back in their spare time for free', 'Erik Hersman', 'Many open source projects and movements – anything that involves collaborative value creation – requires a certain seed of people who find value in doing something useful and productive in their spare time for free.  Like Wikipedia. Importace of the power of people’s ‘spare cycles’ and the love of doing stuff to make the world a better place', 54),
(194, 8, 1, 'enabling people to act on things that directly affect them', 'Erik Hersman', 'Key to engaging not just the small minority of active tech people, but the 80% of ordinary people is to focus on things that affect them directly. People care about the pothole on their street but not 2 streets over.  By focusing on those points of direct need, we can vastly increase participation.  Direct feedback between data generation and meeting needs.  When dealing with anything with open data and ordinary people, incentives matter, and people are most incentivized when directly affected.', 55),
(195, 8, 1, 'legal frameworks for sharing public government data', 'Erik Hersman', 'In Africa and elsewhere, a huge barrier to vibrant data has been getting govt policy, or even people in government to open up and share public data.  These barriers are being overcome by coalitions driving change – the World Bank, Google, the Web Foundation.', 56),
(196, 8, 1, 'availability of basic read-write platforms for hosting and sharing public data', 'Erik Hersman; Faisal Chohan', 'In some places where there are a lot of public data available, the key first step is a basic platform for making it easy to open up your data. Basic hosting services, etc.  \nIn many places, the foundation of the entire data ecosystem is simply making data available, and enabling users to share it, clean it, and add to it.', 57),
(197, 8, 1, 'visibility of small success stories and examples', 'Erik Hersman, Walid Al Saqaf, Emeka Okafor', 'Once people start seeing examples of how shared data is working in other places, it’s a lot easier to get them on board. They also get more ideas for how they could use it to benefit themselves. Once you have convinced a government or organization or company to open up their data, you’ve cleaned it and have the tools to update it, you have to immediately demonstrate that people will use it, and you need to immediately show individuals that they can benefit from it.  Need to seed momentum – create small successes. and spark imagination of what can be done.', 58),
(198, 8, 1, 'availability of tools to clean public data', 'Erik Hersman', 'Once government gets on board to open up public data, it’s a big challenge to clean what’s there to make it useful and relevant.', 59),
(199, 8, 1, 'availability of tools to keep public data updated in real time', 'Erik Hersman', 'Once government or other organizations open up their data, it has to be easy and seamless to make sure those data get continually updated.', 60),
(200, 8, 1, 'ability of people to be real time human sensor networks', 'Erik Hersman', 'Rather than personal data, crowds of people can be providing data in near real time about infrastructure needs, road conditions, service needs, leaky faucets and toilets, broken things that need fixing, etc.    This can apply to monitoring ecological data, invasive species, etc., urban infrastructure needs, and also rural communities needs in places where data from other sources are difficult to gather synchronously over large areas. Draw immediate connection between service providers and users.', 61),
(201, 8, 1, 'ability to convert data into action', 'Erik Hersman', 'People can provide information and data bout service or infrastructure needs, and that can draw attention to service providers. But a big challenge is converting the data into action.', 62),
(202, 8, 1, 'direct utility of open data to those giving it up', 'Faisal Chohan', 'One key way to convince goverments to open up data is if they can directly benefit from people filling gaps, cleaning the data, finding patterns and discrepancies, etc.  Compiling patterns of voting data in Pakistan is now being used by campaigns and politicians, not just citizens.  This is key not just for government data but also personal data.  The same is being applied to individuals - for example letting your phone track you because then you can track it if you lose it.', 63),
(203, 8, 1, 'ability to link news facts to real data', 'Faisal Chohan', 'A key revolution in open data will be enabling fact-checking of news stories by linking the stories to databases.', 64),
(204, 8, 1, 'quality of a reputation system', 'Michael K', 'Key to quality control and sharing is the ability to have reliable systems of aggregate trust and reputation.', 65),
(205, 8, 1, 'personal accountability', 'Michael K', 'One key to a better reputation system on the internet is actually making all users more accountable – When they for example use Facebook authentication, it keeps them more honest or makes them more careful about posting bad reviews since they are now accountable', 66),
(206, 8, 1, 'level of trust among participants', 'Michael K', 'all forms of participatory or collaborative value creation rely on trust as a core component', 67),
(207, 8, 1, 'proportion of real time data accessible by mobile phone', 'Andrew Blau', 'The biggest thing changing on the ground around the world is access to mobile phones.  6 billion phone subscriptions for 7 billion people on earth', 68),
(208, 8, 1, 'access to data from sensors vs people', 'Andrew Blau', 'A lot of data is not just coming from people, but actually sensors, satellite images, sensors on the street, etc.', 69),
(209, 8, 1, 'computational power of small devices', 'Andrew Blau', 'Increase in computational power especially for small devices will enable more real time exploration of patterns from data.', 70),
(210, 8, 1, 'ease of communicating about patterns', 'Andrew Blau', 'Connectivity and sharing is central – So people can find patterns in data, but how those insights are communicated and shared is critical.', 71),
(211, 8, 1, 'ability to control our ''data exhaust''', 'Andrew Blau', 'Critical need to understand how we navigate our own privacy and how we regain some control over all the personal data we generate', 72),
(212, 8, 1, 'tools to enable cooperative re-building and governance', 'Andrew Blau', 'Open data has made it easy to destabilize goverments, but not so easy to rebuild them.  If we don’t also enable cooperative re-building, then new governments are less likely to encourage open data?', 73),
(213, 8, 1, 'Ability to see under the hood of tools', 'Andrew Blau', 'While we need very simple intuitive interfaces, to hide the complexity from everyday people, those tools also need to be transparent, so that people are not deceived.  Google search is a good example. We don’t know what’s under the hood. So when they change their approach and just show local results or ones tailored to who they think we are, that’s dangerous if we don’t know it’s happening.', 74),
(214, 8, 1, 'Proportion of population actively using the internet', 'Walid Al Saqaf', 'Middle East has the highest growth rate of bandwidth usage. Basic access to information infrastructure is a big issue in the Middle East.', 75),
(215, 8, 1, 'Proportion of online information protected from censorship', 'Walid Al Saqaf', 'Censorship is a huge issue in the Arab world. Democracy and the internet have been very much connected. Most regimes have been opposed to open access to basic media.  Any new regimes can only survive if they have a clear open internet policy', 76),
(216, 8, 1, 'amount of data generated by people on the ground', 'Walid Al Saqaf', 'people as sensors. Active data that is collected, gathered by people on the ground, to be the eyes and ears of a city or a society. These are not personal data, but people as sensors and fact finders to overcome government censorship', 77),
(217, 8, 1, 'Clarity of motives for any Vibrant Data Platform', 'Walid Al Saqaf', 'People do things best and contribute best when they understand motives. And in this case the motives and needs will by highly context dependent – So it must be clear how this can be directly useful for very different types of people in different context.  Prototypes and examples are key', 78),
(218, 8, 1, 'ability to balance transparency vs privacy', 'Omar Wasow, Bre Pettis, Bill Joy, Jimmy Lin, Jean-Baptiste Michel, Cesar Harada, Esra', 'Transparency is this incredibly powerful tool for holding big institutions accountable.  But we also have to balance a desire for transparency with a respect for privacy of individual citizens. And what we’re now starting to see are some real tensions between a desire to bring transparency to our, uh, government, to our big institutions.  And at the same to balance that against a desire for privacy to respect for, uh, rights for people to withhold data', 79);
INSERT INTO `issues` (`id`, `projectId`, `userId`, `name`, `units`, `description`, `issueOrderNum`) VALUES
(219, 8, 1, 'privacy policy on expiration date for personal data', 'Omar Wasow, Jean-Baptiste Michel', 'How do we protect ourselves from having these data act as a permanent sentence that follows you everywhere you go for something you might have done say as a minor.  Or you might have done that, is ancient history. The tool that is a potential counter balance to this trend in the technology is laws and regulations that allow people to potentially have data expire after a certain amount of time. We need the opportunity to present a new version of ourselves with time. For example bankruptcy policy allows your data to no longer show up on a credit report.', 80),
(220, 8, 1, 'tools for novel statistical methods of pattern discovery', 'Ramana Rao', 'The better the computational power, the less we need to have a priori models in order to find patterns in data. Instead we can search through many classes of models to find new forms of discovery that are less limited by our pre-conceived ideas about how the world works.', 81),
(221, 8, 1, 'number of people empowered to ask questions of the entire system', 'Ramana Rao', 'Critical to balancing the good and bad of vibrant data is the abilty to enable more and more people to see patterns and question the system. What we are building is to complex for us to immediately understand. We need many perspectives and brains to see and anticipate and counter-act negative impacts.', 82),
(222, 8, 1, 'concentration of data power in few corporations', 'Raman Rao, John Batelle, Jean-Baptiste Michel', 'Big 5 – Microsoft, Amazon, Facebook, Google, Apple – they are intensely important – as both an opportunity or a major problem. Those consumer facing companies are extremely important for one reason, which is that they have direct relationships with hundreds of millions, if not billions, of human beings. The more narrow the control of the data, the more chance for unintended negative consequences.  But also the chance to implement far-reaching change.', 83),
(223, 8, 1, 'degree or danger of oversimplification', 'Ramana Rao', 'The danger of over-simplifying data science is greater than just narrative over simplification. Innumeracy is more dangerous than Illiteracy. For example, media over-simplification of climate change is a huge problem mostly because people don’t really understand how to evaluate data and evidence.', 84),
(224, 8, 1, 'enabling people to be the Vibrant Data Platform', 'Ramana Rao, John Batelle', 'No silver bullet tool, but anything that helps the audience be the media maker and the learner be an active learner. Educated people empower technology not the other way around.  \n When the individuals becomes the platform for data, as opposed to the platform being Facebook or Google or Apple, or a little app called Tidbit. But when the platform is the person and that person has all of their data at their disposal and understands the nuances and the instrumentation of that data.', 85),
(225, 8, 1, 'tools that enable vibrant communities around data', 'Ramana Rao', 'We need common places where data can be shared and there are some standards around it – Lke a Pinterest for vibrant data – Places that are not just cesspools of infographics but places that have vibrant communities around data', 86),
(226, 8, 1, 'connectivity of apps', 'John Batelle', 'Currently most apps are completely disconnected – there is no common navigational UI, you can’t share data among apps very easily.', 87),
(227, 8, 1, 'incentives for big companies to do good with data', 'John Batelle', 'Need to work with the Big 5 to use their power for good – There are huge incentives in Silicon Valley to do good – The bigger the company, the more someone working there thinks they have the potential to positively affect millions of people. That is what drives many people in Silicon Valley, not just money.', 88),
(228, 8, 1, 'immediate relevance to informal economies', 'Emeka Okafor', 'Most parts of the African economy reside in the informal economy. Vibrant data must be relevant to individuals on the ground in ways that matter to them if it is to have any real consequence.', 89),
(229, 8, 1, 'cultural relevance', 'Emeka Okafor', 'None of these tools will be useful if they are created by people with no real on the ground knowledge of what people really want – for example in Africa. Need to have input from the ground up on what are the needs.', 90),
(230, 8, 1, 'Ability to see broad trends and place ourselves in context', 'Jean-Baptiste Michel', 'Big data can help reveal trends, sentiments, and make them available to people on the ground. One huge enabler of the Arab Spring was people being able to see that they were not alone in their feelings.  Seeing the bigger picture empowered individuals to make a decision that would be risky without support of many.', 91),
(231, 8, 1, 'Ability to make smart decisions based on real time information', 'Jean-Baptiste Michel, Cesar Harada', 'As a consumer, when I go to a region, I should be able to make smarter decisions on the price of an apartment, negotiating a job offer, etc. The more people can have access to more locally specific information combined with broad context, the smarter they can be with their decisions. Same is true for service providers and basically any industry. Environmental change requires us to see impacts and effects in real time rather than in a report that surfaces 3 years later.', 92),
(232, 8, 1, 'legal framework for corporate Data Philanthropy', 'Jean-Baptiste Michel', 'Never before has so much knowledge about citizens been held by private firms. There is no framework for opening up corporate data.  Need a framework to enable “Data Philanthropy”', 93),
(233, 8, 1, 'incentives for large companies to open up data', 'Jean-Baptiste Michel', 'There are signs of individuals within companies trying to use people data for social good, but there are no larger incentives for the companies. If there were a good framework and incentives in place, large corporations could share data for social good. This may be one way to maintain security control while opening things up for social good.', 94),
(234, 8, 1, 'legal framework for anonymizing data', 'Jean-Baptiste Michel', 'There is no legal or ethical framework for protecting personal privacy by making their data anonymous', 95),
(235, 8, 1, 'tools for anonymization', 'Jean-Baptiste Michel,', 'It is currently very easy to de-anonymize personal data with info about zip code, date of birth, and gender.', 96),
(236, 8, 1, 'amount of data copyright protected', 'Jean-Baptiste Michel', 'Many forms of data, like newswires, are copyright protected, so we can’t use them to find patterns.', 97),
(237, 8, 1, 'personal control of own data', 'Jean-Baptiste Michel', 'If you can ‘own’ or control your data – you will be more likely to give it away for philanthropy', 98),
(238, 8, 1, 'ability to discriminate or prioritize data that should be open vs not', 'Cesar Harada', 'Some data needs to be open and some needs to be closed. We want data on the health of the ocean, but  maybe not data on making a hydrogen bomb.', 99),
(239, 8, 1, 'degree to which companies or governments have something to hide', 'Cesar Harada', 'Many corporations or governments do things or profit from activites that have externalities or negative impacts on society. The more they have things to hide, the less incentives they have to be transparent or open their data', 100),
(240, 8, 1, 'platform for connecting and relating different types of data', 'Cesar Harada', 'The value of data comes from having the ability to connect and synchronize different types and sources to find relationships. Pachube.com is a great example of a platform for connecting and relating data from many sensors – the internet of things.', 101),
(241, 8, 1, 'distributed platform innovation', 'Esra''a Al Shefei', 'Open source drives innovation as people build on what you made. It also allows it to be locally adapted and culturally relevant. The middle east is now a hub of innovation for open tools and platforms that are relevant to them, but then have wide use elsewhere. Things like anti-censorship tools, anti-corruption tools, tools that show local patterns of censorship, etc.', 102),
(242, 8, 1, 'government and corporate transparency', 'Esra''a Al Shefei', 'Vibrant data is exposing governments (and corporations) from the bottom up (e.g. crowdvoice)', 103),
(243, 8, 1, 'degree of openness in media', 'Esra''a Al Shefei', 'Media is playing a huge role in many countries to expose the government and empower and democratize the movement.  It also then become one of the biggest targets of censorship.', 104),
(244, 11, 1, 'first issue', 'w/p', 'issue description', 1);

-- --------------------------------------------------------

--
-- Table structure for table `issuesIssueTags`
--

CREATE TABLE `issuesIssueTags` (
  `id` int(11) NOT NULL AUTO_INCREMENT,
  `tagId` int(11) NOT NULL,
  `issueId` int(11) NOT NULL,
  PRIMARY KEY (`id`),
  KEY `tagId` (`tagId`),
  KEY `issueId` (`issueId`)
) ENGINE=InnoDB  DEFAULT CHARSET=utf8 AUTO_INCREMENT=3894 ;

--
-- Dumping data for table `issuesIssueTags`
--

INSERT INTO `issuesIssueTags` (`id`, `tagId`, `issueId`) VALUES
(1248, 82, 91),
(1249, 83, 91),
(1250, 84, 91),
(1251, 85, 91),
(1252, 86, 91),
(1253, 87, 91),
(1254, 88, 91),
(1255, 57, 91),
(1380, 99, 102),
(1381, 100, 103),
(1382, 57, 103),
(1383, 101, 104),
(1384, 57, 104),
(1387, 57, 102),
(1388, 102, 105),
(1389, 57, 105),
(1390, 103, 106),
(1391, 57, 106),
(1590, 125, 118),
(1591, 126, 118),
(1592, 127, 118),
(1593, 128, 118),
(1594, 57, 118),
(1595, 129, 119),
(1596, 130, 119),
(1597, 131, 119),
(1598, 57, 119),
(1599, 132, 120),
(1600, 133, 120),
(1601, 134, 120),
(1602, 57, 120),
(1697, 57, 121),
(1698, 57, 122),
(1699, 57, 123),
(1700, 97, 121),
(1701, 137, 122),
(1702, 140, 123),
(1703, 135, 121),
(1704, 138, 122),
(1705, 141, 123),
(1706, 139, 122),
(1707, 136, 121),
(1708, 134, 122),
(1719, 144, 125),
(1720, 145, 125),
(1721, 146, 125),
(1722, 147, 125),
(1723, 148, 125),
(1724, 57, 125),
(1725, 57, 124),
(1726, 142, 124),
(1727, 136, 124),
(1728, 143, 124),
(1747, 150, 127),
(1748, 71, 127),
(1749, 57, 127),
(1754, 149, 126),
(1755, 151, 128),
(1756, 152, 129),
(1757, 57, 126),
(1759, 57, 128),
(1760, 57, 129),
(1761, 84, 126),
(1763, 153, 130),
(1764, 57, 130),
(1795, 154, 131),
(1796, 70, 131),
(1797, 57, 131),
(1808, 72, 133),
(1809, 158, 133),
(1810, 159, 133),
(1811, 57, 133),
(1816, 160, 134),
(1817, 161, 134),
(1819, 162, 134),
(1821, 163, 134),
(1823, 164, 134),
(1825, 57, 134),
(1828, 155, 132),
(1829, 156, 132),
(1830, 157, 132),
(1831, 57, 132),
(1832, 86, 135),
(1833, 97, 135),
(1834, 96, 135),
(1835, 165, 135),
(1836, 143, 135),
(1837, 57, 135),
(1886, 166, 136),
(1887, 57, 136),
(1888, 167, 137),
(1889, 57, 137),
(1890, 72, 138),
(1891, 57, 138),
(1892, 168, 139),
(1893, 57, 139),
(1894, 169, 140),
(1895, 170, 141),
(1896, 57, 140),
(1897, 57, 141),
(1996, 57, 108),
(1997, 104, 108),
(1998, 57, 113),
(1999, 105, 108),
(2000, 115, 113),
(2001, 57, 111),
(2002, 116, 113),
(2003, 57, 110),
(2004, 106, 108),
(2005, 87, 113),
(2006, 109, 110),
(2007, 111, 111),
(2008, 110, 110),
(2009, 57, 109),
(2010, 112, 111),
(2011, 106, 109),
(2012, 107, 109),
(2013, 108, 109),
(2014, 57, 114),
(2015, 117, 114),
(2016, 63, 114),
(2017, 118, 114),
(2018, 119, 114),
(2019, 57, 115),
(2020, 120, 115),
(2021, 121, 115),
(2022, 122, 115),
(2023, 57, 117),
(2024, 68, 117),
(2025, 124, 117),
(2026, 65, 143),
(2027, 172, 143),
(2028, 174, 144),
(2029, 173, 143),
(2030, 175, 144),
(2031, 57, 143),
(2032, 57, 144),
(2033, 57, 116),
(2034, 123, 116),
(2035, 68, 142),
(2036, 171, 142),
(2037, 57, 142),
(2038, 57, 112),
(2039, 72, 112),
(2040, 71, 112),
(2041, 114, 112),
(2042, 113, 112),
(2043, 178, 146),
(2044, 119, 145),
(2045, 179, 147),
(2046, 176, 146),
(2047, 176, 145),
(2048, 106, 147),
(2049, 181, 148),
(2050, 177, 146),
(2051, 177, 145),
(2052, 180, 147),
(2053, 57, 146),
(2054, 68, 148),
(2055, 57, 145),
(2056, 57, 147),
(2057, 57, 148),
(2058, 182, 149),
(2059, 183, 149),
(2060, 184, 149),
(2061, 57, 149),
(3583, 111, 238),
(3584, 194, 239),
(3585, 72, 238),
(3586, 111, 239),
(3587, 57, 238),
(3588, 57, 239),
(3591, 203, 240),
(3592, 111, 243),
(3593, 97, 240),
(3594, 194, 243),
(3595, 57, 240),
(3596, 212, 243),
(3597, 57, 243),
(3598, 203, 241),
(3599, 96, 241),
(3600, 57, 241),
(3601, 194, 242),
(3602, 96, 242),
(3603, 111, 242),
(3604, 57, 242),
(3610, 57, 94),
(3611, 57, 95),
(3612, 89, 94),
(3613, 59, 95),
(3614, 57, 92),
(3615, 96, 95),
(3616, 91, 94),
(3617, 57, 93),
(3618, 86, 95),
(3619, 98, 92),
(3620, 96, 93),
(3621, 96, 92),
(3622, 97, 93),
(3623, 84, 93),
(3624, 57, 98),
(3625, 71, 98),
(3626, 93, 98),
(3627, 94, 98),
(3628, 72, 98),
(3629, 57, 99),
(3630, 89, 99),
(3631, 57, 100),
(3632, 90, 99),
(3633, 57, 101),
(3634, 71, 100),
(3635, 185, 100),
(3636, 91, 101),
(3637, 92, 101),
(3638, 57, 150),
(3639, 89, 150),
(3640, 57, 151),
(3641, 70, 151),
(3642, 156, 151),
(3643, 57, 152),
(3644, 59, 152),
(3645, 57, 153),
(3646, 186, 153),
(3647, 59, 153),
(3648, 69, 153),
(3649, 57, 154),
(3650, 187, 154),
(3651, 57, 155),
(3652, 188, 155),
(3653, 57, 157),
(3654, 57, 156),
(3655, 108, 157),
(3656, 188, 156),
(3657, 114, 157),
(3658, 72, 157),
(3659, 71, 157),
(3660, 57, 96),
(3661, 95, 96),
(3662, 75, 96),
(3663, 57, 97),
(3664, 75, 97),
(3665, 74, 97),
(3666, 57, 158),
(3667, 189, 158),
(3668, 190, 158),
(3669, 57, 159),
(3670, 104, 159),
(3671, 97, 159),
(3672, 57, 160),
(3673, 57, 162),
(3674, 191, 160),
(3675, 193, 162),
(3676, 98, 160),
(3677, 81, 162),
(3678, 57, 164),
(3679, 194, 164),
(3680, 195, 164),
(3681, 57, 165),
(3682, 57, 166),
(3683, 97, 165),
(3684, 57, 167),
(3685, 92, 166),
(3686, 188, 165),
(3687, 59, 167),
(3688, 81, 166),
(3689, 196, 167),
(3690, 57, 168),
(3691, 98, 168),
(3692, 195, 168),
(3693, 57, 169),
(3694, 195, 169),
(3695, 57, 170),
(3696, 194, 169),
(3697, 97, 170),
(3698, 72, 169),
(3699, 116, 170),
(3700, 57, 171),
(3701, 97, 171),
(3702, 116, 171),
(3703, 57, 172),
(3704, 71, 172),
(3705, 72, 172),
(3706, 57, 174),
(3707, 57, 175),
(3708, 197, 174),
(3709, 86, 175),
(3710, 198, 174),
(3711, 115, 175),
(3712, 57, 173),
(3713, 197, 173),
(3714, 198, 173),
(3715, 57, 176),
(3716, 199, 173),
(3717, 57, 177),
(3718, 199, 177),
(3719, 200, 177),
(3720, 57, 179),
(3721, 188, 179),
(3722, 201, 177),
(3723, 81, 176),
(3724, 57, 180),
(3725, 97, 180),
(3726, 57, 181),
(3727, 188, 180),
(3728, 188, 181),
(3729, 97, 181),
(3730, 57, 178),
(3731, 97, 178),
(3732, 116, 178),
(3733, 57, 163),
(3734, 57, 161),
(3735, 194, 163),
(3736, 202, 177),
(3737, 81, 161),
(3738, 195, 163),
(3739, 92, 161),
(3740, 81, 163),
(3741, 57, 183),
(3742, 57, 186),
(3743, 198, 183),
(3744, 57, 185),
(3745, 57, 184),
(3746, 89, 186),
(3747, 197, 183),
(3748, 158, 184),
(3749, 107, 185),
(3750, 203, 186),
(3751, 57, 187),
(3752, 169, 185),
(3753, 57, 182),
(3754, 204, 187),
(3755, 81, 185),
(3756, 198, 182),
(3757, 96, 187),
(3758, 197, 182),
(3759, 84, 187),
(3760, 57, 190),
(3761, 57, 192),
(3762, 57, 189),
(3763, 57, 191),
(3764, 96, 190),
(3765, 156, 189),
(3766, 141, 191),
(3767, 206, 192),
(3768, 206, 189),
(3769, 89, 192),
(3770, 57, 188),
(3771, 207, 192),
(3772, 205, 188),
(3773, 57, 193),
(3774, 131, 188),
(3775, 96, 193),
(3776, 57, 195),
(3777, 158, 195),
(3778, 57, 198),
(3779, 57, 199),
(3780, 57, 194),
(3781, 203, 198),
(3782, 204, 199),
(3783, 208, 194),
(3784, 204, 198),
(3785, 104, 199),
(3786, 203, 199),
(3787, 57, 196),
(3788, 203, 196),
(3789, 57, 197),
(3790, 209, 197),
(3791, 57, 200),
(3792, 57, 201),
(3793, 96, 200),
(3794, 57, 204),
(3795, 57, 203),
(3796, 132, 201),
(3797, 151, 204),
(3798, 210, 203),
(3799, 197, 203),
(3800, 57, 202),
(3801, 75, 202),
(3802, 57, 205),
(3803, 195, 205),
(3804, 194, 205),
(3805, 57, 207),
(3806, 57, 210),
(3807, 57, 209),
(3808, 57, 208),
(3809, 206, 207),
(3810, 212, 210),
(3811, 211, 209),
(3812, 70, 208),
(3813, 213, 210),
(3814, 57, 206),
(3815, 151, 206),
(3816, 57, 212),
(3817, 57, 213),
(3818, 57, 211),
(3819, 57, 216),
(3820, 96, 212),
(3821, 72, 211),
(3822, 96, 216),
(3823, 188, 213),
(3824, 203, 212),
(3825, 104, 216),
(3826, 71, 211),
(3827, 97, 213),
(3828, 57, 215),
(3829, 57, 214),
(3830, 141, 214),
(3831, 129, 215),
(3832, 57, 217),
(3833, 75, 217),
(3834, 203, 217),
(3835, 57, 219),
(3836, 57, 220),
(3837, 72, 219),
(3838, 57, 218),
(3839, 97, 220),
(3840, 71, 219),
(3841, 190, 220),
(3842, 84, 220),
(3843, 57, 221),
(3844, 214, 221),
(3845, 57, 222),
(3846, 96, 221),
(3847, 111, 222),
(3848, 72, 218),
(3849, 57, 223),
(3850, 71, 218),
(3851, 57, 224),
(3852, 97, 223),
(3853, 194, 218),
(3854, 203, 224),
(3855, 188, 223),
(3856, 57, 225),
(3857, 188, 224),
(3858, 203, 225),
(3859, 215, 224),
(3860, 213, 225),
(3861, 203, 226),
(3862, 164, 226),
(3863, 57, 226),
(3864, 97, 228),
(3865, 97, 230),
(3866, 89, 229),
(3867, 57, 228),
(3868, 57, 230),
(3869, 57, 229),
(3870, 75, 227),
(3871, 208, 231),
(3872, 216, 227),
(3873, 217, 231),
(3874, 57, 227),
(3875, 57, 231),
(3876, 72, 234),
(3877, 158, 232),
(3878, 111, 233),
(3879, 216, 232),
(3880, 57, 234),
(3881, 196, 233),
(3882, 196, 232),
(3883, 57, 233),
(3884, 57, 232),
(3885, 72, 235),
(3886, 71, 235),
(3887, 98, 236),
(3888, 57, 235),
(3889, 57, 236),
(3890, 72, 237),
(3891, 57, 237),
(3892, 218, 244),
(3893, 57, 244);

-- --------------------------------------------------------

--
-- Table structure for table `issueTags`
--

CREATE TABLE `issueTags` (
  `id` int(11) NOT NULL AUTO_INCREMENT,
  `name` varchar(64) NOT NULL,
  PRIMARY KEY (`id`)
) ENGINE=InnoDB  DEFAULT CHARSET=utf8 AUTO_INCREMENT=220 ;

--
-- Dumping data for table `issueTags`
--

INSERT INTO `issueTags` (`id`, `name`) VALUES
(57, ''),
(58, 'personal data'),
(59, 'open data'),
(60, 'big data'),
(61, 'dark internet'),
(62, 'normalization'),
(63, 'meta-tags'),
(64, 'provenance'),
(65, 'discovery'),
(66, 'entrepreneurism'),
(67, 'social enterprise'),
(68, 'analytics'),
(69, 'visualization'),
(70, 'sensors'),
(71, 'security'),
(72, 'privacy'),
(73, 'markets'),
(74, 'communities'),
(75, 'incentives'),
(76, 'participation'),
(77, 'reputation'),
(78, 'accrual of value'),
(79, 'alternate currencies'),
(80, 'tagger'),
(81, 'entrepreneurship'),
(82, 'database'),
(83, 'fields'),
(84, 'heterogeneity of data'),
(85, 'homogeneity of data'),
(86, 'data aggregation'),
(87, 'standardization'),
(88, 'unification'),
(89, 'localization'),
(90, 'heterogeneity of uses'),
(91, 'language barriers'),
(92, 'barriers to entry'),
(93, 'anonymization'),
(94, 'politics'),
(95, 'gamification'),
(96, 'crowd sourcing'),
(97, 'meaning in data'),
(98, 'open source'),
(99, 'patient privacy'),
(100, 'competitive advantage'),
(101, 'errors in data'),
(102, 'lack of common language'),
(103, 'control of data'),
(104, 'data quantity'),
(105, 'input'),
(106, 'data collection'),
(107, 'end users'),
(108, 'personal costs'),
(109, 'storage'),
(110, 'technology'),
(111, 'openness'),
(112, 'architecture'),
(113, 'privacy security safety'),
(114, 'safety'),
(115, 'data heterogeneity'),
(116, 'data interactivity'),
(117, 'tags'),
(118, 'self-description'),
(119, 'metadata'),
(120, 'exchange'),
(121, 'market'),
(122, 'brokering'),
(123, 'value accrual'),
(124, 'ease of use'),
(125, 'statistics'),
(126, 'children'),
(127, 'behavior'),
(128, 'web usage'),
(129, 'censorship'),
(130, 'filtering'),
(131, 'information accessibility'),
(132, 'government services'),
(133, 'geographical context'),
(134, 'context'),
(135, 'tool'),
(136, 'translation'),
(137, 'suggestion'),
(138, 'cross-polination'),
(139, 'interdisciplinary'),
(140, 'sensor'),
(141, 'access'),
(142, 'semantics'),
(143, 'standards'),
(144, 'schema'),
(145, 'scale'),
(146, 'cancer'),
(147, 'medicine'),
(148, 'extropy'),
(149, 'value'),
(150, 'risk'),
(151, 'trust'),
(152, 'liability'),
(153, 'confidential'),
(154, 'hardware'),
(155, 'subscription models'),
(156, 'mobile connectivity'),
(157, 'service models'),
(158, 'legislation'),
(159, 'identity'),
(160, 'self-experimentation'),
(161, 'self-understanding'),
(162, 'play'),
(163, 'data policy'),
(164, 'tools'),
(165, 'compatability'),
(166, 'visualization usability design interaction software'),
(167, 'collection consistency software'),
(168, 'hardware software citizen science'),
(169, 'software design interaction'),
(170, 'trust privacy'),
(171, 'quality'),
(172, 'matching'),
(173, 'search'),
(174, 'people'),
(175, 'number of people'),
(176, 'plasticity'),
(177, 'mutation'),
(178, 'data'),
(179, 'data sources'),
(180, 'inputs'),
(181, 'correlations'),
(182, 'indexing'),
(183, 'data cleaning'),
(184, 'data organizing'),
(185, 'media'),
(186, 'pattern analysis'),
(187, 'goal'),
(188, 'education'),
(189, 'health care'),
(190, 'data mining'),
(191, 'computing costs'),
(192, 'mic'),
(193, 'real time data'),
(194, 'transparency'),
(195, 'accountability'),
(196, 'corporate data'),
(197, 'implications'),
(198, 'impacts of vibrant data'),
(199, 'cities'),
(200, 'transportation'),
(201, 'impact of vibrant data'),
(202, 'implication'),
(203, 'platforms'),
(204, 'data quality'),
(205, 'government data'),
(206, 'mobile devices'),
(207, 'africa'),
(208, 'feedback'),
(209, 'relevance'),
(210, 'implications of vibrant data'),
(211, 'computational power'),
(212, 'communication'),
(213, 'sharing'),
(214, 'unintended consequences'),
(215, 'data literacy'),
(216, 'social good'),
(217, 'real time'),
(218, 'elephant'),
(219, 'galapagos');

-- --------------------------------------------------------

--
-- Table structure for table `nodes`
--

CREATE TABLE `nodes` (
  `id` int(11) NOT NULL AUTO_INCREMENT,
  `projectId` int(11) NOT NULL,
  `issueInd` int(4) NOT NULL,
  `name` varchar(256) NOT NULL,
  `description` text NOT NULL,
  `votes` int(3) NOT NULL DEFAULT '1',
  `userId` int(11) NOT NULL,
  `units` varchar(512) NOT NULL,
  `issueType` tinyint(2) NOT NULL,
  `isRevisit` tinyint(1) NOT NULL,
  `is_goal` tinyint(1) NOT NULL DEFAULT '0',
  `notes` text NOT NULL,
  `updateTime` datetime NOT NULL,
  PRIMARY KEY (`id`),
  KEY `projectId` (`projectId`),
  KEY `projectId_2` (`projectId`)
) ENGINE=InnoDB  DEFAULT CHARSET=utf8 AUTO_INCREMENT=355 ;

--
-- Dumping data for table `nodes`
--

INSERT INTO `nodes` (`id`, `projectId`, `issueInd`, `name`, `description`, `votes`, `userId`, `units`, `issueType`, `isRevisit`, `is_goal`, `notes`, `updateTime`) VALUES
(81, 8, 2, 'degree of platform openness (copy and modify)', 'openness here is defined as free to copy and change.\nopen source was a huge enabler for Ushahid to get where it is by enabling collaborative innovation on a budget.  Same is true in the Middle East Arab Spring to enable access to the basic tools that allows others to build on them on a tight budget. Open source enables not just innovation but also local cultural relevancy to different people with different needs. It allows the tools to adapt to local needs. Perhaps as more companies see the benefits of open source, this will start to erode the foundation of copyright protection of data – it will enable or incentives corporations to be more open about data', 1, 1, '8 votes total', 1, 2, 0, '', '2012-04-24 13:49:25'),
(85, 8, 6, 'system of rewards for participation that are sensitive to context', 'rewards for participation in collaborative efforts vary from high level emotional investment to monetary.  open framework that allows co-creation of reward structure - ability to engage rewardees to evaluate if it''s fair or not.   prevent a ''race to the bottom''. \ngamification and analytiics too', 1, 1, '3 votes total', 1, 2, 0, '', '2012-04-24 13:49:24'),
(86, 8, 7, 'degree to which the participants have a shared problem', 'building communtiy around shared probs and solutions - if they share the problem then they are more incentivized to collaborate.', 1, 1, '', 1, 2, 0, '', '2012-04-24 13:49:24'),
(90, 8, 11, 'availability of automatic language translation tools ', 'reaching people in multiple nations requires translation, and sometimes that is too much content to do individually. For example a large proportion of basic information on the web is not accessible to Arab speakers.  Applies to metadata as well. \nAbility to easily translate platforms, tools, and internet content into multiple languages is key for success in different contexts and places. This was key for anti-censorship tools in the Middle East to be accessible to arab speakers. Or for Ushahidi to be successful in Latin America.', 2, 1, '3 votes total', 1, 2, 0, '', '2012-04-24 13:49:25'),
(96, 8, 17, 'amount of personal data voluntarily shared', 'total amount of data people actively share about themselves', 1, 25, '', 1, 2, 0, '', '2012-04-24 13:49:26'),
(99, 8, 20, 'accessibility of stored open data', 'Even if the data is public, how open and accessible is  it to people? Is it locked down in a proprietary database or somehow put ''in circulation"?  Even if it is ''open'' how easy is it to get?', 3, 25, '4 votes', 1, 2, 0, '', '2012-04-24 13:49:27'),
(101, 8, 22, 'more coherent data standards', 'Better conventions and standards and strategies for data interoperability.', 1, 25, '', 1, 2, 0, '', '2012-04-24 13:49:27'),
(102, 8, 23, 'data self description', 'How well does a given data element, or data set, describe its own contents (through meta-tags, metadata, or other means) and also the cultural, sociial, historical context in which the data was generated', 2, 25, '', 1, 2, 0, '', '2012-04-24 13:49:25'),
(104, 8, 25, 'ability to accrue personal value from offering personal data', 'How can we enable people to accrue and track value associated with the offering of personal data, or the development of new analytics or other ways of contributing to these networks? How will value be represented? What are the appropriate units ($, social capital, etc)  What means do people have to request or offer data for different purposes? How will exchanges take place, including the transfer of value as well as data?', 2, 25, '', 1, 2, 0, '', '2012-04-24 13:49:24'),
(107, 8, 28, 'ability to use data to make predictions', 'In addition to data helping see broad patterns and trends, it can be used to predict events and behavior.  For example, anti-censorship activists in the Middle East are using data on the patterns government censorship (what types of sites are being censored in each country and when) to help predict which sites are most likely to be targeted next.', 1, 26, '', 1, 2, 0, '', '2012-04-24 13:49:25'),
(108, 8, 29, 'ability to integrate info from multiple sources (e.g. spatial data in real time)', 'Accessing data in near real time for a specific location has been one of the biggest revolutions of the iPhone - connecting a gps, a map, and online data (e.g., where is the best cafe near me, when is the next bus arriving near me now).  This space-time integration of data has enabled real time crisis mapping and other efforts. Meaning comes from being able to put 2 or more pieces of information together.', 1, 26, 'add 1 vote', 1, 2, 0, '', '2012-04-24 13:49:25'),
(111, 8, 32, 'availability of suitable sensors ', 'suitability here means - affordable, portable, mobile, measure the correct variable, and have the ability to directly measure things relevant to important questions.\n\nMany people have access to data storage and sharing through the internet. Some of these people have access to some sensors through their smartphone or laptop (GPS, temperature, acceleration, etc). But the really interesting data like exposure to various types of radiation, or presence of specific chemicals are still out of reach of most casual users. \n\nA recent demonstration of the need for this sort of information is the aftermath of the Fukishima nuclear disaster in japan. Until these sort of data can be gathered by more people, it won''t be possible to really execute the type of broad analysis of the effects of this disaster. And problems like this exist in many domains. \n\nSmall, powerful microprocessors with low cost and low power consumption are making it possible to create devices that collect data in new ways. For example, researchers have created mobile air quality sensors to map out the pollution in a space by correlating air quality measurements with GPS readings on devices worn by people living in the area of interest. This is just one example of how new kinds of sensors can help us generate and analyze new kinds of data.', 3, 27, '', 1, 2, 0, '', '2012-04-24 13:49:25'),
(120, 8, 41, 'flexible allocation of costs ', 'Cross-subsidy and other business models for sharing the burden and costs of anything in the data ecosystem. This could include products being services, shifting the cost of wireless connectivity, \n\nFor example, Current subscription models for data access limit the amount of devices any individual will connect outside of their home/work networks.  In contrast, when data access is something integrated into a product (ie Kindle 3G, Qualcomm''s mobile health initiatives) a very different information ecosystem can exist alongside smartphones.  If it were possible for more organizations to utilize connectivity in this fashion we''d be able to launch more projects to monitor more aspects of everyday life.  So many of the things we expect to be smart (public transportation, traffic systems, inventory tracking) could benefit from such an arrangement because registry of devices would no longer be the responsibility of the end user.', 1, 28, '', 1, 2, 0, '', '2012-04-24 13:49:24'),
(121, 8, 42, 'legal/policy framework for personal digital rights management ', 'Privacy is a key issue. We have standards for determining software compatibility (ie some programs won''t install on the wrong systems) but we don''t have standards for determining privacy/control compatibility with an end user.  If we could customize what types of agreements we are simply unwilling to agree to, filtering out bad privacy policies while simultaneously allowing organizations to quickly poll what agreements groups of people are open to considering, it might encourage development of better systems that are more responsive to a user''s or a community''s needs.  Legal agreements are not all that different than API''s and requiring an entity to meet our requirements would liberate many of us to share more freely, collaborate more often, and collectively organize in new ways.\n\nTo secure trust one would likely need such a system to be backed with legislation\nAnother option is to have laws that allow people to have data expire after a certain amount of time. We need the opportunity to present a new version of ourselves with time. For example bankruptcy policy allows your data to no longer show up on a credit report.', 7, 28, 'add 1 vote', 1, 2, 0, '', '2012-04-24 13:49:26'),
(122, 8, 43, 'tools for seeing our own  ''personal data exhaust''', 'If I had access to a tool that would put things in context by using my own data (for my eyes only) I would probably develop a much better understanding of my online self and the ways in which policies impact me personally. \n\nOne feature on facebook is particularly useful is one''s ability to verify privacy preferences by viewing one''s information from the perspective of specific individuals in one''s social network.  It allows one to quickly absorb the real-world implications of a given preference and to better understand what possibilities exist.  It''s not perfect but it points to a more visceral possibility for someone to understand what others can see fro their personal data. If we could see a customized view of our own lives we''d gain a more visceral understanding of the ecological implications of openness and privacy. \n\nAs a user, it would be truly great to know how often I visit different websites and for how long I stayed on those website. This would help me understand how much time I dedicate to education websites, to scientific journals, to news, to social networking sites, etc. and would hence point out any changes that I need to apply to use my time more constructively.', 2, 28, 'add 1 vote ', 1, 2, 0, '', '2012-04-24 13:49:26'),
(123, 8, 44, 'ability to automate inter-operabiilty of different datasets ', 'The value of data comes from having the ability to connect and synchronize different types and sources to find relationships. Pachube.com is a great example of a platform for collecting data from many sensors – the internet of things. These data also have to be inter-operable - \n\nIncompatible metrics make it impossible to compare many datasets, and this inhibits a process of discovery that many users would love to embark upon.  Wolphram Alpha offers a very fascinating way to answer questions and make comparisons, but there''s no way to introduce new data into the equation and if your question lies outside what they''ve preformatted you''re out of luck.   In many cases we simply need translation utilities designed to convert one metric into another - statistical API''s in a sense.  Not a simple task, but one that if framed properly could unite the best aspects of wikipedia with the best aspects of github. \n\nData are also collected at different spatial scales and different degrees of granularity and resolution. Translating among scales is critical for integrating data and answering questions at the appropriate scale.', 7, 28, '', 1, 2, 0, '', '2012-04-24 13:49:26'),
(131, 8, 52, 'ease of discovering datasets', 'this issue deals with the question of how well people are able to find data and data sets that are actually public. Do they have to search? Does data "find itself"?', 1, 25, '', 1, 2, 0, '', '2012-04-24 13:49:26'),
(132, 8, 53, 'number of people with easy access to data', 'The sheer number of people, experts and non-experts, who have access to open data', 1, 25, '2 votes', 1, 2, 0, '', '2012-04-24 13:49:26'),
(133, 8, 54, 'ease of adding to / modifying metadata', 'How easily can metadata or descriptions of data be changed, updated or mutate to reflect new information in the system? Degree to which metadata is also open source.', 1, 25, '', 1, 2, 0, '', '2012-04-24 13:49:26'),
(134, 8, 55, 'ease of editing / adding to a dataset', 'How easy it is to add or edit a data set. Might make a difference in terms of how "vibrant" the system emerges to be, because it opens it up to evolution and change.', 1, 25, '', 1, 2, 0, '', '2012-04-24 13:49:26'),
(138, 8, 59, 'ability to be locally relevant ', 'A challenge is enabling low barriers to access in different countries. Each situation is different.  The needs and methodologies for engagement differ among communities and problems (e.g., crisis mapping vs political elections). The local technologies dictate constraints or opportunities. For example, in many places the primary mode of communication is basic SMS not smartphones or laptops. \n\nMost parts of the African economy reside in the informal economy. Vibrant data must be relevant to individuals on the ground in ways that matter to them if it is to have any real consequence.\n\nNone of these tools will be useful if they are created by people with no real on the ground knowledge of what people really want – for example in Africa. Need to have input from the ground up on what are the needs. People get caught up in the shiny widgets and applications – but they forget that SMS is also data that can be enormously useful and powerful to change the world from the bottom up\n\nbarriers to entry are about how to use platform x for my needs. how best enable one platform for heterogeneous use.', 6, 1, '', 1, 2, 0, '', '2012-04-24 13:49:24'),
(139, 8, 60, 'reduction in cost of computation', 'extremely cheap and smaller computational power is critical to the proliferation of small sensors, and the ability to generate and process data on mobile devices', 1, 1, '2 votes', 1, 2, 0, '', '2012-04-24 13:49:26'),
(142, 8, 63, 'Increased Economic Opportunity', 'A successful Vibrant Data ecosystem would ideally broaden economic opportunities for everyday people and currently dis-enfranchised groups by increasing the ability of micro-entrepreneurs to enter the market, opening up economic channels that side-step traditional institutions, and providing access to market data, patterns, and tools that typically are only accessible to large corporations.', 1, 1, '', 1, 2, 0, '', '2012-04-24 13:49:23'),
(144, 8, 65, 'proportion of public that can critically evaluate conclusions drawn from data', 'basic statistical literacy and critical thinking skills around drawing inferences and conclusions from patterns in the data. This is separate from just being able to see and find patterns alone. Just like the ability to read and find meaning in words is different from being able to critically evaluate an argument.', 2, 1, '', 1, 2, 0, '', '2012-04-24 13:49:27'),
(146, 8, 67, 'Increased Human Health and Wellness', 'Vibrant data can help improve human health and wellness through enabling: a. the ability to see broad patterns in real time of health issues,; b. the ability to make better data-driven decisions about health policy or personal health choices, c. the ability to identify causes of rare diseases, d. the ability to use data for more effective preventative care in rural or poor communities, e. the ability of rural or poor communities to have access to broad patterns of health-related data, diagnosis tools, and simple preventative care methods; f. the ability to sense and track disease outbreaks in real-time for early prevention, etc', 1, 1, '', 1, 2, 0, '', '2012-04-24 13:49:23'),
(148, 8, 69, 'reduction in cost of networking and storage', 'People underestimate the power of the reduction in cost of computing, networking and storage. Soon things that we normally think of as in the realm of business (because of high overhead costs) won''t have to be business. If you wanted to make an open source Facebook that was owned by nobody and was basically free, and the public radio over a version of a commercial endeavor, it will be possible at low cost.', 2, 1, '', 1, 2, 0, '', '2012-04-24 13:49:27'),
(149, 8, 70, 'ease with which micro-entrepreneurs can enter the market ', 'Vibrant Data accessible through a small mobile device greatly lowers the barriers to entry for micro-entrepreneurs. The smart-phone can now be used to take a credit card, and you can do banking right there. Access to real time market information, like the price of pigs in the village down the road, will greatly enable this process of every-day entrepreneurs.  Open data and access to trends and geographic patterns allows small entrepreneurs and local farmers to figure out what price to charge without having a huge market research team, etc.  Access to data allows new entrepreneurs to avoid being scammed because there is more transparency. \nData from either sensors or crowd input can help identify where needs are not being met -  which can provide opportunities for small entrepreneurs to fill the gap.', 6, 1, '', 1, 2, 0, '', '2012-04-24 13:49:24'),
(156, 8, 77, 'ability to protect against malicious uses', 'Preventing the use of open data for fraud, theft, unwarranted surveillance, propaganda and mis-information, discrimination, violations of basic civil and political rights, cheating, violations of basic codes of ethics, etc.\n\nIn a world of open source and open data, a big challenge is preventing cheaters and impacts of malicious users who want to break the system or take advantage of it.', 1, 1, '', 1, 2, 0, '', '2012-04-24 13:49:25'),
(159, 8, 80, 'degree which UI design enables participation by diverse groups', 'different types of users, different learners, etc need different modalities for finding meaning in data.  one design doesn''t fit all  - the more types of people that can engage with data, the more creative the outcome.', 1, 1, '', 1, 2, 0, '', '2012-04-24 13:49:25'),
(161, 8, 82, 'increased efficiency and effectiveness of public services', 'Vibrant data has a huge impact on service delivery by NGO’s and governments by allowing them to harness public information in near real time and make decisions  - For example Ushahidi has completely changed the field of large scale disaster response by allowing the public to participate in widespread data gathering and helping make sense of those data in near real time.\n\nUrban examples: Public transportation  systems could have much more reliable info that integrates across all modes of  transportation to quickly find the most efficient way to get across the city irrespective of the type of transport.  Or people could have better access to what range of services are available within that geographical location - particularly in areas that have fewer online resources that offer such data.', 2, 1, '', 1, 2, 0, '', '2012-04-24 13:49:24'),
(162, 8, 83, 'accuracy and reliability of real time info with respect to purpose', 'Transportation example. People will only use real time information on the best public transit route from A to B if the predictions about travel times are accurate and trust-worthy- based on lots of data compiled into more predictive models.\n\nSimilarly, with crowd-sourced data (e.g., citizens reporting or sensing), the degree to which the data are not ''polluted'' by malicious users is key for trust and reliability so that the emergent patterns are actually useful to people.', 2, 1, '', 1, 2, 0, '', '2012-04-24 13:49:25'),
(163, 8, 84, 'ability to easily find pattern across multiple data streams', 'Even with data that are available, even if the data sets are interoperable, often there is no way to mash-up different types of data in one place to compare. So for example in transportation, where are all the buses, all the taxis, all the subway trains, all the traffic - all in real time.  Or for example to compare Twitter streams, blogs, and newspapers on one topic.', 2, 1, 'add 2 votes', 1, 2, 0, '', '2012-04-24 13:49:25'),
(166, 8, 87, 'ability to intuitively explore and answer questions with data ', 'Ease of access to data analysis, data visualization, and data mining to non-experts. \n\nTo have democratic access to data, it must be extremely intuitive and gesture based to understand so we can interact with data rather than think too hard– Non-experts need to be able to intuitively ask questions of the data without thinking much about what is going on behind the scenes – Much like the Google search box allows us to follow our questions without thinking about what is happening behind the scenes.  The key to enabling access  to data for non-experts is UI \n\nThe only way to begin to make sense of huge data sets is to be able to iteratively ask questions and discover patterns that spark new questions. So the faster, the faster and easier it is for someone to actually interact with data, the better theyre going to be at understanding what that data actually means. \n\nOn the one hand this is the ability to answer specific questions with data, but also to have patterns in the data spark questions that people didn''t know they had, but that are meaningful to them.', 16, 1, 'add 1 vote', 1, 2, 0, '', '2012-04-24 13:49:25'),
(167, 8, 88, 'proportion of the population that is functionally data literate', 'The ability of everyday people, expert or not, to frame questions that are answerable with data, explore data to answer questions, find patterns, and fine meaning in it.', 1, 1, '5 votes', 1, 2, 0, '', '2012-04-24 13:49:25'),
(169, 8, 90, 'proportion of the public using data to inform daily life decisions', 'Data literacy will only really come when we are interacting with data in our every day life, not just in school.  The more open and vibrant the data, the more people interact with it in daily life, the bigger the impact on overall education.  Just by enabling intuitive exploration of data and the ability to use that to make data-driven decisions, people will become more data literate without realizing it. Just like people have become digitally literate by using well designed software. The more passive is this education, the more it will enable Vibrant Data.', 3, 1, '', 1, 2, 0, '', '2012-04-24 13:49:24'),
(172, 8, 93, 'legal framework for accessing/sharing copyright protected data', 'Many forms of data, like newswires, are copyright protected, so we can’t use them to find patterns. \n\nOne barrier to the potential of Vibrant Data for creative endeavors are legal restrictions to what constitutes original content. Creative Commons licensing.', 2, 1, '3 votes total', 1, 2, 0, '', '2012-04-24 13:49:25'),
(173, 8, 94, 'degree to which underlying technologies and data are invisible', 'Big enabler to data-driven entrepreneurship is the abilty to have technologies that hide the complexity and let people intuitively go about their business.', 1, 1, '6 votes', 1, 2, 0, '', '2012-04-24 13:49:25'),
(174, 8, 95, 'ability of tools to be highly customizable', 'Vibrant Data tools are really complex because they must be highly customizable for specific local needs while also meeting universal needs', 1, 1, '3 votes', 1, 2, 0, '', '2012-04-24 13:49:25'),
(175, 8, 96, 'ability to collaboratively clean and filter data', 'One key enabler is to enable collaborative sifting of information. Human filters, not just algorithms. When the source data is unreliable, the best way to clean it is to open it up and enable many people to check credibility, make corrections, and build the ecosystem of data. For example, in crisis mapping platforms (e.g., Ushahidi), a challenge is filtering the data generated by people by importance (wrt the crisis) and reliability.', 1, 1, '3 votes', 1, 2, 0, '', '2012-04-24 13:49:25'),
(176, 8, 97, 'proportion of data from large institutions that is accessible', 'Both government and corporate. \nFor example, In Africa, the Middle East, Pakistan - the majority of information is held by the government. So a huge challenge is just opening that up in an accessible format to be the foundation of the data ecosystem. Other apps and services get built on top of that, and that generates more data. But the foundation is that basic layer of open data from the government. \n\nNow, even in Africa or elsewhere, a huge amount of their data is controlled by Western Corporations (Google, Facebook, etc,) because the citizens are using those platforms.', 1, 1, '3 votes', 1, 2, 0, '', '2012-04-24 13:49:25'),
(181, 8, 102, 'proportion of the population motivated by social rewards', 'Many open source projects and movements – anything that involves collaborative value creation – requires a certain seed of people who find value in doing something useful and productive in their spare time for free.  Like Wikipedia. Importace of the power of people’s ‘spare cycles’ and the love of doing stuff to make the world a better place', 1, 1, '', 1, 2, 0, '', '2012-04-24 13:49:24'),
(184, 8, 105, 'ability to share edit and update public data', 'In some places where there are a lot of public data available. In addition to making the data available or accessible, a key foundation of the entire data ecosystem is enabling users to share it, clean it, and add to it.  Once government or other organizations open up their data, it has to be easy and seamless to make sure those data get continually updated.', 2, 1, '', 1, 2, 0, ' ', '2012-04-24 13:49:25'),
(185, 8, 106, 'visibility of small success stories and examples of value from data', 'Once people start seeing examples of how shared data is working in other places, it’s a lot easier to get them on board. They also get more ideas for how they could use it to benefit themselves. Once you have convinced a government or organization or company to open up their data, you’ve cleaned it and have the tools to update it, you have to immediately demonstrate that people will use it, and you need to immediately show individuals that they can benefit from it.  Need to seed momentum – create small successes. and spark imagination of what can be done.', 1, 1, '3 votes', 1, 2, 0, '', '2012-04-24 13:49:24'),
(186, 8, 107, 'ability and ease of cleaning of data ', 'For many types of open data, it is critical to be able to easily spot outliers and potential errors in the data. For example, Once government gets on board to open up public data, it’s a big challenge to clean what’s there to make it useful and relevant.  This is huge in much of the developing world.', 3, 1, '', 1, 2, 0, '', '2012-04-24 13:49:25'),
(188, 8, 109, 'ability of people and institutions to be real time sensor networks ', 'How easy is it for people to collect data about themselves or their environnment? \nCrowds of people can be providing data in near real time about infrastructure needs, road conditions, service needs, disaster hotspots, invasive species, etc.   How can we best enable the eyes and ears of the population to sense and communicate important things in real time over large spatial scales that have implications for policy, security, safety, etc. \n\nInstitutions can do this too - for example free trade coffee wage contracts and prices for commodities.', 5, 1, '', 1, 2, 0, '', '2012-04-24 13:49:25'),
(189, 8, 110, 'ability to convert data into action', 'People can provide information and data bout service or infrastructure needs, and that can draw attention to service providers. But a big challenge is converting the data into action.', 1, 1, '2 votes total', 1, 2, 0, '', '2012-04-24 13:49:25'),
(190, 8, 111, 'direct utility of open data to those providing it', 'One key way to convince goverments to open up data is if they can directly benefit from people filling gaps, cleaning the data, finding patterns and discrepancies, etc.  Compiling patterns of voting data in Pakistan is now being used by campaigns and politicians, not just citizens.  This is key not just for government data but also personal data.  The same is being applied to individuals - for example letting your phone track you because then you can track it if you lose it. \n\nKey to engaging not just the small minority of active tech people, but for the 80% of ordinary people the key is to focus on things that affect them directly. People care about the pothole on their street but not 2 streets over. Direct feedback between data generation and meeting needs.  When dealing with anything with open data and ordinary people, incentives matter, and people are most incentivized when directly affected.', 2, 1, 'Faisal Chohan ', 1, 2, 0, '', '2012-04-24 13:49:24'),
(191, 8, 112, 'ability to fact check online information', 'A key revolution in open data will be enabling fact-checking of online information, infographics, and news stories by linking the facts in stories to databases. This would increase both transparency and accountability of information provider. \nSimilarly when presented with infographics and other data, we should be able to link to databases for fact checking.', 1, 1, '2 votes', 1, 2, 0, '', '2012-04-24 13:49:24'),
(192, 8, 113, 'reputation system that engenders trust among participants ', 'Key to quality control and sharing is the ability to have reliable systems of aggregate trust and reputation.  all forms of participatory or collaborative value creation rely on trust as a core component.  One big challenge is also overcoming abuse by cheaters.\n\nA recurring need in collaborative online endeavors  is a simple way for people to make some assessment of who they are dealing with. Reputation scores or other such community rating tools provide people with some of that ability.  Such a capability may have to be extended across domains or otherwise made more flexible to give people as much mutual accountability as possible, but without burdening users.', 3, 1, 'add 1 vote', 1, 2, 0, '', '2012-04-24 13:49:26'),
(193, 8, 114, 'personal accountability', 'One key to a better reputation system on the internet is actually making all users more accountable and transparent – When they for example use Facebook authentication, it keeps them more honest or makes them more careful about posting bad reviews since they are now accountable.  The more people have access to our personal data, the more accountable we are for our actions? \n\naccountability is the flip side of privacy invasion.', 3, 1, '', 1, 2, 0, '', '2012-04-24 13:49:24'),
(195, 8, 116, 'proportion of real time data accessible by mobile phone', 'The biggest thing changing on the ground around the world is access to mobile phones.  6 billion phone subscriptions for 7 billion people on earth', 1, 1, '', 1, 2, 0, '', '2012-04-24 13:49:26'),
(197, 8, 118, 'computational power of small devices', 'Increase in computational power especially for small devices will enable more real time exploration of patterns from data and ability to use those data for informed action', 1, 1, '', 1, 2, 0, '', '2012-04-24 13:49:26'),
(200, 8, 121, 'ability to collaboratively co-create', 'Collaboratively creating something complex (like government)  is a different challenge than collaboratively dismantling it or tapping into the crowd with a challenge to find one solution to one problem. For example, open data has made it easy to destabilize governments - many unified against one ''enemy'', but not so easy to rebuild them, gain consensus on complex issues, etc.. How do we best enable cooperative re-building of complex things like governance?', 1, 1, '2 votes total', 1, 2, 0, '', '2012-04-24 13:49:26'),
(202, 8, 123, 'proportion of population with access to information infrastructure', 'In many countries, basic access to information infrastructure is a big issue. For example,this is true in the Middle East, which now has the highest growth rate of internet bandwidth usage. And even then, much of the web is inaccessible to them due to language barriers and censorship, in addition to basic access to info infrastructure.', 1, 1, '', 1, 2, 0, '', '2012-04-24 13:49:26'),
(203, 8, 124, 'proportion of online info and media protected from censorship', 'Censorship is a huge issue in the Arab world. Democracy and the internet have been very much connected. Most regimes have been opposed to open access to basic media.  Any new regimes can only survive if they have a clear open internet policy\n\nCensorship is a huge barrier to not just communication, but for the ability of people to see broad patterns relevant to them. It can be enhanced by open source platforms because they are easier to find loopholes for censorship \n\nMedia is playing a huge role in many countries to expose the government and empower and democratize the movement.  It also then become one of the biggest targets of censorship.', 3, 1, ' ', 1, 2, 0, '', '2012-04-24 13:49:24'),
(205, 8, 126, 'direct utility of tools and platforms to those using them', 'People will engage and contribute best if they see how it can be directly useful to them given their specific context and needs.  Prototypes and examples that illustrate possibilities are key to helping spark people''s imagination of how to make a tool useful to them.', 1, 1, '2 votes total', 1, 2, 0, '', '2012-04-24 13:49:24'),
(208, 8, 129, 'ease of access to novel statistical methods of pattern discovery', 'More computational power enables new ways to find patterns in data that do not rely on a priori models.  Instead we can search through many classes of models to find new forms of discovery that are less limited by our pre-conceived ideas about how the world works.  Right now those methods and approaches are limited to experts.', 1, 1, '2 votes', 1, 2, 0, '', '2012-04-24 13:49:26'),
(209, 8, 130, 'ability to detect/self-correct unintended consequences of Vdat', 'Critical to balancing the good and bad of vibrant data is the abilty to enable more and more people to see patterns and question the system. What we are building is to complex for us to immediately understand. We need many perspectives and brains to see and anticipate and counter-act negative impacts.', 1, 1, 'Ramana Rao', 1, 2, 0, '', '2012-04-24 13:49:24'),
(210, 8, 131, 'concentration of data and access to data in few corporations', 'Big 5 – Microsoft, Amazon, Facebook, Google, Apple – they are intensely important – as both an opportunity or a major problem. Those consumer facing companies are extremely important for one reason, which is that they have direct relationships with hundreds of millions, if not billions, of human beings. The more narrow the control of the data, the more chance for unintended negative consequences.  But also the chance to implement far-reaching change.', 1, 1, '3 votes', -2, 2, 0, '', '2012-04-24 13:49:26'),
(211, 8, 132, 'ability to see under the hood of tools to avoid oversimplification', 'The danger of over-simplifying data science is greater than just narrative over simplification. Innumeracy is more dangerous than Illiteracy. For example, media over-simplification of climate change is a huge problem mostly because people don’t really understand how to evaluate data and evidence. \n\nWhile we need very simple intuitive interfaces, to hide the complexity from everyday people, those tools also need to be transparent, so that people are not deceived.  Google search is a good example. We don’t know what’s under the hood. So when they change their approach and just show local results or ones tailored to who they think we are, that’s dangerous if we don’t know it’s happening.', 2, 1, '', 1, 2, 0, '', '2012-04-24 13:49:26'),
(213, 8, 134, 'ability to collaboratively analyze and share insights about data', 'We need common places where data can be shared and there are some standards around it – Lke a Pinterest for vibrant data – Places that are not just cesspools of infographics but places that have vibrant communities interacting around data.\n\nTo make opennes useful, it''s essential to have tools that enable collaboration - tools that bring people together not just to collect data together but to finding meaning in the data.  People can find patterns in data, but how those insights are communicated and shared is critical.', 3, 1, 'add 1 vote', 1, 2, 0, '', '2012-04-24 13:49:26'),
(214, 8, 135, 'inter-connectivity of mobile apps', 'Currently most apps are completely disconnected – there is no common navigational UI, you can’t share data among apps very easily.', 1, 1, 'John Batelle', 1, 2, 0, '', '2012-04-24 13:49:26'),
(218, 8, 139, 'ability to see broad trends and place ourselves in context ', 'Big data or open data can help reveal trends, sentiments, and make them available to people on the ground - to see themselves in a broader context. One huge enabler of the Arab Spring was people being able to see that they were not alone in their feelings.  Seeing the bigger picture empowered individuals to make a decision that would be risky without support of many. \n\nOther example, It helps people make decisions about what is the typical price of something in location X, etc.', 2, 1, '', 1, 2, 0, '', '2012-04-24 13:49:26'),
(219, 8, 140, 'ability to make informed decisions based on data', 'As a consumer, when I go to a region, I should be able to make smarter decisions on the price of an apartment, negotiating a job offer, etc. The more people can have access to more locally specific information combined with broad context, the smarter they can be with their decisions. Same is true for service providers and basically any industry. Environmental change requires us to see impacts and effects in real time rather than in a report that surfaces 3 years later.', 1, 1, '3 votes', 1, 2, 0, '', '2012-04-24 13:49:26'),
(221, 8, 142, 'incentives for large institutions to open up data for social good', 'Both Government and Corporations:\n\nThere are signs of individuals within companies trying to use peoples data for social good, but there are no larger incentives for the companies. If there were a good framework and incentives in place, large corporations could share data for social good - Data Philanthropy. This may be one way to maintain security control while opening things up for social good.  Never before has so much knowledge about citizens been held by private firms. There is no framework for opening up corporate data. \n\nNeed to work with the Big 5 to use their power for good – There are huge incentives in Silicon Valley to do good – The bigger the company, the more someone working there thinks they have the potential to positively affect millions of people. There are signs of individuals within companies trying to use people data for social good, but there are no larger incentives for the companies to do so. \n\nIn Africa and elsewhere, a huge barrier to vibrant data has been getting govt policy, or even people in government to open up and share public data.  These barriers are being overcome by coalitions driving change – the World Bank, Google, the Web Foundation.', 6, 1, '', 1, 2, 0, '', '2012-04-24 13:49:26'),
(223, 8, 144, 'tools to anonymize sensitive data', 'Even if your personal information is aggregated, it''s possible to identify you and use that to discriminate against you.  Patients are afraid that if their data (medical data, genotypic info, etc) is in the wrong hangs, they will be denied job opportunities, health insurance coverage, etc.\n\nIt is currently very easy to de-anonymize personal data with info about zip code, date of birth, and gender. We need better tools for anonymizing data to enable teh discovery of general patterns without compromising privacy. \n\nSimilarly, for crowd-sourced data, there is a challenge to protect anonymity and privacy in politically sensitive applications. For example in Egypt or in Syria where people are reporting violence. Collaborative platforms need an easy way to securely store information.', 6, 1, 'add 2 votes', 1, 2, 0, '', '2012-04-24 13:49:26'),
(227, 8, 148, 'degree to which large institutions don''t have anything to hide', 'Many corporations or governments do things or profit from activites that have externalities or negative impacts on society. The less they have things to hide, the more incentives they have to be transparent or open their data.  And the more transparent and accountable they are, the more incentives to not have anything to hide...', 1, 1, '', 1, 2, 0, '', '2012-04-24 13:49:24'),
(229, 8, 150, 'ability to collaboratively improve platforms', 'Open source drives innovation as people build on what you made. It also allows it to be locally adapted and culturally relevant. The middle east is now a hub of innovation for open tools and platforms that are relevant to them, but then have wide use elsewhere. These include anti-censorship tools, anti-corruption tools, tools that show local patterns of censorship, etc.', 1, 1, '', 1, 2, 0, '', '2012-04-24 13:49:26'),
(230, 8, 151, 'transparency and accountability of large institutions ', 'Vibrant data is exposing governments (and corporations) from the bottom up (e.g. crowdvoice). Ability to expose information buried in government databases and let the crowd find meaning in it. Similarly, corporate sustainability is being pushed beyond ''greenwashing'' by people being able to expose supply chain data for environmental impacts or human rights violations.', 2, 1, '', 1, 2, 0, '', '2012-04-24 13:49:25'),
(232, 8, 153, 'ability to easily manipulate data granularity', 'tools that help aggregate or split data to answer questions at different scales, or to identify at what level are there meaningful patterns', 1, 0, '', 1, 2, 0, '', '2012-04-24 13:49:26'),
(233, 8, 154, 'ability to control data access permissions', 'The ability for users to set what they are ok with, rather than for the company tell the user what they have to give up to play.   Similar to a mutual non-disclosure agreement for privacy and personal security. \n\n* precision and flexibility of access to data that is contextual. \n* granularity, and mutability of permission  - the ability to dynamically change permission to the data, or the ability to enable automated flexible permission controls or access. \n* ability to control read/write distinction \n\nSome data needs to be open and some needs to be closed. We want data on the health of the ocean, but  maybe not data on making a hydrogen bomb.', 3, 0, '', 1, 2, 0, '', '2012-04-24 13:49:26'),
(236, 8, 157, 'ease to users of managing personal data access permissions', 'even if privacy controls are available, currently there is a high cognitive burden to  control my personal data access (e.g., facebook permissions).  general lowering the burden to users, both experts and non-experts', 1, 0, '', 1, 2, 0, '', '2012-04-24 13:49:26'),
(239, 8, 160, 'wireless connectivity and bandwidth', 'How much bandwidth do we have for our devices so they are not limited.  In other words, computation costs are going down for small devices, but often the limit is wireless bandwidth.\n"Can you hear me now?"', 1, 0, '', 1, 2, 0, '', '2012-04-24 13:49:26'),
(241, 8, 161, 'ability of everyday people to monitize dormant skills and assets', 'ability for non-experts to become everyday entrepreneurs, or  micro-entrepreneurs, that can make income from assets that they don''t use very much, like a car (relay rides) or a spare bedroom (air bnb)', 1, 0, '', 1, 2, 0, '', '2012-04-24 13:49:25'),
(242, 8, 162, 'ability to check and validate data quality', 'When working with open data we need the ability to check data quality - ability to cross check with other data sets or identify patterns in the data that highlight outliers and potential errors.', 1, 0, '', 1, 2, 0, '', '2012-04-24 13:49:26'),
(243, 8, 163, 'total number people contributing data', 'what is the size of the population that is generating personal data in the system', 1, 0, '', 1, 2, 0, '', '2012-04-24 13:49:26'),
(244, 8, 164, 'total number of people offering data viz and analysis tools/services', 'how many different people or groups are offering new data-related services like accessible data visualization and analytical tools, data storage and organization tools.', 1, 0, '', 1, 2, 0, '', '2012-04-24 13:49:27'),
(245, 8, 165, 'formation of communities of shared interest or action around data', 'to what degree are communities forming, where groups of people are collaboratively using open data to find meaning in or create action around shared interests', 1, 0, 'add 1 vote', 1, 2, 0, '', '2012-04-24 13:49:27'),
(246, 8, 166, 'development of a marketplace for data, analytics, and other data services ', 'degree to which everyday people can enter a market or exchange framework to offer and find data, analytics, visualization, and other data services. ease of entry to everyday data entrepreneurs.', 1, 0, '', 1, 2, 0, '', '2012-04-24 13:49:25'),
(247, 8, 167, 'ease with which everyday people can collect/create data', 'How easy is it for non-experts to be a ''sensor'' if they want to - for example, to crowd-source environmental data related to an oil spill, or to enable citizen science to monitor the spread of invasive species. This issue also includes the challenge of how easy it is for ordinary people to understand what data sensors gather and produce', 1, 0, '2 votes', 1, 2, 0, '', '2012-04-24 13:49:27'),
(248, 8, 168, 'ease with which everyday people can share data', 'Vibrant communities will rely on the open exchange of data. Currently, there are few if any mechanisms that let people easily but safely make their data available, to essentially say to the world "here is some data about me that I''m willing to give access to," in exchange for money, or as a means of participating in a communal project, or for whatever other reason.', 1, 0, '', 1, 2, 0, '', '2012-04-24 13:49:27'),
(249, 8, 169, 'ability to catalyze a critical mass of community engagement ', 'The success of collaborative marketplaces or crowd-sourced endeavors depends on a critical mass of an engaged community to reach a tipping point.  Enabling the development of a community of relationships, rather than just ''transactions'', among participants is critical.', 1, 0, '', 1, 2, 0, '', '2012-04-24 13:49:27'),
(250, 8, 170, 'transparency and accountability of information providers', 'the more people are data literate, can access and fact check information, and can broadly share those insight... the more chance we have at preventing the impact of intentional mis-information and propaganda (which is also enabled by a vibrant data ecosystem)', 1, 0, '', 0, 2, 0, '', '2012-04-24 13:49:25'),
(251, 8, 171, 'Level of clarity, simplicity, and utility of data created by sensors', 'Many sensors today gather data in ways that are either proprietary or idiosyncratic. We need new methods for sensor data to be made more easily accessible and understandable from the very moment it is first created. This may be through improvements of devices themselves or through methods that automatically format and make available data by way of post-processing.', 1, 0, '', 1, 2, 0, '', '2012-04-24 13:49:27'),
(252, 8, 172, 'Increased Civil and Political Rights', 'If successful a Vibrant Data ecosystem would enable the open sharing of personal data for societal and personal good while also protecting individual freedom from unwarranted infringement by governments and private organizations, and ensuring the ability to participate in the civil and political life of the state without discrimination or repression. Civil rights here includes protection from unwarranted surveillance, fraud, theft, threats to physical safety, discrimination, and violations of privacy, freedom of thought and expression. Political rights include natural justice in law and rights of participation in civil society and politics.', 1, 0, '', 1, 2, 0, '', '2012-04-24 13:49:25'),
(253, 8, 173, 'Environmental Sustainability', 'If successful a Vibrant Data ecosystem would increase our ability to meet present human needs without compromising the needs of future generations. Vibrant data can help increase sustainability through a variety of ways that include: greater transparency and accountability of corporations and large institutions, better ability to efficiently connect human needs with services in real time, sustainable supply chain management, improved ability of communities to share and trade assets and services, improved use of public transportation, improved ability to create markets for waste, etc.', 1, 0, '', 1, 2, 0, '', '2012-04-24 13:49:25'),
(254, 8, 174, 'Improved Science, Education, and Human Knowledge', 'If successful a Vibrant Data ecosystem can increase scientific understanding,  enhance educational curricula, broaden access to education, and create new ways for citizens to participate in the creation of knowledge. This capability could revolutionize how science is conducted and taught, and could transform access to affordable education. New, more widespread tools for data gathering and analysis have the potential to engage much broader cross-sections of the population in knowledge creation that will seriously challenge traditional forms of the scientific method and traditional educational institutions.', 1, 0, '', 1, 2, 0, '', '2012-04-24 13:49:23'),
(256, 9, 1, 'Species1', 'species description, common names, or other notes', 1, 1, '0', 1, 2, 0, '', '2013-01-21 12:42:31'),
(257, 9, 2, 'Species2', 'species description, common names, or other notes', 1, 1, '0', 0, 0, 0, '', '2013-02-01 10:30:55'),
(258, 9, 3, 'Species3', 'species description, common names, or other notes', 1, 1, '', 0, 0, 0, '', '2012-05-28 13:43:37'),
(259, 9, 4, 'Species4', 'species description, common names, or other notes', 1, 1, '0', 1, 2, 0, '', '2013-01-21 12:42:54'),
(260, 9, 5, 'Species5', 'species description, common names, or other notes', 1, 1, '', 0, 0, 0, '', '2012-05-28 13:43:47'),
(261, 9, 6, 'Species6', 'species description, common names, or other notes', 1, 1, '', 0, 0, 0, '', '2012-05-28 13:43:52'),
(262, 9, 7, 'Species7', 'species description, common names, or other notes', 1, 1, '', 0, 0, 0, '', '2012-05-28 13:43:58'),
(263, 9, 8, 'Species8', 'species description, common names, or other notes', 1, 1, '', 0, 0, 0, '', '2012-05-28 13:44:02'),
(264, 9, 9, 'Species9', 'species description, common names, or other notes', 1, 1, '', 0, 0, 0, '', '2012-05-28 16:57:09'),
(265, 9, 10, 'Species10', 'species description, common names, or other notes', 1, 1, '', 0, 0, 0, '', '2012-05-28 13:44:12');
INSERT INTO `nodes` (`id`, `projectId`, `issueInd`, `name`, `description`, `votes`, `userId`, `units`, `issueType`, `isRevisit`, `is_goal`, `notes`, `updateTime`) VALUES
(266, 9, 11, 'Species11', 'species description, common names, or other notes', 1, 1, '', 0, 0, 0, '', '2012-05-28 13:44:23'),
(267, 9, 12, 'Species12', 'species description, common names, or other notes', 1, 1, '', 0, 0, 0, '', '2012-05-28 13:44:30'),
(268, 9, 13, 'Species13', 'species description, common names, or other notes', 1, 1, '', 0, 0, 0, '', '2012-05-28 13:44:35'),
(269, 9, 14, 'Species14', 'species description, common names, or other notes', 1, 1, '', 0, 0, 0, '', '2012-05-28 13:44:42'),
(270, 9, 15, 'Species15', 'species description, common names, or other notes', 1, 1, '', 0, 0, 0, '', '2012-05-28 13:44:47'),
(271, 9, 16, 'Species16', 'species description, common names, or other notes', 1, 1, '', 0, 0, 0, '', '2012-05-28 13:44:53'),
(272, 9, 17, 'Species17', 'species description, common names, or other notes', 1, 1, '', 0, 0, 0, '', '2012-05-28 13:44:57'),
(273, 9, 18, 'Species18', 'species description, common names, or other notes', 1, 1, '', 0, 0, 0, '', '2012-05-28 13:45:02'),
(274, 9, 19, 'Species19', 'species description, common names, or other notes', 1, 1, '', 0, 0, 0, '', '2012-05-28 13:45:07'),
(275, 9, 20, 'Species20', 'species description, common names, or other notes', 1, 1, '', 0, 0, 0, '', '2012-05-28 13:45:21'),
(276, 9, 21, 'Species21', 'species description, common names, or other notes', 1, 1, '', 0, 0, 0, '', '2012-05-28 13:45:25'),
(277, 9, 22, 'Species22', 'species description, common names, or other notes', 1, 1, '', 0, 0, 0, '', '2012-05-28 13:45:30'),
(278, 9, 23, 'Species23', 'species description, common names, or other notes', 1, 1, '', 0, 0, 0, '', '2012-05-28 13:45:35'),
(279, 9, 24, 'Species24', 'species description, common names, or other notes', 1, 1, '', 0, 0, 0, '', '2012-05-28 13:45:40'),
(280, 9, 25, 'Species25', 'species description, common names, or other notes', 1, 1, '', 0, 0, 0, '', '2012-05-28 13:45:46'),
(281, 9, 26, 'Species26', 'species description, common names, or other notes', 1, 1, '', 0, 0, 0, '', '2012-05-28 13:45:52'),
(282, 9, 27, 'Species27', 'species description, common names, or other notes', 1, 1, '', 0, 0, 0, '', '2012-05-28 13:46:13'),
(283, 9, 28, 'Species28', 'species description, common names, or other notes', 1, 1, '', 0, 0, 0, '', '2012-05-28 13:46:19'),
(284, 9, 29, 'Species29', 'species description, common names, or other notes', 1, 1, '', 0, 0, 0, '', '2012-05-28 13:46:26'),
(285, 9, 30, 'Species30', 'species description, common names, or other notes', 1, 1, '', 0, 0, 0, '', '2012-05-28 13:46:32'),
(286, 9, 31, 'Species31', 'species description, common names, or other notes', 1, 1, '', 0, 0, 0, '', '2012-05-28 13:46:39'),
(287, 9, 32, 'Species32', 'species description, common names, or other notes', 1, 1, '', 0, 0, 0, '', '2012-05-28 13:46:44'),
(288, 9, 33, 'Species33', 'species description, common names, or other notes', 1, 1, '', 0, 0, 0, '', '2012-05-28 13:46:50'),
(289, 9, 34, 'Species34', 'species description, common names, or other notes', 1, 1, '', 0, 0, 0, '', '2012-05-28 13:46:57'),
(290, 9, 35, 'Species35', 'species description, common names, or other notes', 1, 1, '', 0, 0, 0, '', '2012-05-28 13:47:02'),
(291, 9, 36, 'Species36', 'species description, common names, or other notes', 1, 1, '', 0, 0, 0, '', '2012-05-28 13:47:18'),
(292, 9, 37, 'Species37', 'species description, common names, or other notes', 1, 1, '', 0, 0, 0, '', '2012-05-28 13:47:29'),
(293, 9, 38, 'Species38', 'species description, common names, or other notes', 1, 1, '', 0, 0, 0, '', '2012-05-28 13:47:34'),
(294, 9, 39, 'Species39', 'species description, common names, or other notes', 1, 1, '', 0, 0, 0, '', '2012-05-28 13:47:40'),
(295, 9, 40, 'Species40', 'species description, common names, or other notes', 1, 1, '', 0, 0, 0, '', '2012-05-28 13:47:46'),
(296, 9, 41, 'Species41', 'species description, common names, or other notes', 1, 1, '', 0, 0, 0, '', '2012-05-28 13:47:52'),
(297, 9, 42, 'Species42', 'species description, common names, or other notes', 1, 1, '', 0, 0, 0, '', '2012-05-28 13:47:58'),
(298, 9, 43, 'Species43', 'species description, common names, or other notes', 1, 1, '', 0, 0, 0, '', '2012-05-28 13:48:04'),
(299, 9, 44, 'Species44', 'species description, common names, or other notes', 1, 1, '', 0, 0, 0, '', '2012-05-28 13:48:12'),
(300, 9, 45, 'Species45', 'species description, common names, or other notes', 1, 1, '', 0, 0, 0, '', '2012-05-28 13:48:18'),
(301, 9, 46, 'Species46', 'species description, common names, or other notes', 1, 1, '', 0, 0, 0, '', '2012-05-28 13:48:30'),
(302, 9, 47, 'Species47', 'species description, common names, or other notes', 1, 1, '', 0, 0, 0, '', '2012-05-28 13:48:36'),
(303, 9, 48, 'Species48', 'species description, common names, or other notes', 1, 1, '', 0, 0, 0, '', '2012-05-28 13:48:44'),
(304, 9, 49, 'Species49', 'species description, common names, or other notes', 1, 1, '', 0, 0, 0, '', '2012-05-28 13:48:51'),
(305, 9, 50, 'Species50', 'species description, common names, or other notes', 1, 1, '', 0, 0, 0, '', '2012-05-28 13:48:58'),
(306, 9, 51, 'Species51', 'species description, common names, or other notes', 1, 1, '', 0, 0, 0, '', '2012-05-28 13:49:03'),
(307, 9, 52, 'Species52', 'species description, common names, or other notes', 1, 1, '', 0, 0, 0, '', '2012-05-28 13:49:09'),
(308, 9, 53, 'Species53', 'species description, common names, or other notes', 1, 1, '', 0, 0, 0, '', '2012-05-28 13:49:15'),
(309, 9, 54, 'Species54', 'species description, common names, or other notes', 1, 1, '', 0, 0, 0, '', '2012-05-28 13:49:21'),
(310, 9, 55, 'Species55', 'species description, common names, or other notes', 1, 1, '', 0, 0, 0, '', '2012-05-28 13:49:27'),
(311, 9, 56, 'Species56', 'species description, common names, or other notes', 1, 1, '', 0, 0, 0, '', '2012-05-28 13:49:39'),
(312, 9, 57, 'Species57', 'species description, common names, or other notes', 1, 1, '', 0, 0, 0, '', '2012-05-28 13:49:45'),
(313, 9, 58, 'Species58', 'species description, common names, or other notes', 1, 1, '', 0, 0, 0, '', '2012-05-28 13:49:51'),
(314, 9, 59, 'Species59', 'species description, common names, or other notes', 1, 1, '', 0, 0, 0, '', '2012-05-28 13:49:57'),
(315, 9, 60, 'Species60', 'species description, common names, or other notes', 1, 1, '', 0, 0, 0, '', '2012-05-28 13:50:19'),
(316, 9, 61, 'Species61', 'species description, common names, or other notes', 1, 1, '', 0, 0, 0, '', '2012-05-28 13:50:24'),
(317, 9, 62, 'Species62', 'species description, common names, or other notes', 1, 1, '', 0, 0, 0, '', '2012-05-28 13:50:30'),
(318, 9, 63, 'Species63', 'species description, common names, or other notes', 1, 1, '', 0, 0, 0, '', '2012-05-28 13:50:38'),
(319, 9, 64, 'Species64', 'species description, common names, or other notes', 1, 1, '', 0, 0, 0, '', '2012-05-28 13:50:50'),
(320, 9, 65, 'Species65', 'species description, common names, or other notes', 1, 1, '', 0, 0, 0, '', '2012-05-28 13:50:55'),
(321, 9, 66, 'Species66', 'species description, common names, or other notes', 1, 1, '', 0, 0, 0, '', '2012-05-28 13:51:03'),
(322, 9, 67, 'Species67', 'species description, common names, or other notes', 1, 1, '', 0, 0, 0, '', '2012-05-28 13:51:11'),
(323, 9, 68, 'Species68', 'species description, common names, or other notes', 1, 1, '', 0, 0, 0, '', '2012-05-28 13:51:17'),
(324, 9, 69, 'Species69', 'species description, common names, or other notes', 1, 1, '', 0, 0, 0, '', '2012-05-28 13:51:26'),
(325, 9, 70, 'Species70', 'species description, common names, or other notes', 1, 1, '', 0, 0, 0, '', '2012-05-28 13:51:34'),
(326, 9, 71, 'Species71', 'species description, common names, or other notes', 1, 1, '', 0, 0, 0, '', '2012-05-28 13:51:39'),
(327, 9, 72, 'Species72', 'species description, common names, or other notes', 1, 1, '', 0, 0, 0, '', '2012-05-28 13:51:47'),
(328, 9, 73, 'Species73', 'species description, common names, or other notes', 1, 1, '', 0, 0, 0, '', '2012-05-28 13:51:53'),
(329, 9, 74, 'Species74', 'species description, common names, or other notes', 1, 1, '', 0, 0, 0, '', '2012-05-28 13:52:00'),
(330, 9, 75, 'Species75', 'species description, common names, or other notes', 1, 1, '', 0, 0, 0, '', '2012-05-28 13:52:06'),
(331, 9, 76, 'Species76', 'species description, common names, or other notes', 1, 1, '', 0, 0, 0, '', '2012-05-28 13:52:11'),
(332, 9, 77, 'Species77', 'species description, common names, or other notes', 1, 1, '', 0, 0, 0, '', '2012-05-28 13:52:18'),
(333, 9, 78, 'Species78', 'species description, common names, or other notes', 1, 1, '', 0, 0, 0, '', '2012-05-28 13:52:24'),
(334, 9, 79, 'Species79', 'species description, common names, or other notes', 1, 1, '', 0, 0, 0, '', '2012-05-28 13:52:30'),
(335, 9, 80, 'Species80', 'species description, common names, or other notes', 1, 1, '', 0, 0, 0, '', '2012-05-28 13:52:35'),
(336, 9, 81, 'Species81', 'species description, common names, or other notes', 1, 1, '', 0, 0, 0, '', '2012-05-28 13:52:43'),
(337, 9, 82, 'Species82', 'species description, common names, or other notes', 1, 1, '', 0, 0, 0, '', '2012-05-28 13:52:50'),
(338, 9, 83, 'Species83', 'species description, common names, or other notes', 1, 1, '', 0, 0, 0, '', '2012-05-28 13:52:56'),
(339, 9, 84, 'Species84', 'species description, common names, or other notes', 1, 1, '', 0, 0, 0, '', '2012-05-28 13:53:01'),
(340, 9, 85, 'Species85', 'species description, common names, or other notes', 1, 1, '', 0, 0, 0, '', '2012-05-28 13:53:07'),
(341, 9, 86, 'Species86', 'species description, common names, or other notes', 1, 1, '', 0, 0, 0, '', '2012-05-28 13:53:12'),
(342, 9, 87, 'Species87', 'species description, common names, or other notes', 1, 1, '', 0, 0, 0, '', '2012-05-28 13:53:19'),
(343, 9, 88, 'Species88', 'species description, common names, or other notes', 1, 1, '', 0, 0, 0, '', '2012-05-28 13:53:23'),
(344, 9, 89, 'Species89', 'species description, common names, or other notes', 1, 1, '', 0, 0, 0, '', '2012-05-28 13:53:28'),
(345, 9, 90, 'Species90', 'species description, common names, or other notes', 1, 1, '', 0, 0, 0, '', '2012-05-28 13:53:32'),
(346, 9, 91, 'Species91', 'species description, common names, or other notes', 1, 1, '', 0, 0, 0, '', '2012-05-28 13:53:37'),
(347, 9, 92, 'Species92', 'species description, common names, or other notes', 1, 1, '', 0, 0, 0, '', '2012-05-28 13:53:41'),
(348, 9, 93, 'Species93', 'species description, common names, or other notes', 1, 1, '', 0, 0, 0, '', '2012-05-28 13:53:46'),
(349, 9, 94, 'Species94', 'species description, common names, or other notes', 1, 1, '', 0, 0, 0, '', '2012-05-28 13:53:50'),
(350, 9, 95, 'Species95', 'species description, common names, or other notes', 1, 1, '', 0, 0, 0, '', '2012-05-28 13:53:55'),
(351, 9, 96, 'Species96', 'species description, common names, or other notes', 1, 1, '', 0, 0, 0, '', '2012-05-28 13:53:59'),
(352, 9, 97, 'Species97', 'species description, common names, or other notes', 1, 1, '', 0, 0, 0, '', '2012-05-28 13:54:03'),
(353, 9, 98, 'Species98', 'species description, common names, or other notes', 1, 1, '', 0, 0, 0, '', '2012-05-28 13:54:08'),
(354, 9, 99, 'Species99', 'species description, common names, or other notes', 1, 1, '', 0, 0, 0, '', '2012-05-28 13:54:15');

-- --------------------------------------------------------

--
-- Table structure for table `nodesNodeTags`
--

CREATE TABLE `nodesNodeTags` (
  `id` int(11) NOT NULL AUTO_INCREMENT,
  `tagId` int(11) NOT NULL,
  `nodeId` int(11) NOT NULL,
  PRIMARY KEY (`id`)
) ENGINE=InnoDB  DEFAULT CHARSET=utf8 AUTO_INCREMENT=10495 ;

--
-- Dumping data for table `nodesNodeTags`
--

INSERT INTO `nodesNodeTags` (`id`, `tagId`, `nodeId`) VALUES
(10210, 233, 254),
(10211, 233, 142),
(10212, 231, 146),
(10213, 233, 146),
(10214, 233, 149),
(10215, 233, 138),
(10216, 228, 120),
(10217, 229, 120),
(10218, 230, 120),
(10219, 232, 86),
(10220, 231, 120),
(10221, 233, 86),
(10222, 232, 120),
(10223, 233, 120),
(10224, 233, 104),
(10225, 232, 85),
(10226, 233, 85),
(10227, 233, 161),
(10228, 231, 169),
(10229, 233, 169),
(10230, 232, 181),
(10231, 233, 181),
(10232, 230, 185),
(10233, 231, 185),
(10234, 232, 185),
(10235, 233, 185),
(10236, 230, 190),
(10237, 233, 190),
(10238, 233, 191),
(10239, 231, 191),
(10240, 234, 191),
(10241, 232, 193),
(10242, 234, 193),
(10243, 230, 203),
(10244, 233, 193),
(10245, 234, 203),
(10246, 232, 209),
(10247, 231, 205),
(10248, 233, 203),
(10249, 230, 227),
(10250, 231, 209),
(10251, 232, 205),
(10252, 233, 227),
(10253, 233, 209),
(10254, 233, 205),
(10255, 228, 205),
(10256, 234, 209),
(10257, 229, 205),
(10258, 223, 205),
(10259, 233, 230),
(10260, 234, 230),
(10261, 233, 241),
(10262, 231, 246),
(10263, 233, 246),
(10264, 229, 246),
(10265, 228, 246),
(10266, 232, 246),
(10267, 233, 250),
(10268, 234, 250),
(10269, 233, 252),
(10270, 230, 156),
(10271, 232, 156),
(10272, 231, 156),
(10273, 234, 156),
(10274, 233, 156),
(10275, 233, 253),
(10276, 229, 102),
(10277, 230, 102),
(10278, 228, 81),
(10279, 229, 81),
(10280, 230, 81),
(10281, 231, 81),
(10282, 232, 81),
(10283, 223, 81),
(10284, 230, 159),
(10285, 231, 159),
(10286, 232, 159),
(10287, 223, 159),
(10288, 228, 159),
(10289, 231, 107),
(10290, 232, 107),
(10291, 229, 162),
(10292, 231, 162),
(10293, 231, 163),
(10294, 231, 166),
(10295, 231, 167),
(10296, 231, 108),
(10297, 230, 108),
(10298, 230, 172),
(10299, 234, 172),
(10300, 228, 173),
(10301, 231, 173),
(10302, 232, 173),
(10303, 223, 173),
(10304, 231, 174),
(10305, 232, 174),
(10306, 223, 174),
(10307, 228, 174),
(10308, 229, 175),
(10309, 232, 175),
(10310, 230, 176),
(10311, 228, 111),
(10312, 229, 184),
(10313, 232, 184),
(10314, 230, 90),
(10315, 229, 186),
(10316, 228, 188),
(10317, 232, 188),
(10318, 232, 189),
(10319, 230, 121),
(10320, 234, 121),
(10321, 231, 122),
(10322, 234, 122),
(10323, 232, 192),
(10324, 229, 123),
(10325, 230, 195),
(10326, 230, 197),
(10327, 231, 197),
(10328, 232, 197),
(10329, 223, 197),
(10330, 228, 197),
(10331, 232, 200),
(10332, 230, 202),
(10333, 229, 131),
(10334, 230, 131),
(10335, 230, 132),
(10336, 231, 208),
(10337, 229, 133),
(10338, 232, 133),
(10339, 229, 210),
(10340, 230, 210),
(10341, 234, 210),
(10342, 223, 211),
(10343, 231, 211),
(10344, 231, 213),
(10345, 232, 213),
(10346, 230, 214),
(10347, 231, 214),
(10348, 232, 214),
(10349, 223, 214),
(10350, 231, 218),
(10351, 232, 219),
(10352, 230, 221),
(10353, 230, 223),
(10354, 234, 223),
(10355, 232, 229),
(10356, 228, 96),
(10357, 229, 232),
(10358, 231, 232),
(10359, 230, 233),
(10360, 234, 233),
(10361, 230, 236),
(10362, 234, 236),
(10363, 228, 239),
(10364, 230, 239),
(10365, 231, 239),
(10366, 232, 239),
(10367, 223, 239),
(10368, 228, 139),
(10369, 231, 139),
(10370, 223, 139),
(10371, 231, 242),
(10372, 229, 242),
(10373, 234, 242),
(10374, 228, 243),
(10375, 231, 244),
(10376, 229, 244),
(10377, 232, 245),
(10378, 230, 99),
(10379, 228, 247),
(10380, 230, 248),
(10381, 232, 248),
(10382, 232, 249),
(10383, 231, 144),
(10384, 228, 251),
(10385, 229, 101),
(10386, 229, 148),
(10387, 230, 148),
(10390, 235, 258),
(10392, 235, 260),
(10393, 235, 261),
(10394, 235, 262),
(10395, 235, 263),
(10397, 235, 265),
(10398, 235, 266),
(10399, 235, 267),
(10400, 235, 268),
(10401, 235, 269),
(10402, 235, 270),
(10403, 235, 271),
(10404, 235, 272),
(10405, 235, 273),
(10406, 235, 274),
(10407, 235, 275),
(10408, 235, 276),
(10409, 235, 277),
(10410, 235, 278),
(10411, 235, 279),
(10412, 235, 280),
(10413, 235, 281),
(10415, 236, 282),
(10416, 236, 283),
(10417, 236, 284),
(10418, 236, 285),
(10419, 236, 286),
(10420, 236, 287),
(10421, 236, 288),
(10422, 236, 289),
(10423, 236, 290),
(10424, 236, 291),
(10425, 236, 292),
(10426, 236, 293),
(10427, 236, 294),
(10428, 236, 295),
(10429, 236, 296),
(10430, 236, 297),
(10431, 236, 298),
(10432, 236, 299),
(10433, 236, 300),
(10434, 236, 301),
(10435, 236, 302),
(10436, 237, 303),
(10437, 237, 304),
(10438, 237, 305),
(10439, 237, 306),
(10440, 237, 307),
(10441, 237, 308),
(10442, 237, 309),
(10443, 237, 310),
(10444, 237, 311),
(10445, 237, 312),
(10446, 237, 313),
(10447, 237, 314),
(10448, 237, 315),
(10449, 238, 316),
(10450, 238, 317),
(10451, 238, 318),
(10453, 238, 319),
(10454, 238, 320),
(10455, 238, 321),
(10456, 238, 322),
(10457, 238, 323),
(10458, 238, 324),
(10459, 238, 325),
(10460, 238, 326),
(10461, 238, 327),
(10462, 238, 328),
(10463, 238, 329),
(10464, 238, 330),
(10465, 238, 331),
(10466, 238, 332),
(10467, 238, 333),
(10468, 238, 334),
(10469, 238, 335),
(10470, 238, 336),
(10471, 238, 337),
(10472, 238, 338),
(10473, 238, 339),
(10474, 238, 340),
(10475, 238, 341),
(10476, 238, 342),
(10477, 238, 343),
(10478, 238, 344),
(10479, 238, 345),
(10480, 238, 346),
(10481, 238, 347),
(10482, 238, 348),
(10483, 238, 349),
(10484, 238, 350),
(10485, 238, 351),
(10486, 238, 352),
(10487, 238, 353),
(10488, 238, 354),
(10489, 235, 264),
(10491, 235, 256),
(10493, 235, 259),
(10494, 235, 257);

-- --------------------------------------------------------

--
-- Table structure for table `nodeTags`
--

CREATE TABLE `nodeTags` (
  `id` int(11) NOT NULL AUTO_INCREMENT,
  `name` varchar(64) NOT NULL,
  PRIMARY KEY (`id`)
) ENGINE=InnoDB  DEFAULT CHARSET=utf8 AUTO_INCREMENT=239 ;

--
-- Dumping data for table `nodeTags`
--

INSERT INTO `nodeTags` (`id`, `name`) VALUES
(62, 'database'),
(63, 'fields'),
(64, 'heterogeneity of data'),
(65, 'homogeneity of data'),
(66, 'data aggregation'),
(67, 'standardization'),
(68, 'unification'),
(69, ''),
(70, 'open source'),
(71, 'crowd sourcing'),
(72, 'meaning in data'),
(73, 'localization'),
(74, 'language barriers'),
(75, 'open data'),
(76, 'gamification'),
(77, 'incentives'),
(78, 'communities'),
(79, 'security'),
(80, 'anonymization'),
(81, 'politics'),
(82, 'privacy'),
(83, 'heterogeneity of uses'),
(84, 'media'),
(85, 'barriers to entry'),
(86, 'patient privacy'),
(87, 'competitive advantage'),
(88, 'errors in data'),
(89, 'lack of common language'),
(90, 'control of data'),
(91, 'data quantity'),
(92, 'input'),
(93, 'data collection'),
(94, 'end users'),
(95, 'personal costs'),
(96, 'storage'),
(97, 'technology'),
(98, 'openness'),
(99, 'architecture'),
(100, 'safety'),
(101, 'privacy security safety'),
(102, 'data heterogeneity'),
(103, 'data interactivity'),
(104, 'tags'),
(105, 'meta-tags'),
(106, 'self-description'),
(107, 'metadata'),
(108, 'exchange'),
(109, 'market'),
(110, 'brokering'),
(111, 'value accrual'),
(112, 'analytics'),
(113, 'ease of use'),
(114, 'statistics'),
(115, 'children'),
(116, 'behavior'),
(117, 'web usage'),
(118, 'censorship'),
(119, 'filtering'),
(120, 'information accessibility'),
(121, 'government services'),
(122, 'geographical context'),
(123, 'context'),
(124, 'tool'),
(125, 'translation'),
(126, 'suggestion'),
(127, 'cross-polination'),
(128, 'interdisciplinary'),
(129, 'sensor'),
(130, 'access'),
(131, 'semantics'),
(132, 'standards'),
(133, 'schema'),
(134, 'scale'),
(135, 'cancer'),
(136, 'medicine'),
(137, 'extropy'),
(138, 'value'),
(139, 'risk'),
(140, 'trust'),
(141, 'liability'),
(142, 'confidential'),
(143, 'hardware'),
(144, 'sensors'),
(145, 'subscription models'),
(146, 'mobile connectivity'),
(147, 'service models'),
(148, 'legislation'),
(149, 'identity'),
(150, 'self-experimentation'),
(151, 'self-understanding'),
(152, 'play'),
(153, 'data policy'),
(154, 'tools'),
(155, 'compatability'),
(156, 'visualization usability design interaction software'),
(157, 'collection consistency software'),
(158, 'hardware software citizen science'),
(159, 'software design interaction'),
(160, 'trust privacy'),
(161, 'quality'),
(162, 'discovery'),
(163, 'matching'),
(164, 'search'),
(165, 'people'),
(166, 'number of people'),
(167, 'plasticity'),
(168, 'mutation'),
(169, 'data'),
(170, 'data sources'),
(171, 'inputs'),
(172, 'correlations'),
(173, 'indexing'),
(174, 'data cleaning'),
(175, 'data organizing'),
(176, 'pattern analysis'),
(177, 'visualization'),
(178, 'goal'),
(179, 'education'),
(180, 'health care'),
(181, 'data mining'),
(182, 'computing costs'),
(183, 'entrepreneurship'),
(184, 'real time data'),
(185, 'transparency'),
(186, 'accountability'),
(187, 'corporate data'),
(188, 'implications'),
(189, 'impacts of vibrant data'),
(190, 'cities'),
(191, 'transportation'),
(192, 'impact of vibrant data'),
(193, 'implication'),
(194, 'platforms'),
(195, 'data quality'),
(196, 'government data'),
(197, 'mobile devices'),
(198, 'africa'),
(199, 'feedback'),
(200, 'relevance'),
(201, 'implications of vibrant data'),
(202, 'computational power'),
(203, 'communication'),
(204, 'sharing'),
(205, 'unintended consequences'),
(206, 'data literacy'),
(207, 'social good'),
(208, 'real time'),
(209, 'collaboration'),
(210, 'user interface'),
(211, 'design'),
(212, 'connection'),
(218, 'store'),
(219, 'micro-entrepreneur'),
(220, 'economic opportunity'),
(223, 'general platform requirement'),
(224, 'store/organize analyze/discover'),
(225, 'citizen science'),
(226, 'sense'),
(227, 'negative consequences'),
(228, 'sense/create'),
(229, 'store/organize'),
(230, 'access/circulate'),
(231, 'analyze/discover'),
(232, 'act/collaborate'),
(233, 'derived value'),
(234, 'preventing negative consequences'),
(235, 'plant'),
(236, 'herbivore'),
(237, 'carnivore'),
(238, 'omnivore');

-- --------------------------------------------------------

--
-- Table structure for table `projects`
--

CREATE TABLE `projects` (
  `id` int(11) NOT NULL AUTO_INCREMENT,
  `name` varchar(64) NOT NULL,
  `url` varchar(64) NOT NULL,
  `description` text NOT NULL,
  `question` text NOT NULL,
  `numberOfIssuesPerParticipant` int(4) NOT NULL,
  `numberOfFromIssuesPerParticipant` int(4) NOT NULL,
  `projectState` tinyint(1) NOT NULL,
  `video_embed` text NOT NULL,
  `link_mapping_info` text NOT NULL,
  `video_embed_link_mapping` text NOT NULL,
  `admin_email` varchar(128) NOT NULL,
  `registration_message` text NOT NULL,
  PRIMARY KEY (`id`)
) ENGINE=InnoDB  DEFAULT CHARSET=utf8 AUTO_INCREMENT=12 ;

--
-- Dumping data for table `projects`
--

INSERT INTO `projects` (`id`, `name`, `url`, `description`, `question`, `numberOfIssuesPerParticipant`, `numberOfFromIssuesPerParticipant`, `projectState`, `video_embed`, `link_mapping_info`, `video_embed_link_mapping`, `admin_email`, `registration_message`) VALUES
(8, 'Vibrant Data Project', 'Vibrant-Data-Project', '<p><span>How can we make our personal data work for us and not against us? How can we enable global-scale &ldquo;Participatory Value Creation&rdquo; &nbsp;- where de-centralized, open access to data and the right tools help everyday people discover new meaning, new currencies, and new opportunity for creating value that wasn&rsquo;t there before &ndash; from micro-entrepreneurship to collective governance to human well-being?&nbsp; <br /></span></p>\n<p><span>The world is undergoing an explosion in the availability of digital data, a tremendous amount of it generated by technology users simply going about their daily lives.&nbsp; Much has been made about the degree to which corporations are&nbsp;<a href="http://www.fastcompany.com/magazine/160/tech-wars-2012-amazon-apple-google-facebook"><span>battling for control</span></a>&nbsp;of this ever-growing data-sphere. But this explosion has also created the opportunity for a more participatory approach to value creation, one not dominated by consumerism and big corporations. People are bringing tremendous entrepreneurial energy, and a renewed sense of community, to the use of their of personal assets (<a href="http://www.airbnb.com/"><span>AirBnb</span></a>;&nbsp;<a href="http://www.thredup.com/"><span>ThredUp</span></a>;&nbsp;<a href="http://www.parkatmyhouse.com/uk/"><span>Parkatmyhouse</span></a>); their skills and knowledge (<a href="http://www.quirky.com/"><span>Quirky</span></a>;&nbsp;<a href="http://www.thingiverse.com/"><span>Thingiverse</span></a>;&nbsp;<a href="http://www.udemy.com/"><span>Udemy</span></a>) and, most relevant, their personal data (<a href="https://pachube.com/"><span>Pachube</span></a>;&nbsp;<a href="http://www.patientslikeme.com/"><span>PatientsLikeMe</span></a>;&nbsp;<a href="http://www.quantifiedself.com/"><span>Quantified Self</span></a>).&nbsp;</span></p>\n<p><span>How can we enable massive expansion of these developments by lowering the barriers to entry and enabling more people to be creative without having to re-create the basic tools for finding new meaning and new opportunities for value creation?</span></p>\n<p><span>Are we talking about &ldquo;<a href="http://www.plosbiology.org/article/info:doi/10.1371/journal.pbio.1001195"><span>Open Data</span></a>&rdquo;? Not exactly. Most open data discussions do not address how individuals might selectively control the sharing of data for their own benefit. Are we talking about &ldquo;<a href="http://www.mckinsey.com/Insights/MGI/Research/Technology_and_Innovation/Big_data_The_next_frontier_for_innovation"><span>Big Data</span></a>&rdquo;? Not exactly. Although we are interested in how Big Data tools might be adapted to fit the needs of individuals and communities.&nbsp; Are we talking about&nbsp;<a href="http://www.collaborativeconsumption.com/the-movement/snapshot-of-examples.php"><span>Collaborative Consumption</span></a>? Yes, but somewhat more specific to the context of digital data creation and use.&nbsp;</span></p>\n<p><span>What shapes how people assume control of their personal data, and share it with others? How can ordinary people easily find meaning in large data sets? How are issues of data quality and personal security balanced against openness and fluidity? How can relatively lesser skilled individuals discover new pathways to value? What are the best ways to assign and accrue value to participants?</span></p>\n<div><span><br /></span></div>', '<p><span>Currently, most personal data is gathered by large institutions and corporations who keep it for their own purposes. We are interested in creating the capability for a much more decentralized approach &ndash; where individuals retain more control over their personal data, collaboratively discover its value and directly benefit from it. We would like your help in understanding how to make that possibility a reality.</span></p>\n<p>&nbsp;</p>\n<p><strong>What are 3-10 critical issues that either enable or constrain this decentralization of data control, use, and transformation into value?</strong></p>', 10, 3, 3, '<iframe src="http://player.vimeo.com/video/37546912?title=0&byline=0&portrait=0&color=588A9E&autoplay=1" width="800" height="450" frameborder="0" webkitAllowFullScreen mozallowfullscreen allowFullScreen></iframe>', '<div><strong>PART 1</strong></div>\n<div>&nbsp;</div>\n<div>HI! THANKS FOR HELPING US MAP THE INTERCONNECTED CHALLENGES TO DEMOCRATIZING DATA.</div>\n<div>&nbsp;</div>\n<div>OUR GOAL is to enrich, diversify, and democratize the value created from the ecosystem of data that start and ends with us.&nbsp;Through input from a variety of experts, we have identified a core list of ~100 critical ''challenges'' (jobs that need to be done, problems that need solving, fundamental goals, and other ''moving parts'') that are essential for making our personal data work for us and not against us so that everyday people can benefit from the explosion of data about ourselves and our world. &nbsp;</div>\n<div>&nbsp;</div>\n<div>IN THIS PHASE you will help us map how each of these ''challenges'' directly influence each other.&nbsp;</div>\n<div>If one challenge is solved, is another one also solved? or does it get worse?</div>\n<div>&nbsp;</div>\n<div>From the network structure of this influence map, we are identifying a core hub of ''Grand Challenges'' that merit special creative attention for solving this bigger problem. You can see our first results based on input from about 50 experts on WeTheData.org</div>\n<div>&nbsp;</div>\n<div>WE REALIZE this is work, so we tried to make it as easy as possible. (We''re working on making it fun!).</div>\n<div>Please anticipate spending a couple hours to complete - we deeply appreciate every minute of your time.</div>\n<div>&nbsp;</div>\n<div>WE WILL SHARE the results of this effort with you. We hope it will provide valuable insights that will empower you to empower a Vibrant Data revolution.</div>\n<div>&nbsp;</div>\n<div><strong>PART 2</strong></div>\n<div>&nbsp;</div>\n<div>HOW TO DO IT</div>\n<div>\n<div>&nbsp;</div>\n<ol>\n<li>SELECT a focal set of 10 issues that you will map all ''outgoing'' and ''incoming'' links to/from all other issues</li>\n<li>DRAW LINKS between any pair of issues (e.g., A and B) where a change in one causes a direct meaningful change in the other.\n<ul>\n<li>if a change in A causes a change in B, draw a link FROM A to B</li>\n<li>if a change in B causes a change in A, draw the reverse link FROM B to A.</li>\n<li>if A and B influence each other, draw a two way link.</li>\n</ul>\n</li>\n<li>GIVE EACH LINK A SIGN<br />\n<ul>\n<li>If an&nbsp;*increase* in A causes an *increase* in B, then they are positively correlated.&nbsp;<strong>(&uarr;)</strong></li>\n<li>If&nbsp;an *increase* in A causes a *decrease* in B, click they are negatively correlated.&nbsp;<strong>(&darr;)</strong></li>\n<li><strong></strong>(NOTE - most issues are phrased in such a way that ''increase'' = ''improvement'', but some are ambiguous)</li>\n</ul>\n</li>\n<li>ADD COMMENTS (OPTIONAL): If a link is strong but it strongly depends on something else, don''t hesitate to briefly describe why in the comments field!</li>\n<li>REPEAT for all the focal issues on your list</li>\n<li>You can always go back and edit links. Click the check box on each issue when it is complete.</li>\n</ol></div>\n<div>&nbsp;</div>\n<div>TIPS</div>\n<ul>\n<li>go with your gut, don''t over-think</li>\n<li>focus on direct influences that are stronger than average and relatively certain</li>\n<li>the quicker the better</li>\n</ul>\n<p><em><br /></em></p>', '<iframe src="http://player.vimeo.com/video/41297596?title=0&byline=0&portrait=0&color=588A9E&autoplay=1" width="800" height="450" frameborder="0" webkitAllowFullScreen mozallowfullscreen allowFullScreen></iframe>', 'sundev@brainvise.com', '<p>A message about registration.</p>'),
(9, 'WebOfLife', 'WebOfLife', '', '<p>How can we harness collective expertise on species interactions in real systems?</p>', 0, 10, 2, '', '', '', 'sundev@brainvise.com', ''),
(11, 'a new project', 'a-new-project', '<p>This is what it''s about.</p>', '<p>What is this?</p>', 10, 0, 1, '', '<p>Draw some links.</p>', '', '', '');

-- --------------------------------------------------------

--
-- Table structure for table `projectsIssueTags`
--

CREATE TABLE `projectsIssueTags` (
  `id` int(11) NOT NULL AUTO_INCREMENT,
  `tagId` int(11) NOT NULL,
  `projectId` int(11) NOT NULL,
  PRIMARY KEY (`id`),
  KEY `tagId` (`tagId`),
  KEY `projectId` (`projectId`)
) ENGINE=InnoDB  DEFAULT CHARSET=utf8 AUTO_INCREMENT=560 ;

--
-- Dumping data for table `projectsIssueTags`
--

INSERT INTO `projectsIssueTags` (`id`, `tagId`, `projectId`) VALUES
(292, 218, 11),
(293, 219, 11),
(536, 58, 8),
(537, 59, 8),
(538, 60, 8),
(539, 61, 8),
(540, 62, 8),
(541, 63, 8),
(542, 64, 8),
(543, 65, 8),
(544, 81, 8),
(545, 67, 8),
(546, 68, 8),
(547, 69, 8),
(548, 70, 8),
(549, 71, 8),
(550, 72, 8),
(551, 73, 8),
(552, 74, 8),
(553, 75, 8),
(554, 76, 8),
(555, 77, 8),
(556, 78, 8),
(557, 79, 8),
(559, 57, 9);

-- --------------------------------------------------------

--
-- Table structure for table `projectStates`
--

CREATE TABLE `projectStates` (
  `id` int(11) NOT NULL AUTO_INCREMENT,
  `name` varchar(64) NOT NULL,
  `link` varchar(64) NOT NULL,
  PRIMARY KEY (`id`)
) ENGINE=InnoDB  DEFAULT CHARSET=utf8 AUTO_INCREMENT=4 ;

--
-- Dumping data for table `projectStates`
--

INSERT INTO `projectStates` (`id`, `name`, `link`) VALUES
(1, 'Node Submission', 'issues/listing_instructions'),
(2, 'Node List Curation', 'issues/curation'),
(3, 'Remote Link Mapping', 'links/mapping');

-- --------------------------------------------------------

--
-- Table structure for table `userDeletedToNodes`
--

CREATE TABLE `userDeletedToNodes` (
  `id` int(11) NOT NULL AUTO_INCREMENT,
  `userId` int(11) NOT NULL,
  `projectId` int(11) NOT NULL,
  `nodeId` int(11) NOT NULL,
  PRIMARY KEY (`id`),
  KEY `projectId` (`projectId`)
) ENGINE=InnoDB  DEFAULT CHARSET=utf8 AUTO_INCREMENT=10 ;

--
-- Dumping data for table `userDeletedToNodes`
--

INSERT INTO `userDeletedToNodes` (`id`, `userId`, `projectId`, `nodeId`) VALUES
(1, 74, 8, 90),
(2, 111, 8, 123),
(3, 111, 8, 190),
(4, 111, 8, 244),
(5, 111, 8, 232),
(6, 111, 8, 236),
(7, 112, 8, 90),
(8, 112, 8, 111),
(9, 112, 8, 232);

-- --------------------------------------------------------

--
-- Table structure for table `userLinks`
--

CREATE TABLE `userLinks` (
  `id` int(11) NOT NULL AUTO_INCREMENT,
  `projectId` int(11) NOT NULL,
  `userId` int(11) NOT NULL,
  `issueFromId` int(11) NOT NULL,
  `issueToId` int(11) NOT NULL,
  `comment` text NOT NULL,
  `sign` tinyint(1) NOT NULL DEFAULT '-9',
  `modified` datetime NOT NULL,
  `num_observers` int(2) NOT NULL DEFAULT '1',
  `tot_observers` int(2) NOT NULL DEFAULT '1',
  PRIMARY KEY (`id`),
  KEY `projectId` (`projectId`),
  KEY `userId` (`userId`)
) ENGINE=InnoDB  DEFAULT CHARSET=utf8 AUTO_INCREMENT=7807 ;

--
-- Dumping data for table `userLinks`
--

INSERT INTO `userLinks` (`id`, `projectId`, `userId`, `issueFromId`, `issueToId`, `comment`, `sign`, `modified`, `num_observers`, `tot_observers`) VALUES
(2, 8, 22, 81, 123, '', -1, '2012-04-30 04:08:33', 1, 1),
(25, 8, 48, 81, 163, '', 1, '2012-04-30 07:23:41', 1, 1),
(26, 8, 48, 96, 163, '', 1, '2012-04-30 07:23:51', 1, 1),
(27, 8, 48, 99, 163, '', 1, '2012-04-30 07:24:00', 1, 1),
(28, 8, 48, 102, 163, '', 1, '2012-04-30 07:24:13', 1, 1),
(29, 8, 48, 163, 104, '', 1, '2012-04-30 07:24:23', 1, 1),
(30, 8, 48, 104, 163, '', 1, '2012-04-30 07:24:24', 1, 1),
(31, 8, 48, 108, 163, '', 1, '2012-04-30 07:24:40', 1, 1),
(32, 8, 48, 163, 121, '', 1, '2012-04-30 07:25:04', 1, 1),
(33, 8, 48, 121, 163, '', 1, '2012-04-30 07:25:02', 1, 1),
(34, 8, 48, 122, 163, '', 1, '2012-04-30 07:25:13', 1, 1),
(35, 8, 48, 123, 163, '', 1, '2012-04-30 07:25:19', 1, 1),
(36, 8, 48, 131, 163, '', 1, '2012-04-30 07:25:26', 1, 1),
(37, 8, 48, 163, 132, '', 1, '2012-04-30 07:25:34', 1, 1),
(38, 8, 48, 132, 163, '', 1, '2012-04-30 07:25:36', 1, 1),
(40, 8, 48, 163, 156, '', 1, '2012-04-30 07:26:27', 1, 1),
(41, 8, 48, 156, 163, '', 1, '2012-04-30 07:26:29', 1, 1),
(42, 8, 48, 166, 163, '', 1, '2012-04-30 07:26:45', 1, 1),
(43, 8, 48, 167, 163, '', 1, '2012-04-30 07:26:52', 1, 1),
(44, 8, 48, 169, 163, '', 1, '2012-04-30 07:27:00', 1, 1),
(45, 8, 48, 163, 172, '', 1, '2012-04-30 07:27:06', 1, 1),
(46, 8, 48, 172, 163, '', 1, '2012-04-30 07:27:08', 1, 1),
(47, 8, 48, 173, 163, '', -1, '2012-04-30 07:27:32', 1, 1),
(50, 8, 48, 176, 163, '', 1, '2012-04-30 07:27:58', 1, 1),
(51, 8, 48, 163, 185, '', 1, '2012-04-30 07:28:45', 1, 1),
(52, 8, 48, 202, 163, '', 1, '2012-04-30 07:29:25', 1, 1),
(53, 8, 48, 205, 163, '', 1, '2012-04-30 07:29:32', 1, 1),
(54, 8, 48, 208, 163, '', 1, '2012-04-30 07:29:38', 1, 1),
(55, 8, 48, 210, 163, '', -1, '2012-04-30 07:30:05', 1, 1),
(56, 8, 48, 163, 213, '', 1, '2012-04-30 07:30:18', 1, 1),
(58, 8, 48, 163, 218, '', 1, '2012-04-30 07:30:51', 1, 1),
(59, 8, 48, 251, 163, '', 1, '2012-04-30 07:31:27', 1, 1),
(60, 8, 48, 248, 163, '', 1, '2012-04-30 07:31:41', 1, 1),
(61, 8, 48, 247, 163, '', 1, '2012-04-30 07:31:48', 1, 1),
(62, 8, 48, 163, 246, '', 1, '2012-04-30 07:32:07', 1, 1),
(63, 8, 48, 246, 163, '', 1, '2012-04-30 07:32:06', 1, 1),
(64, 8, 48, 243, 163, '', 1, '2012-04-30 07:32:22', 1, 1),
(65, 8, 48, 232, 163, '', 1, '2012-04-30 07:32:42', 1, 1),
(66, 8, 48, 221, 163, '', 1, '2012-04-30 07:32:55', 1, 1),
(67, 8, 48, 101, 191, '', 1, '2012-04-30 07:39:51', 1, 1),
(69, 8, 48, 191, 121, '', 1, '2012-04-30 07:40:19', 1, 1),
(70, 8, 48, 121, 191, '', 1, '2012-04-30 07:40:21', 1, 1),
(71, 8, 48, 144, 191, '', 1, '2012-04-30 07:40:47', 1, 1),
(72, 8, 47, 81, 132, '', -9, '0000-00-00 00:00:00', 1, 1),
(73, 8, 48, 162, 191, '', 1, '2012-04-30 07:41:15', 1, 1),
(74, 8, 48, 191, 172, '', 1, '2012-04-30 07:41:35', 1, 1),
(75, 8, 48, 172, 191, '', 1, '2012-04-30 07:41:36', 1, 1),
(76, 8, 48, 175, 191, '', 1, '2012-04-30 07:41:46', 1, 1),
(77, 8, 48, 184, 191, '', 1, '2012-04-30 07:42:02', 1, 1),
(78, 8, 48, 186, 191, '', 1, '2012-04-30 07:42:07', 1, 1),
(79, 8, 48, 192, 191, '', 1, '2012-04-30 07:42:24', 1, 1),
(80, 8, 48, 193, 191, '', 1, '2012-04-30 07:42:30', 1, 1),
(81, 8, 48, 202, 191, '', 1, '2012-04-30 07:42:41', 1, 1),
(82, 8, 48, 203, 191, '', 1, '2012-04-30 07:42:59', 1, 1),
(83, 8, 48, 205, 191, '', 1, '2012-04-30 07:43:00', 1, 1),
(85, 8, 48, 223, 191, '', -1, '2012-04-30 07:43:35', 1, 1),
(86, 8, 48, 230, 191, '', 1, '2012-04-30 07:43:53', 1, 1),
(87, 8, 48, 191, 246, '', 1, '2012-04-30 07:44:19', 1, 1),
(88, 8, 48, 246, 191, '', 1, '2012-04-30 07:44:20', 1, 1),
(89, 8, 48, 191, 249, '', 1, '2012-04-30 07:44:30', 1, 1),
(90, 8, 48, 249, 191, '', 1, '2012-04-30 07:44:31', 1, 1),
(91, 8, 48, 191, 250, '', 1, '2012-04-30 07:44:36', 1, 1),
(92, 8, 48, 250, 191, '', 1, '2012-04-30 07:44:37', 1, 1),
(93, 8, 48, 209, 86, '', 1, '2012-04-30 09:28:23', 1, 1),
(94, 8, 48, 86, 209, '', 1, '2012-04-30 09:28:25', 1, 1),
(95, 8, 48, 122, 209, '', 1, '2012-04-30 09:31:50', 1, 1),
(96, 8, 48, 133, 209, '', 1, '2012-04-30 09:32:02', 1, 1),
(97, 8, 48, 134, 209, '', 1, '2012-04-30 09:32:09', 1, 1),
(98, 8, 48, 209, 156, '', 1, '2012-04-30 09:32:40', 1, 1),
(99, 8, 48, 156, 209, '', 1, '2012-04-30 09:32:42', 1, 1),
(100, 8, 48, 175, 209, '', 1, '2012-04-30 09:33:08', 1, 1),
(101, 8, 48, 186, 209, '', 1, '2012-04-30 09:33:20', 1, 1),
(102, 8, 48, 209, 191, '', 1, '2012-04-30 09:33:40', 1, 1),
(103, 8, 48, 191, 209, '', 1, '2012-04-30 09:33:41', 1, 1),
(104, 8, 48, 209, 223, '', 1, '2012-04-30 09:49:09', 1, 1),
(105, 8, 48, 223, 209, '', 1, '2012-04-30 09:49:11', 1, 1),
(106, 8, 48, 209, 229, '', 1, '2012-04-30 09:49:23', 1, 1),
(107, 8, 48, 229, 209, '', 1, '2012-04-30 09:49:24', 1, 1),
(108, 8, 48, 230, 209, '', 1, '2012-04-30 09:49:33', 1, 1),
(110, 8, 48, 233, 209, '', 1, '2012-04-30 09:49:56', 1, 1),
(111, 8, 48, 209, 242, '', 1, '2012-04-30 09:50:08', 1, 1),
(112, 8, 48, 242, 209, '', 1, '2012-04-30 09:50:09', 1, 1),
(113, 8, 48, 250, 209, '', 1, '2012-04-30 09:50:38', 1, 1),
(114, 8, 49, 96, 81, '', -9, '0000-00-00 00:00:00', 1, 1),
(115, 8, 49, 81, 96, '', -9, '0000-00-00 00:00:00', 1, 1),
(118, 8, 49, 85, 96, '', 1, '2012-04-30 14:01:39', 1, 1),
(119, 8, 48, 213, 90, '', 1, '2012-04-30 14:57:21', 1, 1),
(120, 8, 48, 90, 213, '', 1, '2012-04-30 14:57:22', 1, 1),
(121, 8, 48, 99, 213, '', 1, '2012-04-30 14:57:31', 1, 1),
(122, 8, 48, 108, 213, '', 1, '2012-04-30 14:57:47', 1, 1),
(123, 8, 48, 123, 213, '', 1, '2012-04-30 14:58:14', 1, 1),
(124, 8, 48, 131, 213, '', 1, '2012-04-30 14:58:22', 1, 1),
(125, 8, 48, 132, 213, '', 1, '2012-04-30 14:58:25', 1, 1),
(126, 8, 48, 133, 213, '', 1, '2012-04-30 14:58:33', 1, 1),
(127, 8, 48, 134, 213, '', 1, '2012-04-30 14:58:35', 1, 1),
(128, 8, 48, 173, 213, '', -1, '2012-04-30 14:59:21', 1, 1),
(129, 8, 48, 213, 175, '', 1, '2012-04-30 14:59:34', 1, 1),
(130, 8, 48, 175, 213, '', 1, '2012-04-30 14:59:35', 1, 1),
(131, 8, 48, 184, 213, '', 1, '2012-04-30 14:59:46', 1, 1),
(132, 8, 48, 188, 213, '', 1, '2012-04-30 15:00:03', 1, 1),
(133, 8, 48, 190, 213, '', 1, '2012-04-30 15:00:08', 1, 1),
(135, 8, 48, 213, 192, '', 1, '2012-04-30 15:00:17', 1, 1),
(136, 8, 48, 192, 213, '', 1, '2012-04-30 15:00:18', 1, 1),
(137, 8, 48, 213, 200, '', 1, '2012-04-30 15:00:33', 1, 1),
(138, 8, 48, 200, 213, '', 1, '2012-04-30 15:00:34', 1, 1),
(139, 8, 48, 202, 213, '', 1, '2012-04-30 15:00:39', 1, 1),
(140, 8, 48, 208, 213, '', 1, '2012-04-30 15:00:50', 1, 1),
(141, 8, 48, 210, 213, '', -1, '2012-04-30 15:01:04', 1, 1),
(142, 8, 48, 232, 213, '', 1, '2012-04-30 15:01:26', 1, 1),
(143, 8, 48, 239, 213, '', 1, '2012-04-30 15:01:35', 1, 1),
(144, 8, 48, 242, 213, '', 1, '2012-04-30 15:01:43', 1, 1),
(145, 8, 48, 213, 244, '', 1, '2012-04-30 15:02:04', 1, 1),
(146, 8, 48, 244, 213, '', 1, '2012-04-30 15:02:05', 1, 1),
(147, 8, 48, 213, 245, '', 1, '2012-04-30 15:02:11', 1, 1),
(148, 8, 48, 245, 213, '', 1, '2012-04-30 15:02:13', 1, 1),
(149, 8, 48, 213, 248, '', 1, '2012-04-30 15:02:27', 1, 1),
(150, 8, 48, 248, 213, '', 1, '2012-04-30 15:02:28', 1, 1),
(151, 8, 48, 254, 213, '', 1, '2012-04-30 15:02:43', 1, 1),
(152, 8, 48, 213, 252, '', 1, '2012-04-30 15:02:49', 1, 1),
(153, 8, 48, 218, 86, '', 1, '2012-04-30 21:49:41', 1, 1),
(154, 8, 48, 86, 218, '', 1, '2012-04-30 21:49:42', 1, 1),
(155, 8, 48, 102, 218, '', -1, '2012-04-30 21:50:03', 1, 1),
(156, 8, 48, 108, 218, '', 1, '2012-04-30 21:50:18', 1, 1),
(157, 8, 48, 138, 218, '', 1, '2012-04-30 21:50:47', 1, 1),
(158, 8, 48, 218, 166, '', 1, '2012-04-30 21:51:24', 1, 1),
(159, 8, 48, 166, 218, '', 1, '2012-04-30 21:51:25', 1, 1),
(160, 8, 48, 169, 218, '', 1, '2012-04-30 21:51:35', 1, 1),
(161, 8, 48, 181, 218, '', 1, '2012-04-30 21:51:52', 1, 1),
(162, 8, 48, 202, 218, '', 1, '2012-04-30 21:52:29', 1, 1),
(163, 8, 48, 230, 218, '', 1, '2012-04-30 21:52:55', 1, 1),
(164, 8, 48, 250, 218, '', 1, '2012-04-30 21:53:25', 1, 1),
(165, 8, 48, 218, 252, '', 1, '2012-04-30 21:54:08', 1, 1),
(166, 8, 48, 99, 232, '', 1, '2012-04-30 22:07:16', 1, 1),
(167, 8, 48, 101, 232, '', 1, '2012-04-30 22:37:30', 1, 1),
(168, 8, 48, 108, 232, '', 1, '2012-04-30 22:37:45', 1, 1),
(169, 8, 48, 122, 232, '', 1, '2012-04-30 22:37:57', 1, 1),
(170, 8, 48, 123, 232, '', 1, '2012-04-30 22:38:03', 1, 1),
(172, 8, 48, 232, 133, '', 1, '2012-04-30 22:38:19', 1, 1),
(173, 8, 48, 133, 232, '', 1, '2012-04-30 22:38:21', 1, 1),
(174, 8, 48, 232, 161, '', 1, '2012-04-30 22:38:53', 1, 1),
(176, 8, 48, 232, 166, '', 1, '2012-04-30 22:39:06', 1, 1),
(177, 8, 48, 232, 175, '', 1, '2012-04-30 22:39:20', 1, 1),
(178, 8, 48, 232, 186, '', 1, '2012-04-30 22:39:30', 1, 1),
(179, 8, 48, 232, 233, '', 1, '2012-04-30 22:40:12', 1, 1),
(180, 8, 48, 232, 236, '', 1, '2012-04-30 22:40:15', 1, 1),
(181, 8, 48, 232, 242, '', 1, '2012-04-30 22:40:25', 1, 1),
(182, 8, 48, 81, 242, '', 1, '2012-05-01 06:10:45', 1, 1),
(183, 8, 48, 99, 242, '', 1, '2012-05-01 06:14:14', 1, 1),
(184, 8, 48, 242, 101, '', 1, '2012-05-01 06:14:22', 1, 1),
(185, 8, 48, 102, 242, '', 1, '2012-05-01 06:14:39', 1, 1),
(186, 8, 48, 121, 242, '', 1, '2012-05-01 06:15:30', 1, 1),
(187, 8, 48, 122, 242, '', 1, '2012-05-01 06:15:35', 1, 1),
(188, 8, 48, 132, 242, '', 1, '2012-05-01 06:15:45', 1, 1),
(189, 8, 48, 133, 242, '', 1, '2012-05-01 06:16:09', 1, 1),
(190, 8, 48, 134, 242, '', 1, '2012-05-01 06:16:13', 1, 1),
(191, 8, 48, 242, 162, '', 1, '2012-05-01 06:16:45', 1, 1),
(192, 8, 48, 172, 242, '', 1, '2012-05-01 06:17:01', 1, 1),
(193, 8, 48, 242, 184, '', 1, '2012-05-01 06:17:26', 1, 1),
(194, 8, 48, 184, 242, '', 1, '2012-05-01 06:17:27', 1, 1),
(195, 8, 48, 242, 186, '', 1, '2012-05-01 06:17:45', 1, 1),
(196, 8, 48, 186, 242, '', 1, '2012-05-01 06:17:46', 1, 1),
(197, 8, 48, 223, 242, '', -1, '2012-05-01 06:18:43', 1, 1),
(198, 8, 48, 243, 242, '', -1, '2012-05-01 06:19:01', 1, 1),
(200, 8, 48, 242, 246, '', 1, '2012-05-01 06:19:26', 1, 1),
(201, 8, 48, 246, 242, '', 1, '2012-05-01 06:19:27', 1, 1),
(202, 8, 53, 85, 142, '', 1, '2012-05-01 11:09:16', 1, 1),
(204, 8, 53, 142, 96, '', 1, '2012-05-07 15:55:32', 1, 1),
(205, 8, 53, 96, 142, '', 1, '2012-05-01 11:10:15', 1, 1),
(206, 8, 53, 142, 99, '', 1, '2012-05-01 11:10:14', 1, 1),
(207, 8, 53, 99, 142, '', 1, '2012-05-01 11:10:19', 1, 1),
(208, 8, 53, 102, 142, '', 1, '2012-05-01 11:10:24', 1, 1),
(209, 8, 53, 104, 142, '', 1, '2012-05-01 11:11:52', 1, 1),
(210, 8, 53, 107, 142, '', 1, '2012-05-01 11:12:00', 1, 1),
(211, 8, 53, 108, 142, '', 1, '2012-05-01 11:12:11', 1, 1),
(212, 8, 53, 111, 142, 'Maybe', 1, '2012-05-01 11:12:20', 1, 1),
(213, 8, 53, 123, 142, '', 1, '2012-05-01 11:14:08', 1, 1),
(214, 8, 53, 131, 142, '', 1, '2012-05-01 11:14:11', 1, 1),
(217, 8, 53, 133, 142, '', 1, '2012-05-01 11:14:22', 1, 1),
(218, 8, 53, 138, 142, '', 1, '2012-05-01 11:14:33', 1, 1),
(219, 8, 53, 149, 142, '', 1, '2012-05-01 11:15:21', 1, 1),
(220, 8, 53, 159, 142, '', 1, '2012-05-01 11:15:32', 1, 1),
(221, 8, 53, 166, 142, '', 1, '2012-05-01 11:15:48', 1, 1),
(223, 8, 53, 169, 142, '', -1, '2012-05-01 11:16:07', 1, 1),
(224, 8, 53, 176, 142, '', 1, '2012-05-01 11:16:58', 1, 1),
(225, 8, 53, 181, 142, '', 1, '2012-05-01 11:17:05', 1, 1),
(226, 8, 53, 188, 142, '', 1, '2012-05-01 11:17:27', 1, 1),
(227, 8, 53, 189, 142, '', 1, '2012-05-01 11:17:39', 1, 1),
(228, 8, 53, 190, 142, '', 1, '2012-05-01 11:17:48', 1, 1),
(229, 8, 53, 192, 142, '', 1, '2012-05-01 11:18:32', 1, 1),
(231, 8, 53, 210, 142, '', -1, '2012-05-01 11:19:32', 1, 1),
(232, 8, 53, 214, 142, '', 1, '2012-05-01 11:19:48', 1, 1),
(233, 8, 53, 218, 142, '', 1, '2012-05-01 11:19:56', 1, 1),
(234, 8, 53, 219, 142, '', 1, '2012-05-01 11:20:04', 1, 1),
(235, 8, 53, 221, 142, '', 1, '2012-05-01 11:20:06', 1, 1),
(236, 8, 53, 229, 142, '', 1, '2012-05-01 11:20:20', 1, 1),
(237, 8, 53, 241, 142, '', 1, '2012-05-01 11:20:45', 1, 1),
(238, 8, 53, 243, 142, '', 1, '2012-05-01 11:21:00', 1, 1),
(239, 8, 53, 245, 142, '', 1, '2012-05-01 11:21:46', 1, 1),
(240, 8, 53, 246, 142, '', 1, '2012-05-01 11:21:51', 1, 1),
(241, 8, 53, 247, 142, '', 1, '2012-05-07 15:55:47', 1, 1),
(242, 8, 53, 248, 142, '', 1, '2012-05-01 11:22:14', 1, 1),
(243, 8, 53, 249, 142, '', 1, '2012-05-01 11:22:31', 1, 1),
(244, 8, 53, 251, 142, '', 1, '2012-05-01 11:22:37', 1, 1),
(245, 8, 53, 254, 142, '', 1, '2012-05-01 11:22:48', 1, 1),
(249, 8, 50, 81, 229, '', -9, '0000-00-00 00:00:00', 1, 1),
(253, 8, 52, 169, 254, '', 1, '2012-05-02 04:10:01', 1, 1),
(254, 8, 52, 254, 169, '', 1, '2012-05-02 04:10:07', 1, 1),
(255, 8, 52, 169, 253, '', 1, '2012-05-02 04:10:22', 1, 1),
(256, 8, 52, 253, 169, '', 1, '2012-05-02 04:10:24', 1, 1),
(257, 8, 52, 169, 252, '', 1, '2012-05-02 04:10:29', 1, 1),
(258, 8, 52, 252, 169, '', 1, '2012-05-02 04:10:30', 1, 1),
(261, 8, 52, 169, 249, '', 1, '2012-05-02 04:11:25', 1, 1),
(262, 8, 52, 249, 169, '', 1, '2012-05-02 04:11:26', 1, 1),
(263, 8, 52, 169, 248, '', 1, '2012-05-02 04:11:39', 1, 1),
(264, 8, 52, 248, 169, '', 1, '2012-05-02 04:11:47', 1, 1),
(265, 8, 52, 169, 247, '', 1, '2012-05-02 04:11:54', 1, 1),
(266, 8, 52, 247, 169, '', 1, '2012-05-02 04:11:55', 1, 1),
(269, 8, 52, 169, 246, '', 1, '2012-05-02 04:12:23', 1, 1),
(270, 8, 52, 169, 245, '', 1, '2012-05-02 04:12:35', 1, 1),
(271, 8, 52, 169, 244, '', 1, '2012-05-02 04:12:46', 1, 1),
(272, 8, 52, 169, 243, '', 1, '2012-05-02 04:13:19', 1, 1),
(273, 8, 52, 243, 169, '', -1, '2012-05-02 04:13:21', 1, 1),
(274, 8, 52, 169, 242, '', 1, '2012-05-02 04:13:32', 1, 1),
(275, 8, 52, 169, 241, '', 1, '2012-05-02 04:13:54', 1, 1),
(276, 8, 52, 169, 239, '', 1, '2012-05-02 04:14:08', 1, 1),
(277, 8, 52, 169, 227, '', 1, '2012-05-02 04:14:50', 1, 1),
(278, 8, 52, 169, 221, '', 1, '2012-05-02 04:15:00', 1, 1),
(279, 8, 52, 169, 218, '', 1, '2012-05-02 04:15:14', 1, 1),
(280, 8, 52, 169, 213, '', 1, '2012-05-02 04:15:25', 1, 1),
(282, 8, 52, 169, 203, '', 1, '2012-05-02 04:16:04', 1, 1),
(283, 8, 52, 202, 169, '', 1, '2012-05-02 04:16:22', 1, 1),
(284, 8, 52, 169, 200, '', 1, '2012-05-02 04:16:36', 1, 1),
(285, 8, 52, 200, 169, '', 1, '2012-05-02 04:16:38', 1, 1),
(286, 8, 52, 195, 169, '', 1, '2012-05-02 04:17:03', 1, 1),
(290, 8, 52, 190, 169, '', 1, '2012-05-02 04:17:42', 1, 1),
(291, 8, 52, 189, 169, '', 1, '2012-05-02 04:18:13', 1, 1),
(292, 8, 52, 188, 169, '', 1, '2012-05-02 04:18:09', 1, 1),
(293, 8, 52, 186, 169, '', 1, '2012-05-02 04:18:15', 1, 1),
(294, 8, 52, 184, 169, '', 1, '2012-05-02 04:18:38', 1, 1),
(295, 8, 52, 169, 181, '', 1, '2012-05-02 04:18:56', 1, 1),
(296, 8, 52, 181, 169, '', 1, '2012-05-02 04:18:57', 1, 1),
(297, 8, 52, 176, 169, '', 1, '2012-05-02 04:19:08', 1, 1),
(298, 8, 52, 175, 169, '', 1, '2012-05-02 04:19:24', 1, 1),
(299, 8, 52, 174, 169, '', 1, '2012-05-02 04:19:31', 1, 1),
(302, 8, 52, 172, 169, '', 1, '2012-05-02 04:20:03', 1, 1),
(303, 8, 52, 167, 169, '', 1, '2012-05-02 04:20:10', 1, 1),
(304, 8, 52, 169, 166, '', 1, '2012-05-02 04:20:25', 1, 1),
(305, 8, 52, 169, 163, '', 1, '2012-05-02 04:20:38', 1, 1),
(306, 8, 52, 169, 161, '', 1, '2012-05-02 04:20:53', 1, 1),
(307, 8, 52, 161, 169, '', 1, '2012-05-02 04:20:55', 1, 1),
(308, 8, 52, 159, 169, '', 1, '2012-05-02 04:21:03', 1, 1),
(309, 8, 52, 156, 169, '', 1, '2012-05-02 04:21:16', 1, 1),
(310, 8, 52, 148, 169, '', 1, '2012-05-02 04:21:31', 1, 1),
(311, 8, 52, 169, 146, '', 1, '2012-05-02 04:21:38', 1, 1),
(312, 8, 52, 169, 144, '', 1, '2012-05-02 04:21:48', 1, 1),
(313, 8, 52, 169, 142, '', 1, '2012-05-02 04:21:54', 1, 1),
(314, 8, 52, 139, 169, '', 1, '2012-05-02 04:22:06', 1, 1),
(315, 8, 52, 169, 138, '', 1, '2012-05-02 04:22:27', 1, 1),
(316, 8, 52, 134, 169, '', 1, '2012-05-02 04:22:42', 1, 1),
(317, 8, 52, 133, 169, '', 1, '2012-05-02 04:22:47', 1, 1),
(318, 8, 52, 132, 169, '', 1, '2012-05-02 04:22:57', 1, 1),
(319, 8, 52, 131, 169, '', 1, '2012-05-02 04:23:04', 1, 1),
(320, 8, 52, 123, 169, '', 1, '2012-05-02 04:23:11', 1, 1),
(321, 8, 52, 121, 169, '', 1, '2012-05-02 04:23:27', 1, 1),
(322, 8, 52, 120, 169, '', 1, '2012-05-02 04:23:43', 1, 1),
(323, 8, 52, 169, 108, '', 1, '2012-05-02 04:24:07', 1, 1),
(324, 8, 52, 169, 107, '', 1, '2012-05-02 04:24:17', 1, 1),
(325, 8, 52, 107, 169, '', 1, '2012-05-02 04:24:18', 1, 1),
(326, 8, 52, 169, 104, '', 1, '2012-05-02 04:24:38', 1, 1),
(327, 8, 52, 104, 169, '', 1, '2012-05-02 04:24:39', 1, 1),
(328, 8, 52, 101, 169, '', 1, '2012-05-02 04:24:49', 1, 1),
(329, 8, 52, 169, 96, '', 1, '2012-05-02 04:25:03', 1, 1),
(330, 8, 52, 169, 86, '', 1, '2012-05-02 04:25:22', 1, 1),
(331, 8, 52, 86, 169, '', 1, '2012-05-02 04:25:24', 1, 1),
(332, 8, 52, 173, 81, '', -1, '2012-05-02 04:30:18', 1, 1),
(333, 8, 52, 173, 90, '', -1, '2012-05-02 04:31:41', 1, 1),
(334, 8, 52, 173, 96, '', 1, '2012-05-02 04:31:59', 1, 1),
(337, 8, 52, 173, 102, '', -1, '2012-05-02 04:33:00', 1, 1),
(338, 8, 52, 173, 104, '', -1, '2012-05-02 04:33:17', 1, 1),
(339, 8, 52, 173, 107, '', -1, '2012-05-02 04:33:40', 1, 1),
(340, 8, 52, 173, 108, '', -1, '2012-05-02 04:33:54', 1, 1),
(341, 8, 52, 173, 122, '', -1, '2012-05-02 04:34:14', 1, 1),
(344, 8, 52, 173, 123, '', -1, '2012-05-02 04:35:08', 1, 1),
(345, 8, 52, 173, 131, '', -1, '2012-05-02 04:35:31', 1, 1),
(346, 8, 52, 173, 132, '', 1, '2012-05-02 04:35:41', 1, 1),
(347, 8, 52, 173, 133, '', 1, '2012-05-02 04:35:51', 1, 1),
(348, 8, 52, 173, 134, '', -1, '2012-05-02 04:36:03', 1, 1),
(349, 8, 52, 173, 138, '', -1, '2012-05-02 04:36:16', 1, 1),
(350, 8, 52, 173, 144, '', -1, '2012-05-02 04:36:35', 1, 1),
(351, 8, 52, 173, 149, '', 1, '2012-05-02 04:36:51', 1, 1),
(352, 8, 52, 173, 156, '', -1, '2012-05-02 04:36:57', 1, 1),
(354, 8, 52, 173, 162, '', -1, '2012-05-02 04:37:33', 1, 1),
(355, 8, 52, 173, 163, '', -1, '2012-05-02 04:37:42', 1, 1),
(356, 8, 52, 173, 166, '', -1, '2012-05-02 04:37:48', 1, 1),
(357, 8, 52, 173, 174, '', -1, '2012-05-02 04:38:09', 1, 1),
(358, 8, 52, 173, 175, '', -1, '2012-05-02 04:38:14', 1, 1),
(359, 8, 52, 173, 184, '', -1, '2012-05-02 04:38:23', 1, 1),
(360, 8, 52, 173, 186, '', -1, '2012-05-02 04:39:02', 1, 1),
(361, 8, 52, 173, 189, '', -1, '2012-05-02 04:39:15', 1, 1),
(362, 8, 52, 173, 190, '', -1, '2012-05-02 04:39:26', 1, 1),
(364, 8, 52, 173, 192, '', -1, '2012-05-02 04:39:42', 1, 1),
(365, 8, 52, 173, 203, '', -1, '2012-05-02 04:40:11', 1, 1),
(367, 8, 52, 173, 209, '', -1, '2012-05-02 04:40:29', 1, 1),
(368, 8, 52, 173, 210, '', 1, '2012-05-02 04:40:54', 1, 1),
(369, 8, 52, 210, 173, '', 1, '2012-05-02 04:40:58', 1, 1),
(370, 8, 52, 173, 211, '', -1, '2012-05-02 04:41:15', 1, 1),
(371, 8, 52, 211, 173, '', -1, '2012-05-02 04:41:27', 1, 1),
(372, 8, 52, 173, 213, '', -1, '2012-05-02 04:41:37', 1, 1),
(373, 8, 52, 213, 173, '', -1, '2012-05-02 04:41:38', 1, 1),
(374, 8, 52, 173, 218, '', -1, '2012-05-02 04:41:49', 1, 1),
(375, 8, 52, 173, 219, '', -1, '2012-05-02 04:41:57', 1, 1),
(378, 8, 52, 173, 223, '', -1, '2012-05-02 04:42:28', 1, 1),
(379, 8, 52, 173, 227, '', -1, '2012-05-02 04:43:09', 1, 1),
(380, 8, 52, 173, 229, '', -1, '2012-05-02 04:43:32', 1, 1),
(381, 8, 52, 173, 230, '', -1, '2012-05-02 04:43:40', 1, 1),
(382, 8, 52, 230, 173, '', -1, '2012-05-02 04:43:47', 1, 1),
(383, 8, 52, 173, 232, '', -1, '2012-05-02 04:44:00', 1, 1),
(384, 8, 52, 232, 173, '', -1, '2012-05-02 04:44:02', 1, 1),
(385, 8, 52, 173, 233, '', -1, '2012-05-02 04:44:09', 1, 1),
(386, 8, 52, 233, 173, '', -1, '2012-05-02 04:44:12', 1, 1),
(387, 8, 52, 173, 236, '', -1, '2012-05-02 04:44:26', 1, 1),
(388, 8, 52, 236, 173, '', -1, '2012-05-02 04:44:28', 1, 1),
(389, 8, 52, 173, 242, '', -1, '2012-05-02 04:44:50', 1, 1),
(390, 8, 52, 242, 173, '', -1, '2012-05-02 04:44:52', 1, 1),
(391, 8, 52, 173, 244, '', 1, '2012-05-02 04:45:16', 1, 1),
(392, 8, 52, 173, 247, '', 1, '2012-05-02 04:45:33', 1, 1),
(393, 8, 52, 173, 248, '', 1, '2012-05-02 04:45:43', 1, 1),
(394, 8, 52, 173, 251, '', -1, '2012-05-02 04:45:57', 1, 1),
(395, 8, 52, 251, 173, '', -1, '2012-05-02 04:46:01', 1, 1),
(396, 8, 52, 173, 252, '', -1, '2012-05-02 04:46:24', 1, 1),
(397, 8, 52, 252, 173, '', -1, '2012-05-02 04:46:32', 1, 1),
(398, 8, 52, 173, 253, '', -1, '2012-05-02 04:46:43', 1, 1),
(399, 8, 52, 173, 254, '', -1, '2012-05-02 04:46:54', 1, 1),
(400, 8, 52, 254, 173, '', -1, '2012-05-02 04:46:55', 1, 1),
(401, 8, 52, 197, 96, '', 1, '2012-05-02 04:47:56', 1, 1),
(402, 8, 52, 197, 99, '', 1, '2012-05-02 04:48:12', 1, 1),
(403, 8, 52, 197, 104, '', 1, '2012-05-02 04:48:20', 1, 1),
(404, 8, 52, 197, 107, '', 1, '2012-05-02 04:48:28', 1, 1),
(405, 8, 52, 197, 108, '', 1, '2012-05-02 04:48:33', 1, 1),
(406, 8, 52, 111, 197, '', 1, '2012-05-02 04:48:41', 1, 1),
(407, 8, 52, 197, 123, '', 1, '2012-05-02 04:49:10', 1, 1),
(408, 8, 52, 197, 131, '', 1, '2012-05-02 04:49:13', 1, 1),
(409, 8, 52, 197, 132, '', 1, '2012-05-02 04:49:17', 1, 1),
(410, 8, 52, 197, 133, '', 1, '2012-05-02 04:49:22', 1, 1),
(411, 8, 52, 197, 134, '', 1, '2012-05-02 04:49:26', 1, 1),
(412, 8, 52, 197, 138, '', 1, '2012-05-02 04:49:29', 1, 1),
(414, 8, 52, 197, 139, '', 1, '2012-05-02 04:49:38', 1, 1),
(415, 8, 52, 139, 197, '', 1, '2012-05-02 04:49:39', 1, 1),
(416, 8, 52, 197, 142, '', 1, '2012-05-02 04:49:45', 1, 1),
(417, 8, 52, 197, 144, '', 1, '2012-05-02 04:49:50', 1, 1),
(418, 8, 52, 197, 146, '', 1, '2012-05-02 04:50:02', 1, 1),
(419, 8, 52, 197, 148, '', 1, '2012-05-02 04:50:10', 1, 1),
(420, 8, 52, 148, 197, '', 1, '2012-05-02 04:50:11', 1, 1),
(421, 8, 52, 197, 149, '', 1, '2012-05-02 04:50:16', 1, 1),
(422, 8, 52, 197, 161, '', 1, '2012-05-02 04:50:31', 1, 1),
(423, 8, 52, 197, 166, '', 1, '2012-05-02 04:50:43', 1, 1),
(425, 8, 52, 197, 169, '', 1, '2012-05-02 04:50:52', 1, 1),
(426, 8, 52, 197, 174, '', 1, '2012-05-02 04:51:06', 1, 1),
(427, 8, 52, 197, 175, '', 1, '2012-05-02 04:51:12', 1, 1),
(428, 8, 52, 197, 184, '', 1, '2012-05-02 04:51:26', 1, 1),
(429, 8, 52, 197, 186, '', 1, '2012-05-02 04:51:37', 1, 1),
(430, 8, 52, 197, 188, '', 1, '2012-05-02 04:51:43', 1, 1),
(431, 8, 52, 197, 189, '', 1, '2012-05-02 04:51:48', 1, 1),
(432, 8, 52, 197, 190, '', 1, '2012-05-02 04:51:51', 1, 1),
(434, 8, 52, 197, 195, '', 1, '2012-05-02 04:52:21', 1, 1),
(435, 8, 52, 197, 200, '', 1, '2012-05-02 04:52:43', 1, 1),
(436, 8, 52, 197, 202, '', 1, '2012-05-02 04:52:48', 1, 1),
(437, 8, 52, 197, 205, '', 1, '2012-05-02 04:53:00', 1, 1),
(439, 8, 52, 197, 213, '', 1, '2012-05-02 04:53:23', 1, 1),
(440, 8, 52, 197, 214, '', 1, '2012-05-02 04:53:29', 1, 1),
(441, 8, 52, 197, 218, '', 1, '2012-05-02 04:53:36', 1, 1),
(442, 8, 52, 197, 219, '', 1, '2012-05-02 04:53:56', 1, 1),
(443, 8, 52, 197, 232, '', 1, '2012-05-02 04:54:19', 1, 1),
(444, 8, 52, 197, 241, '', 1, '2012-05-02 04:54:38', 1, 1),
(446, 8, 52, 197, 243, '', 1, '2012-05-02 04:54:52', 1, 1),
(447, 8, 52, 197, 244, '', 1, '2012-05-02 04:54:56', 1, 1),
(448, 8, 52, 197, 246, '', 1, '2012-05-02 04:55:08', 1, 1),
(449, 8, 52, 197, 247, '', 1, '2012-05-02 04:55:18', 1, 1),
(450, 8, 52, 197, 248, '', 1, '2012-05-02 04:55:20', 1, 1),
(451, 8, 52, 197, 249, '', 1, '2012-05-02 04:55:27', 1, 1),
(452, 8, 52, 197, 254, '', 1, '2012-05-02 04:55:44', 1, 1),
(453, 8, 52, 254, 197, '', 1, '2012-05-02 04:55:45', 1, 1),
(454, 8, 52, 81, 208, '', 1, '2012-05-02 04:56:19', 1, 1),
(455, 8, 52, 208, 96, '', 1, '2012-05-02 04:56:59', 1, 1),
(456, 8, 52, 99, 208, '', 1, '2012-05-02 04:57:18', 1, 1),
(457, 8, 52, 101, 208, '', 1, '2012-05-02 04:57:23', 1, 1),
(458, 8, 52, 102, 208, '', 1, '2012-05-02 04:57:34', 1, 1),
(459, 8, 52, 208, 107, '', 1, '2012-05-02 04:58:03', 1, 1),
(460, 8, 52, 108, 208, '', 1, '2012-05-02 04:58:19', 1, 1),
(461, 8, 52, 111, 208, '', 1, '2012-05-02 04:58:27', 1, 1),
(462, 8, 52, 122, 208, '', 1, '2012-05-02 04:58:54', 1, 1),
(463, 8, 52, 208, 123, '', 1, '2012-05-02 04:59:23', 1, 1),
(464, 8, 52, 123, 208, '', 1, '2012-05-02 04:59:25', 1, 1),
(465, 8, 52, 208, 131, '', 1, '2012-05-02 04:59:33', 1, 1),
(466, 8, 52, 208, 138, '', 1, '2012-05-02 04:59:51', 1, 1),
(467, 8, 52, 139, 208, '', 1, '2012-05-02 04:59:59', 1, 1),
(468, 8, 52, 208, 144, '', 1, '2012-05-02 05:00:12', 1, 1),
(469, 8, 52, 148, 208, '', 1, '2012-05-02 05:00:24', 1, 1),
(472, 8, 52, 208, 156, '', 1, '2012-05-02 05:00:55', 1, 1),
(473, 8, 52, 208, 163, '', 1, '2012-05-02 05:02:00', 1, 1),
(474, 8, 52, 163, 208, '', 1, '2012-05-02 05:02:02', 1, 1),
(475, 8, 52, 208, 166, '', 1, '2012-05-02 05:02:17', 1, 1),
(476, 8, 52, 166, 208, '', 1, '2012-05-02 05:02:19', 1, 1),
(477, 8, 52, 208, 169, '', 1, '2012-05-02 05:02:30', 1, 1),
(478, 8, 52, 173, 208, '', -1, '2012-05-02 05:02:51', 1, 1),
(479, 8, 52, 174, 208, '', 1, '2012-05-02 05:03:09', 1, 1),
(480, 8, 52, 208, 189, '', 1, '2012-05-02 05:03:41', 1, 1),
(481, 8, 52, 208, 190, '', 1, '2012-05-02 05:03:46', 1, 1),
(483, 8, 52, 208, 205, '', 1, '2012-05-02 05:04:23', 1, 1),
(484, 8, 52, 208, 209, '', 1, '2012-05-02 05:04:31', 1, 1),
(485, 8, 52, 211, 208, '', 1, '2012-05-02 05:04:45', 1, 1),
(486, 8, 52, 208, 213, '', 1, '2012-05-02 05:04:56', 1, 1),
(487, 8, 52, 213, 208, '', 1, '2012-05-02 05:04:58', 1, 1),
(488, 8, 52, 208, 218, '', 1, '2012-05-02 05:05:07', 1, 1),
(489, 8, 52, 208, 219, '', 1, '2012-05-02 05:05:11', 1, 1),
(490, 8, 52, 208, 247, '', 1, '2012-05-02 05:06:10', 1, 1),
(491, 8, 52, 208, 249, '', 1, '2012-05-02 05:06:18', 1, 1),
(492, 8, 52, 208, 254, '', 1, '2012-05-02 05:07:00', 1, 1),
(493, 8, 52, 81, 191, '', 1, '2012-05-02 05:08:22', 1, 1),
(494, 8, 52, 101, 191, '', 1, '2012-05-02 05:08:47', 1, 1),
(495, 8, 52, 102, 191, '', 1, '2012-05-02 05:08:50', 1, 1),
(497, 8, 52, 191, 104, '', 1, '2012-05-02 05:09:49', 1, 1),
(498, 8, 52, 191, 107, '', 1, '2012-05-02 05:09:59', 1, 1),
(499, 8, 52, 191, 144, '', 1, '2012-05-02 05:10:31', 1, 1),
(501, 8, 52, 191, 156, '', 1, '2012-05-02 05:10:51', 1, 1),
(502, 8, 52, 156, 191, '', 1, '2012-05-02 05:10:53', 1, 1),
(503, 8, 52, 191, 166, '', 1, '2012-05-02 05:11:20', 1, 1),
(504, 8, 52, 176, 191, '', 1, '2012-05-02 05:12:13', 1, 1),
(505, 8, 52, 191, 181, '', 1, '2012-05-02 05:12:31', 1, 1),
(506, 8, 52, 181, 191, '', 1, '2012-05-02 05:12:32', 1, 1),
(507, 8, 52, 191, 189, '', 1, '2012-05-02 05:12:56', 1, 1),
(508, 8, 52, 191, 192, '', 1, '2012-05-02 05:13:14', 1, 1),
(509, 8, 52, 192, 191, '', 1, '2012-05-02 05:13:15', 1, 1),
(510, 8, 52, 191, 193, '', 1, '2012-05-02 05:13:21', 1, 1),
(511, 8, 52, 193, 191, '', 1, '2012-05-02 05:13:23', 1, 1),
(512, 8, 52, 191, 200, '', 1, '2012-05-02 05:13:41', 1, 1),
(513, 8, 52, 203, 191, '', 1, '2012-05-02 05:14:07', 1, 1),
(514, 8, 52, 191, 205, '', 1, '2012-05-02 05:14:16', 1, 1),
(515, 8, 52, 208, 191, '', 1, '2012-05-02 05:14:37', 1, 1),
(517, 8, 52, 191, 209, '', 1, '2012-05-02 05:14:55', 1, 1),
(518, 8, 52, 209, 191, '', 1, '2012-05-02 05:14:56', 1, 1),
(519, 8, 52, 191, 210, '', -1, '2012-05-02 05:15:11', 1, 1),
(520, 8, 52, 210, 191, '', -1, '2012-05-02 05:15:16', 1, 1),
(521, 8, 52, 211, 191, '', 1, '2012-05-02 05:15:33', 1, 1),
(522, 8, 52, 191, 213, '', 1, '2012-05-02 05:15:41', 1, 1),
(523, 8, 52, 191, 218, '', 1, '2012-05-02 05:15:52', 1, 1),
(524, 8, 52, 218, 191, '', 1, '2012-05-02 06:29:57', 1, 1),
(527, 8, 52, 221, 191, '', 1, '2012-05-02 05:16:09', 1, 1),
(528, 8, 52, 223, 191, '', 1, '2012-05-02 05:16:18', 1, 1),
(530, 8, 52, 191, 227, '', 1, '2012-05-02 05:16:35', 1, 1),
(531, 8, 52, 227, 191, '', 1, '2012-05-02 05:16:37', 1, 1),
(532, 8, 52, 191, 229, '', 1, '2012-05-02 05:16:51', 1, 1),
(533, 8, 52, 229, 191, '', 1, '2012-05-02 05:16:54', 1, 1),
(534, 8, 52, 191, 230, '', 1, '2012-05-02 05:17:06', 1, 1),
(535, 8, 52, 230, 191, '', 1, '2012-05-02 05:17:09', 1, 1),
(536, 8, 52, 191, 242, '', 1, '2012-05-02 05:17:37', 1, 1),
(537, 8, 52, 242, 191, '', 1, '2012-05-02 05:17:46', 1, 1),
(538, 8, 52, 191, 252, '', 1, '2012-05-02 05:18:20', 1, 1),
(539, 8, 52, 252, 191, '', 1, '2012-05-02 05:18:22', 1, 1),
(540, 8, 52, 191, 253, '', 1, '2012-05-02 05:18:28', 1, 1),
(541, 8, 52, 191, 254, '', 1, '2012-05-02 05:18:33', 1, 1),
(542, 8, 52, 254, 191, '', 1, '2012-05-02 05:18:35', 1, 1),
(543, 8, 52, 81, 209, '', 1, '2012-05-02 05:19:16', 1, 1),
(544, 8, 52, 86, 209, '', 1, '2012-05-02 05:19:57', 1, 1),
(545, 8, 52, 209, 96, '', 1, '2012-05-02 05:20:10', 1, 1),
(546, 8, 52, 99, 209, '', 1, '2012-05-02 05:20:16', 1, 1),
(547, 8, 52, 101, 209, '', 1, '2012-05-02 05:20:22', 1, 1),
(548, 8, 52, 102, 209, '', 1, '2012-05-02 05:20:25', 1, 1),
(549, 8, 52, 209, 104, '', 1, '2012-05-02 05:20:47', 1, 1),
(550, 8, 52, 209, 107, '', 1, '2012-05-02 05:20:54', 1, 1),
(551, 8, 52, 121, 209, '', 1, '2012-05-02 05:21:14', 1, 1),
(552, 8, 52, 209, 122, '', 1, '2012-05-02 05:21:24', 1, 1),
(553, 8, 52, 122, 209, '', 1, '2012-05-02 05:21:26', 1, 1),
(554, 8, 52, 123, 209, '', 1, '2012-05-02 05:21:40', 1, 1),
(555, 8, 52, 209, 131, '', 1, '2012-05-02 05:21:48', 1, 1),
(556, 8, 52, 209, 138, '', 1, '2012-05-02 05:21:59', 1, 1),
(557, 8, 52, 209, 142, '', 1, '2012-05-02 05:22:05', 1, 1),
(558, 8, 52, 209, 144, '', 1, '2012-05-02 05:22:13', 1, 1),
(559, 8, 52, 209, 146, '', 1, '2012-05-02 05:22:16', 1, 1),
(560, 8, 52, 209, 156, '', 1, '2012-05-02 05:22:39', 1, 1),
(561, 8, 52, 156, 209, '', 1, '2012-05-02 05:22:40', 1, 1),
(562, 8, 52, 209, 161, '', 1, '2012-05-02 05:22:49', 1, 1),
(563, 8, 52, 162, 209, '', 1, '2012-05-02 05:23:00', 1, 1),
(564, 8, 52, 209, 163, '', 1, '2012-05-02 05:23:05', 1, 1),
(565, 8, 52, 209, 166, '', 1, '2012-05-02 05:23:20', 1, 1),
(566, 8, 52, 209, 169, '', 1, '2012-05-02 05:23:41', 1, 1),
(567, 8, 52, 169, 209, '', 1, '2012-05-02 05:23:43', 1, 1),
(568, 8, 52, 209, 181, '', 1, '2012-05-02 05:24:07', 1, 1),
(569, 8, 52, 209, 189, '', 1, '2012-05-02 05:24:19', 1, 1),
(570, 8, 52, 209, 190, '', 1, '2012-05-02 05:24:25', 1, 1),
(571, 8, 52, 192, 209, '', 1, '2012-05-02 05:24:40', 1, 1),
(572, 8, 52, 193, 209, '', 1, '2012-05-02 05:24:43', 1, 1),
(573, 8, 52, 209, 203, '', 1, '2012-05-02 05:25:03', 1, 1),
(574, 8, 52, 203, 209, '', 1, '2012-05-02 05:25:04', 1, 1),
(575, 8, 52, 210, 209, '', -1, '2012-05-02 05:25:25', 1, 1),
(576, 8, 52, 211, 209, '', 1, '2012-05-02 05:25:37', 1, 1),
(577, 8, 52, 209, 213, '', 1, '2012-05-02 05:25:45', 1, 1),
(578, 8, 52, 209, 218, '', 1, '2012-05-02 05:25:52', 1, 1),
(579, 8, 52, 209, 219, '', 1, '2012-05-02 05:25:55', 1, 1),
(580, 8, 52, 209, 221, '', 1, '2012-05-02 05:26:08', 1, 1),
(581, 8, 52, 221, 209, '', 1, '2012-05-02 05:26:10', 1, 1),
(582, 8, 52, 223, 209, '', 1, '2012-05-02 05:26:19', 1, 1),
(583, 8, 52, 209, 227, '', 1, '2012-05-02 05:26:27', 1, 1),
(584, 8, 52, 227, 209, '', 1, '2012-05-02 05:26:28', 1, 1),
(585, 8, 52, 209, 230, '', 1, '2012-05-02 05:26:43', 1, 1),
(586, 8, 52, 230, 209, '', 1, '2012-05-02 05:26:45', 1, 1),
(587, 8, 52, 233, 209, '', 1, '2012-05-02 05:27:08', 1, 1),
(588, 8, 52, 236, 209, '', 1, '2012-05-02 05:27:14', 1, 1),
(589, 8, 52, 209, 241, '', 1, '2012-05-02 05:27:23', 1, 1),
(590, 8, 52, 209, 242, '', 1, '2012-05-02 05:27:27', 1, 1),
(591, 8, 52, 242, 209, '', 1, '2012-05-02 05:27:28', 1, 1),
(593, 8, 52, 209, 249, '', 1, '2012-05-02 05:28:03', 1, 1),
(594, 8, 52, 209, 250, '', 1, '2012-05-02 05:28:11', 1, 1),
(595, 8, 52, 250, 209, '', 1, '2012-05-02 05:28:13', 1, 1),
(596, 8, 52, 251, 209, '', 1, '2012-05-02 05:28:23', 1, 1),
(597, 8, 52, 209, 252, '', 1, '2012-05-02 05:28:28', 1, 1),
(598, 8, 52, 209, 253, '', 1, '2012-05-02 05:28:33', 1, 1),
(599, 8, 52, 218, 86, '', 1, '2012-05-02 05:31:13', 1, 1),
(600, 8, 52, 86, 218, '', 1, '2012-05-02 05:31:15', 1, 1),
(602, 8, 52, 218, 96, '', 1, '2012-05-02 05:31:34', 1, 1),
(603, 8, 52, 96, 218, '', 1, '2012-05-02 05:31:35', 1, 1),
(604, 8, 52, 99, 218, '', 1, '2012-05-02 05:31:55', 1, 1),
(605, 8, 52, 218, 104, '', 1, '2012-05-02 05:32:09', 1, 1),
(606, 8, 52, 218, 107, '', 1, '2012-05-02 05:32:19', 1, 1),
(607, 8, 52, 122, 218, '', 1, '2012-05-02 05:32:43', 1, 1),
(608, 8, 52, 123, 218, '', 1, '2012-05-02 05:32:55', 1, 1),
(609, 8, 52, 131, 218, '', 1, '2012-05-02 05:33:05', 1, 1),
(610, 8, 52, 132, 218, '', 1, '2012-05-02 05:33:19', 1, 1),
(611, 8, 52, 218, 138, '', 1, '2012-05-02 05:33:29', 1, 1),
(612, 8, 52, 138, 218, '', 1, '2012-05-02 05:33:30', 1, 1),
(613, 8, 52, 218, 146, '', 1, '2012-05-02 05:34:11', 1, 1),
(614, 8, 52, 218, 156, '', 1, '2012-05-02 05:34:35', 1, 1),
(615, 8, 52, 156, 218, '', 1, '2012-05-02 05:34:36', 1, 1),
(616, 8, 52, 162, 218, '', 1, '2012-05-02 05:35:01', 1, 1),
(617, 8, 52, 163, 218, '', 1, '2012-05-02 05:35:08', 1, 1),
(618, 8, 52, 218, 166, '', 1, '2012-05-02 05:35:14', 1, 1),
(619, 8, 52, 166, 218, '', 1, '2012-05-02 05:35:16', 1, 1),
(620, 8, 52, 167, 218, '', 1, '2012-05-02 05:35:24', 1, 1),
(621, 8, 52, 176, 218, '', 1, '2012-05-02 05:35:51', 1, 1),
(622, 8, 52, 218, 189, '', 1, '2012-05-02 05:36:15', 1, 1),
(623, 8, 52, 218, 190, '', 1, '2012-05-02 05:36:27', 1, 1),
(624, 8, 52, 192, 218, '', 1, '2012-05-02 05:36:41', 1, 1),
(625, 8, 52, 200, 218, '', 1, '2012-05-02 05:37:10', 1, 1),
(626, 8, 52, 202, 218, '', 1, '2012-05-02 05:37:21', 1, 1),
(627, 8, 52, 218, 203, '', 1, '2012-05-02 05:37:30', 1, 1),
(628, 8, 52, 203, 218, '', 1, '2012-05-02 05:37:31', 1, 1),
(629, 8, 52, 210, 218, '', -1, '2012-05-02 05:37:43', 1, 1),
(630, 8, 52, 211, 218, '', 1, '2012-05-02 05:37:55', 1, 1),
(631, 8, 52, 213, 218, '', 1, '2012-05-02 05:38:12', 1, 1),
(632, 8, 52, 218, 219, '', 1, '2012-05-02 05:38:20', 1, 1),
(636, 8, 52, 227, 218, '', 1, '2012-05-02 05:38:57', 1, 1),
(637, 8, 52, 230, 218, '', 1, '2012-05-02 05:39:06', 1, 1),
(638, 8, 52, 250, 218, '', 1, '2012-05-02 05:39:56', 1, 1),
(639, 8, 52, 81, 242, '', 1, '2012-05-02 05:40:33', 1, 1),
(640, 8, 52, 242, 96, '', 1, '2012-05-02 05:40:58', 1, 1),
(641, 8, 52, 242, 99, '', 1, '2012-05-02 05:41:20', 1, 1),
(642, 8, 52, 99, 242, '', 1, '2012-05-02 05:41:21', 1, 1),
(643, 8, 52, 101, 242, '', 1, '2012-05-02 05:41:30', 1, 1),
(644, 8, 52, 102, 242, '', 1, '2012-05-02 05:41:34', 1, 1),
(645, 8, 52, 242, 104, '', 1, '2012-05-02 05:41:50', 1, 1),
(646, 8, 52, 242, 107, '', 1, '2012-05-02 05:42:01', 1, 1),
(647, 8, 52, 242, 122, '', 1, '2012-05-02 05:42:25', 1, 1),
(648, 8, 52, 242, 138, '', 1, '2012-05-02 05:43:15', 1, 1),
(649, 8, 52, 242, 142, '', 1, '2012-05-02 05:43:21', 1, 1),
(651, 8, 52, 242, 146, '', 1, '2012-05-02 05:43:34', 1, 1),
(652, 8, 52, 242, 156, '', 1, '2012-05-02 05:43:48', 1, 1),
(653, 8, 52, 156, 242, '', 1, '2012-05-02 05:43:50', 1, 1),
(654, 8, 52, 242, 161, '', 1, '2012-05-02 05:44:11', 1, 1),
(655, 8, 52, 242, 163, '', 1, '2012-05-02 05:44:27', 1, 1),
(656, 8, 52, 163, 242, '', 1, '2012-05-02 05:44:29', 1, 1),
(657, 8, 52, 242, 166, '', 1, '2012-05-02 05:44:43', 1, 1),
(658, 8, 52, 166, 242, '', 1, '2012-05-02 05:44:44', 1, 1),
(659, 8, 52, 176, 242, '', 1, '2012-05-02 05:45:13', 1, 1),
(660, 8, 52, 242, 181, '', 1, '2012-05-02 05:45:22', 1, 1),
(661, 8, 52, 186, 242, '', 1, '2012-05-02 05:46:03', 1, 1),
(662, 8, 52, 242, 189, '', 1, '2012-05-02 05:46:13', 1, 1),
(663, 8, 52, 242, 193, '', 1, '2012-05-02 05:46:37', 1, 1),
(664, 8, 52, 242, 200, '', 1, '2012-05-02 05:46:50', 1, 1),
(665, 8, 52, 242, 203, '', 1, '2012-05-02 05:47:01', 1, 1),
(666, 8, 52, 203, 242, '', 1, '2012-05-02 05:47:03', 1, 1),
(667, 8, 52, 242, 210, '', -1, '2012-05-02 05:47:21', 1, 1),
(668, 8, 52, 210, 242, '', -1, '2012-05-02 05:47:27', 1, 1),
(670, 8, 52, 242, 211, '', 1, '2012-05-02 05:47:49', 1, 1),
(671, 8, 52, 211, 242, '', 1, '2012-05-02 05:47:50', 1, 1),
(672, 8, 52, 242, 213, '', 1, '2012-05-02 05:47:56', 1, 1),
(673, 8, 52, 242, 218, '', 1, '2012-05-02 05:48:05', 1, 1),
(674, 8, 52, 242, 219, '', 1, '2012-05-02 05:48:09', 1, 1),
(675, 8, 52, 223, 242, '', 1, '2012-05-02 05:48:15', 1, 1),
(676, 8, 52, 242, 227, '', 1, '2012-05-02 05:48:22', 1, 1),
(677, 8, 52, 227, 242, '', 1, '2012-05-02 05:48:23', 1, 1),
(678, 8, 52, 242, 230, '', 1, '2012-05-02 05:48:30', 1, 1),
(679, 8, 52, 230, 242, '', 1, '2012-05-02 05:48:32', 1, 1),
(682, 8, 52, 242, 252, '', 1, '2012-05-02 05:49:45', 1, 1),
(683, 8, 52, 252, 242, '', 1, '2012-05-02 05:49:47', 1, 1),
(684, 8, 52, 242, 253, '', 1, '2012-05-02 05:49:52', 1, 1),
(687, 8, 52, 242, 254, '', 1, '2012-05-02 05:50:09', 1, 1),
(688, 8, 52, 254, 242, '', 1, '2012-05-02 05:50:10', 1, 1),
(689, 8, 52, 81, 144, '', 1, '2012-05-02 05:50:52', 1, 1),
(690, 8, 52, 144, 86, '', 1, '2012-05-02 05:51:13', 1, 1),
(691, 8, 52, 90, 144, '', 1, '2012-05-02 05:51:29', 1, 1),
(692, 8, 52, 144, 96, '', 1, '2012-05-02 05:51:39', 1, 1),
(693, 8, 52, 99, 144, '', 1, '2012-05-02 05:51:49', 1, 1),
(694, 8, 52, 144, 104, '', 1, '2012-05-02 05:52:10', 1, 1),
(695, 8, 52, 144, 107, '', 1, '2012-05-02 05:52:25', 1, 1),
(697, 8, 52, 122, 144, '', 1, '2012-05-02 05:53:20', 1, 1),
(698, 8, 52, 123, 144, '', 1, '2012-05-02 05:53:25', 1, 1),
(699, 8, 52, 131, 144, '', 1, '2012-05-02 05:53:31', 1, 1),
(700, 8, 52, 132, 144, '', 1, '2012-05-02 05:53:36', 1, 1),
(701, 8, 52, 138, 144, '', 1, '2012-05-02 05:53:48', 1, 1),
(702, 8, 52, 139, 144, '', 1, '2012-05-02 05:53:51', 1, 1),
(703, 8, 52, 144, 142, '', 1, '2012-05-02 05:53:59', 1, 1),
(704, 8, 52, 144, 146, '', 1, '2012-05-02 05:54:02', 1, 1),
(706, 8, 52, 144, 149, '', 1, '2012-05-02 05:54:32', 1, 1),
(707, 8, 52, 156, 144, '', 1, '2012-05-02 05:54:42', 1, 1),
(708, 8, 52, 159, 144, '', 1, '2012-05-02 05:54:47', 1, 1),
(709, 8, 52, 144, 161, '', 1, '2012-05-02 05:54:53', 1, 1),
(710, 8, 52, 163, 144, '', 1, '2012-05-02 05:55:12', 1, 1),
(711, 8, 52, 166, 144, '', 1, '2012-05-02 05:55:16', 1, 1),
(712, 8, 52, 167, 144, '', 1, '2012-05-02 05:55:25', 1, 1),
(713, 8, 52, 172, 144, '', 1, '2012-05-02 05:55:35', 1, 1),
(714, 8, 52, 144, 181, '', 1, '2012-05-02 05:56:01', 1, 1),
(715, 8, 52, 144, 189, '', 1, '2012-05-02 05:56:24', 1, 1),
(716, 8, 52, 203, 144, '', 1, '2012-05-02 05:57:15', 1, 1),
(717, 8, 52, 144, 210, '', -1, '2012-05-02 05:57:25', 1, 1),
(718, 8, 52, 210, 144, '', -1, '2012-05-02 05:57:27', 1, 1),
(719, 8, 52, 211, 144, '', 1, '2012-05-02 05:57:42', 1, 1),
(720, 8, 52, 213, 144, '', 1, '2012-05-02 05:57:50', 1, 1),
(721, 8, 52, 144, 218, '', 1, '2012-05-02 05:58:02', 1, 1),
(722, 8, 52, 218, 144, '', 1, '2012-05-02 05:58:03', 1, 1),
(725, 8, 52, 144, 219, '', 1, '2012-05-02 05:58:23', 1, 1),
(726, 8, 52, 144, 221, '', 1, '2012-05-02 05:58:33', 1, 1),
(727, 8, 52, 223, 144, '', 1, '2012-05-02 05:58:43', 1, 1),
(728, 8, 52, 144, 227, '', 1, '2012-05-02 05:58:52', 1, 1),
(729, 8, 52, 227, 144, '', 1, '2012-05-02 05:58:54', 1, 1),
(730, 8, 52, 144, 230, '', 1, '2012-05-02 05:59:08', 1, 1),
(731, 8, 52, 144, 241, '', 1, '2012-05-02 05:59:27', 1, 1),
(732, 8, 52, 144, 242, '', 1, '2012-05-02 05:59:37', 1, 1),
(733, 8, 52, 242, 144, '', 1, '2012-05-02 05:59:38', 1, 1),
(734, 8, 52, 144, 243, '', 1, '2012-05-02 05:59:49', 1, 1),
(735, 8, 48, 96, 107, '', 1, '2012-05-02 05:59:52', 1, 1),
(736, 8, 52, 144, 244, '', 1, '2012-05-02 05:59:55', 1, 1),
(737, 8, 52, 144, 245, '', 1, '2012-05-02 06:00:04', 1, 1),
(738, 8, 48, 99, 107, '', 1, '2012-05-02 06:00:07', 1, 1),
(739, 8, 52, 144, 246, '', 1, '2012-05-02 06:00:10', 1, 1),
(740, 8, 48, 107, 104, '', 1, '2012-05-02 06:00:15', 1, 1),
(741, 8, 52, 247, 144, '', 1, '2012-05-02 06:00:18', 1, 1),
(742, 8, 52, 248, 144, '', 1, '2012-05-02 06:00:24', 1, 1),
(744, 8, 48, 108, 107, '', 1, '2012-05-02 06:00:29', 1, 1),
(745, 8, 52, 144, 249, '', 1, '2012-05-02 06:00:32', 1, 1),
(746, 8, 52, 144, 250, '', 1, '2012-05-02 06:00:39', 1, 1),
(747, 8, 48, 122, 107, '', 1, '2012-05-02 06:00:40', 1, 1),
(748, 8, 48, 131, 107, '', 1, '2012-05-02 06:00:48', 1, 1),
(749, 8, 52, 251, 144, '', 1, '2012-05-02 06:00:53', 1, 1),
(750, 8, 52, 144, 252, '', 1, '2012-05-02 06:00:59', 1, 1),
(751, 8, 48, 107, 142, '', 1, '2012-05-02 06:01:02', 1, 1),
(752, 8, 52, 144, 253, '', 1, '2012-05-02 06:01:02', 1, 1),
(753, 8, 52, 144, 254, '', 1, '2012-05-02 06:01:10', 1, 1),
(754, 8, 52, 254, 144, '', 1, '2012-05-02 06:01:12', 1, 1),
(755, 8, 48, 107, 144, '', 1, '2012-05-02 06:01:11', 1, 1),
(756, 8, 48, 144, 107, '', 1, '2012-05-02 06:01:13', 1, 1),
(757, 8, 48, 107, 146, '', 1, '2012-05-02 06:01:20', 1, 1),
(758, 8, 48, 162, 107, '', 1, '2012-05-02 06:01:39', 1, 1),
(759, 8, 52, 167, 81, '', 1, '2012-05-02 06:01:45', 1, 1),
(760, 8, 48, 163, 107, '', 1, '2012-05-02 06:01:49', 1, 1),
(761, 8, 48, 166, 107, '', 1, '2012-05-02 06:01:52', 1, 1),
(762, 8, 48, 167, 107, '', 1, '2012-05-02 06:01:58', 1, 1),
(763, 8, 52, 167, 96, '', 1, '2012-05-02 06:02:03', 1, 1),
(764, 8, 48, 107, 169, '', 1, '2012-05-02 06:02:06', 1, 1),
(765, 8, 52, 167, 104, '', 1, '2012-05-02 06:02:34', 1, 1),
(766, 8, 48, 107, 189, '', 1, '2012-05-02 06:02:33', 1, 1),
(767, 8, 52, 167, 107, '', 1, '2012-05-02 06:02:37', 1, 1),
(768, 8, 48, 192, 107, '', 1, '2012-05-02 06:02:46', 1, 1),
(769, 8, 48, 193, 107, '', 1, '2012-05-02 06:02:54', 1, 1),
(770, 8, 52, 167, 138, '', 1, '2012-05-02 06:03:03', 1, 1),
(771, 8, 48, 208, 107, '', 1, '2012-05-02 06:03:13', 1, 1),
(772, 8, 52, 167, 142, '', 1, '2012-05-02 06:03:12', 1, 1),
(773, 8, 52, 167, 146, '', 1, '2012-05-02 06:03:19', 1, 1),
(774, 8, 48, 213, 107, '', 1, '2012-05-02 06:03:22', 1, 1),
(775, 8, 52, 167, 149, '', 1, '2012-05-02 06:03:24', 1, 1),
(776, 8, 52, 167, 156, '', 1, '2012-05-02 06:03:28', 1, 1),
(777, 8, 48, 107, 218, '', 1, '2012-05-02 06:03:30', 1, 1),
(778, 8, 48, 218, 107, '', 1, '2012-05-02 06:03:31', 1, 1),
(779, 8, 48, 107, 219, '', 1, '2012-05-02 06:03:39', 1, 1),
(780, 8, 48, 219, 107, '', 1, '2012-05-02 06:03:40', 1, 1),
(781, 8, 52, 159, 167, '', 1, '2012-05-02 06:03:44', 1, 1),
(782, 8, 52, 167, 161, '', 1, '2012-05-02 06:03:50', 1, 1),
(783, 8, 48, 243, 107, '', 1, '2012-05-02 06:03:58', 1, 1),
(784, 8, 48, 244, 107, '', 1, '2012-05-02 06:04:04', 1, 1),
(785, 8, 48, 246, 107, '', 1, '2012-05-02 06:04:10', 1, 1),
(786, 8, 52, 167, 181, '', 1, '2012-05-02 06:04:23', 1, 1),
(787, 8, 48, 107, 254, '', 1, '2012-05-02 06:04:30', 1, 1),
(788, 8, 48, 254, 107, '', 1, '2012-05-02 06:04:31', 1, 1),
(789, 8, 52, 167, 191, '', 1, '2012-05-02 06:04:45', 1, 1),
(791, 8, 52, 167, 202, '', 1, '2012-05-02 06:05:22', 1, 1),
(792, 8, 52, 167, 210, '', -1, '2012-05-02 06:06:02', 1, 1),
(793, 8, 52, 210, 167, '', -1, '2012-05-02 06:06:08', 1, 1),
(794, 8, 52, 167, 213, '', 1, '2012-05-02 06:06:20', 1, 1),
(795, 8, 52, 167, 219, '', 1, '2012-05-02 06:06:29', 1, 1),
(796, 8, 52, 167, 221, '', 1, '2012-05-02 06:06:32', 1, 1),
(797, 8, 52, 167, 227, '', 1, '2012-05-02 06:06:39', 1, 1),
(798, 8, 52, 167, 241, '', 1, '2012-05-02 06:07:08', 1, 1),
(799, 8, 52, 167, 243, '', 1, '2012-05-02 06:07:16', 1, 1),
(800, 8, 52, 167, 244, '', 1, '2012-05-02 06:07:23', 1, 1),
(801, 8, 52, 167, 245, '', 1, '2012-05-02 06:07:29', 1, 1),
(802, 8, 52, 167, 246, '', 1, '2012-05-02 06:07:35', 1, 1),
(804, 8, 52, 247, 167, '', 1, '2012-05-02 06:07:56', 1, 1),
(805, 8, 52, 248, 167, '', 1, '2012-05-02 06:07:59', 1, 1),
(806, 8, 52, 167, 249, '', 1, '2012-05-02 06:08:10', 1, 1),
(807, 8, 52, 167, 252, '', 1, '2012-05-02 06:08:23', 1, 1),
(808, 8, 52, 167, 253, '', 1, '2012-05-02 06:08:27', 1, 1),
(809, 8, 52, 167, 254, '', 1, '2012-05-02 06:08:31', 1, 1),
(810, 8, 52, 254, 167, '', 1, '2012-05-02 06:08:33', 1, 1),
(811, 8, 52, 191, 219, '', 1, '2012-05-02 06:32:04', 1, 1),
(812, 8, 52, 219, 191, '', 1, '2012-05-02 06:32:05', 1, 1),
(813, 8, 48, 81, 108, '', 1, '2012-05-02 12:48:39', 1, 1),
(814, 8, 48, 108, 96, '', 1, '2012-05-02 12:48:57', 1, 1),
(815, 8, 48, 99, 108, '', 1, '2012-05-02 12:49:05', 1, 1),
(816, 8, 48, 101, 108, '', 1, '2012-05-02 12:49:12', 1, 1),
(817, 8, 48, 111, 108, '', 1, '2012-05-02 12:49:27', 1, 1),
(818, 8, 48, 123, 108, '', 1, '2012-05-02 12:49:38', 1, 1),
(819, 8, 48, 131, 108, '', 1, '2012-05-02 12:49:51', 1, 1),
(820, 8, 48, 133, 108, '', 1, '2012-05-02 12:50:00', 1, 1),
(821, 8, 48, 134, 108, '', 1, '2012-05-02 12:50:04', 1, 1),
(822, 8, 48, 108, 166, '', 1, '2012-05-02 12:50:29', 1, 1),
(823, 8, 48, 195, 108, '', 1, '2012-05-02 12:51:08', 1, 1),
(824, 8, 48, 197, 108, '', 1, '2012-05-02 12:51:15', 1, 1),
(825, 8, 48, 230, 108, '', 1, '2012-05-02 12:51:46', 1, 1),
(826, 8, 48, 108, 229, '', 1, '2012-05-02 12:51:56', 1, 1),
(827, 8, 48, 229, 108, '', 1, '2012-05-02 12:51:57', 1, 1),
(828, 8, 48, 239, 108, '', 1, '2012-05-02 12:52:09', 1, 1),
(829, 8, 48, 108, 243, '', 1, '2012-05-02 12:52:19', 1, 1),
(830, 8, 48, 108, 245, '', 1, '2012-05-02 12:52:25', 1, 1),
(831, 8, 48, 108, 246, '', 1, '2012-05-02 12:52:30', 1, 1),
(832, 8, 48, 247, 108, '', 1, '2012-05-02 12:52:40', 1, 1),
(833, 8, 48, 248, 108, '', 1, '2012-05-02 12:52:43', 1, 1),
(840, 8, 57, 219, 99, '', 1, '2012-05-02 14:30:06', 1, 1),
(860, 8, 58, 123, 81, '', 1, '2012-05-03 10:58:07', 1, 1),
(861, 8, 58, 81, 123, '', 1, '2012-05-03 10:59:22', 1, 1),
(864, 8, 58, 123, 90, '', 1, '2012-05-03 11:15:00', 1, 1),
(865, 8, 58, 90, 123, '', 1, '2012-05-03 11:15:05', 1, 1),
(867, 8, 58, 99, 123, '', 1, '2012-05-03 11:15:39', 1, 1),
(868, 8, 58, 123, 101, '', 1, '2012-05-03 11:15:45', 1, 1),
(869, 8, 58, 101, 123, '', 1, '2012-05-03 11:15:46', 1, 1),
(870, 8, 58, 102, 123, '', 1, '2012-05-03 11:16:08', 1, 1),
(878, 8, 58, 121, 123, '', 1, '2012-05-03 11:23:15', 1, 1),
(887, 8, 58, 139, 123, '', 1, '2012-05-03 11:27:35', 1, 1),
(894, 8, 58, 123, 144, '', 1, '2012-05-03 11:30:29', 1, 1),
(907, 8, 58, 123, 169, '', 1, '2012-05-03 11:33:59', 1, 1),
(908, 8, 58, 172, 123, '', 1, '2012-05-03 11:34:10', 1, 1),
(909, 8, 58, 173, 123, '', -1, '2012-05-03 11:34:23', 1, 1),
(910, 8, 58, 123, 174, '', 1, '2012-05-03 11:36:30', 1, 1),
(911, 8, 58, 175, 123, '', 1, '2012-05-03 11:38:09', 1, 1),
(912, 8, 58, 176, 123, '', 1, '2012-05-03 11:38:33', 1, 1),
(916, 8, 58, 186, 123, '', 1, '2012-05-03 11:39:32', 1, 1),
(918, 8, 58, 123, 189, '', 1, '2012-05-03 11:40:07', 1, 1),
(928, 8, 58, 197, 123, '', 1, '2012-05-03 11:43:10', 1, 1),
(929, 8, 58, 123, 200, '', 1, '2012-05-03 11:43:32', 1, 1),
(930, 8, 58, 200, 123, '', 1, '2012-05-03 11:43:33', 1, 1),
(936, 8, 58, 210, 123, '', -1, '2012-05-03 11:45:42', 1, 1),
(937, 8, 58, 211, 123, '', 1, '2012-05-03 11:45:52', 1, 1),
(939, 8, 58, 123, 214, '', 1, '2012-05-03 11:46:05', 1, 1),
(940, 8, 58, 123, 218, '', 1, '2012-05-03 11:46:12', 1, 1),
(941, 8, 58, 123, 219, '', 1, '2012-05-03 11:46:18', 1, 1),
(943, 8, 58, 223, 123, '', 1, '2012-05-03 11:46:35', 1, 1),
(944, 8, 58, 227, 123, '', 1, '2012-05-03 11:46:52', 1, 1),
(947, 8, 58, 230, 123, '', 1, '2012-05-03 11:47:42', 1, 1),
(948, 8, 58, 232, 123, '', 1, '2012-05-03 11:47:51', 1, 1),
(956, 8, 58, 244, 123, '', 1, '2012-05-03 11:49:32', 1, 1),
(957, 8, 58, 245, 123, '', 1, '2012-05-03 11:49:36', 1, 1),
(958, 8, 58, 246, 123, '', 1, '2012-05-03 11:49:42', 1, 1),
(964, 8, 58, 250, 123, '', 1, '2012-05-03 11:50:41', 1, 1),
(965, 8, 58, 251, 123, '', 1, '2012-05-03 11:51:01', 1, 1),
(969, 8, 58, 186, 81, '', 1, '2012-05-03 11:52:22', 1, 1),
(970, 8, 58, 81, 186, '', 1, '2012-05-03 11:52:23', 1, 1),
(973, 8, 58, 186, 90, '', 1, '2012-05-03 11:52:56', 1, 1),
(974, 8, 58, 90, 186, '', 1, '2012-05-03 11:52:58', 1, 1),
(976, 8, 58, 186, 99, '', 1, '2012-05-03 11:53:27', 1, 1),
(977, 8, 58, 99, 186, '', 1, '2012-05-03 11:53:28', 1, 1),
(978, 8, 58, 186, 101, '', 1, '2012-05-03 11:53:35', 1, 1),
(979, 8, 58, 101, 186, '', 1, '2012-05-03 11:53:37', 1, 1),
(980, 8, 58, 102, 186, '', 1, '2012-05-03 11:53:45', 1, 1),
(990, 8, 58, 131, 186, '', 1, '2012-05-03 11:56:09', 1, 1),
(995, 8, 58, 186, 133, '', 1, '2012-05-03 11:57:37', 1, 1),
(996, 8, 58, 133, 186, '', -1, '2012-05-03 11:57:48', 1, 1),
(997, 8, 58, 186, 134, '', 1, '2012-05-03 11:58:15', 1, 1),
(1003, 8, 58, 186, 144, '', 1, '2012-05-03 11:59:43', 1, 1),
(1006, 8, 58, 186, 149, '', 1, '2012-05-03 12:00:09', 1, 1),
(1011, 8, 58, 186, 162, '', 1, '2012-05-03 12:01:17', 1, 1),
(1012, 8, 58, 186, 163, '', 1, '2012-05-03 12:01:21', 1, 1),
(1013, 8, 58, 186, 166, '', 1, '2012-05-03 12:01:27', 1, 1),
(1015, 8, 58, 186, 169, '', 1, '2012-05-03 12:01:40', 1, 1),
(1017, 8, 58, 173, 186, '', -1, '2012-05-03 12:02:09', 1, 1),
(1018, 8, 58, 186, 174, '', 1, '2012-05-03 12:02:24', 1, 1),
(1020, 8, 58, 186, 175, '', 1, '2012-05-03 12:02:52', 1, 1),
(1021, 8, 58, 175, 186, '', 1, '2012-05-03 12:02:53', 1, 1),
(1022, 8, 58, 176, 186, '', 1, '2012-05-03 12:03:07', 1, 1),
(1024, 8, 58, 186, 184, '', 1, '2012-05-03 12:03:28', 1, 1),
(1025, 8, 58, 184, 186, '', 1, '2012-05-03 12:03:30', 1, 1),
(1028, 8, 58, 186, 189, '', 1, '2012-05-03 12:04:22', 1, 1),
(1029, 8, 58, 186, 190, '', 1, '2012-05-03 12:05:29', 1, 1),
(1045, 8, 58, 186, 209, '', 1, '2012-05-03 12:07:44', 1, 1),
(1046, 8, 58, 210, 186, '', -1, '2012-05-03 12:07:51', 1, 1),
(1047, 8, 58, 186, 211, '', 1, '2012-05-03 12:08:20', 1, 1),
(1048, 8, 58, 211, 186, '', 1, '2012-05-03 12:08:22', 1, 1),
(1049, 8, 58, 213, 186, '', 1, '2012-05-03 12:08:37', 1, 1),
(1050, 8, 58, 186, 214, '', 1, '2012-05-03 12:08:46', 1, 1),
(1051, 8, 58, 214, 186, '', 1, '2012-05-03 12:08:47', 1, 1),
(1052, 8, 58, 186, 218, '', 1, '2012-05-03 12:08:55', 1, 1),
(1053, 8, 58, 186, 219, '', 1, '2012-05-03 12:09:00', 1, 1),
(1068, 8, 34, 85, 81, '', 1, '2012-05-03 17:12:46', 1, 1),
(1069, 8, 34, 85, 86, '', 1, '2012-05-03 17:13:54', 1, 1),
(1070, 8, 34, 86, 85, '', 1, '2012-05-03 17:14:05', 1, 1),
(1071, 8, 34, 90, 85, '', 1, '2012-05-03 17:14:16', 1, 1),
(1072, 8, 34, 99, 85, '', 1, '2012-05-03 17:14:54', 1, 1),
(1073, 8, 34, 85, 102, '', 1, '2012-05-03 17:15:46', 1, 1),
(1074, 8, 34, 85, 104, '', 1, '2012-05-03 17:16:10', 1, 1),
(1075, 8, 34, 104, 85, '', 1, '2012-05-03 17:16:12', 1, 1),
(1076, 8, 34, 108, 85, '', -9, '0000-00-00 00:00:00', 1, 1),
(1077, 8, 34, 120, 85, '', 1, '2012-05-03 17:17:04', 1, 1),
(1078, 8, 34, 122, 85, '', 1, '2012-05-03 17:17:29', 1, 1),
(1079, 8, 34, 133, 85, '', 1, '2012-05-03 17:17:54', 1, 1),
(1080, 8, 34, 134, 85, '', 1, '2012-05-03 17:18:04', 1, 1),
(1083, 8, 34, 85, 138, '', 1, '2012-05-03 17:18:39', 1, 1),
(1084, 8, 34, 138, 85, '', 1, '2012-05-03 17:18:41', 1, 1),
(1085, 8, 34, 85, 142, '', 1, '2012-05-03 17:19:05', 1, 1),
(1086, 8, 34, 85, 144, '', 1, '2012-05-03 17:19:39', 1, 1),
(1087, 8, 34, 85, 146, 'good luck with that one :)', 1, '2012-05-03 17:20:00', 1, 1),
(1088, 8, 34, 85, 149, '', 1, '2012-05-03 17:20:36', 1, 1),
(1089, 8, 34, 159, 85, '', 1, '2012-05-03 17:20:50', 1, 1),
(1090, 8, 34, 85, 161, '', 1, '2012-05-03 17:21:10', 1, 1),
(1091, 8, 34, 162, 85, '', 1, '2012-05-03 17:21:25', 1, 1),
(1092, 8, 34, 174, 85, '', 1, '2012-05-03 17:21:52', 1, 1),
(1093, 8, 34, 176, 85, '', 1, '2012-05-03 17:22:20', 1, 1),
(1094, 8, 34, 85, 181, '', 1, '2012-05-03 17:22:50', 1, 1),
(1095, 8, 34, 185, 85, '', 1, '2012-05-03 17:23:01', 1, 1),
(1096, 8, 34, 85, 190, '', 1, '2012-05-03 17:23:40', 1, 1),
(1097, 8, 34, 190, 85, '', 1, '2012-05-03 17:23:42', 1, 1),
(1098, 8, 34, 205, 85, '', 1, '2012-05-03 17:25:16', 1, 1),
(1099, 8, 34, 223, 85, '', 1, '2012-05-03 17:26:05', 1, 1),
(1100, 8, 34, 218, 85, '', 1, '2012-05-03 17:26:41', 1, 1),
(1101, 8, 34, 229, 85, '', 1, '2012-05-03 17:28:27', 1, 1),
(1102, 8, 34, 85, 230, '', 1, '2012-05-03 17:28:50', 1, 1),
(1103, 8, 34, 232, 85, '', 1, '2012-05-03 17:29:00', 1, 1),
(1104, 8, 34, 239, 85, '', 1, '2012-05-03 17:29:29', 1, 1),
(1105, 8, 34, 85, 241, '', 1, '2012-05-03 17:29:37', 1, 1),
(1106, 8, 34, 85, 245, '', 1, '2012-05-03 17:30:08', 1, 1),
(1107, 8, 34, 85, 246, '', 1, '2012-05-03 17:30:21', 1, 1),
(1108, 8, 34, 247, 85, '', -9, '0000-00-00 00:00:00', 1, 1),
(1109, 8, 34, 85, 249, '', 1, '2012-05-03 17:31:14', 1, 1),
(1110, 8, 34, 251, 85, '', 1, '2012-05-03 17:31:31', 1, 1),
(1111, 8, 34, 85, 252, '', 1, '2012-05-03 17:32:10', 1, 1),
(1113, 8, 34, 81, 181, '', 1, '2012-05-03 17:33:27', 1, 1),
(1114, 8, 34, 86, 181, '', 1, '2012-05-03 17:33:38', 1, 1),
(1115, 8, 34, 104, 181, '', 1, '2012-05-03 17:34:09', 1, 1),
(1116, 8, 34, 111, 181, '', 1, '2012-05-03 17:34:39', 1, 1),
(1117, 8, 34, 122, 181, '', -1, '2012-05-03 17:35:08', 1, 1),
(1118, 8, 34, 132, 181, '', 1, '2012-05-03 17:35:29', 1, 1),
(1119, 8, 34, 138, 181, '', 1, '2012-05-03 17:35:38', 1, 1),
(1120, 8, 34, 134, 181, '', 1, '2012-05-03 17:35:43', 1, 1);
INSERT INTO `userLinks` (`id`, `projectId`, `userId`, `issueFromId`, `issueToId`, `comment`, `sign`, `modified`, `num_observers`, `tot_observers`) VALUES
(1121, 8, 34, 148, 181, '', 1, '2012-05-03 17:36:14', 1, 1),
(1122, 8, 34, 149, 181, '', 1, '2012-05-03 17:36:19', 1, 1),
(1123, 8, 34, 156, 181, '', 1, '2012-05-03 17:36:26', 1, 1),
(1124, 8, 34, 159, 181, '', 1, '2012-05-03 17:36:42', 1, 1),
(1125, 8, 34, 166, 181, '', 1, '2012-05-03 17:36:58', 1, 1),
(1126, 8, 34, 163, 181, '', 1, '2012-05-03 17:37:03', 1, 1),
(1127, 8, 34, 169, 181, '', 1, '2012-05-03 17:39:56', 1, 1),
(1128, 8, 34, 181, 173, '', -1, '2012-05-03 17:43:16', 1, 1),
(1129, 8, 34, 173, 181, '', 1, '2012-05-03 17:43:09', 1, 1),
(1130, 8, 34, 184, 181, '', 1, '2012-05-03 17:43:55', 1, 1),
(1131, 8, 34, 185, 181, '', 1, '2012-05-03 17:44:00', 1, 1),
(1132, 8, 34, 181, 188, '', 1, '2012-05-03 17:44:19', 1, 1),
(1133, 8, 34, 188, 181, '', 1, '2012-05-03 17:44:21', 1, 1),
(1134, 8, 34, 181, 195, '', 1, '2012-05-03 17:45:24', 1, 1),
(1135, 8, 34, 195, 181, '', 1, '2012-05-03 17:45:25', 1, 1),
(1137, 8, 34, 213, 181, '', 1, '2012-05-03 17:46:41', 1, 1),
(1138, 8, 34, 218, 181, '', 1, '2012-05-03 17:46:54', 1, 1),
(1139, 8, 34, 223, 181, '', 1, '2012-05-03 17:47:14', 1, 1),
(1140, 8, 34, 181, 245, '', 1, '2012-05-03 17:48:39', 1, 1),
(1141, 8, 34, 245, 181, '', 1, '2012-05-03 17:48:40', 1, 1),
(1142, 8, 34, 246, 181, '', 1, '2012-05-03 17:48:56', 1, 1),
(1143, 8, 34, 181, 249, '', 1, '2012-05-03 17:49:14', 1, 1),
(1144, 8, 34, 251, 181, '', 1, '2012-05-03 17:49:43', 1, 1),
(1145, 8, 34, 252, 181, '', -1, '2012-05-03 17:50:03', 1, 1),
(1146, 8, 34, 253, 181, '', -1, '2012-05-03 17:50:29', 1, 1),
(1147, 8, 34, 81, 230, '', 1, '2012-05-03 17:54:57', 1, 1),
(1148, 8, 34, 86, 230, '', 1, '2012-05-03 17:55:06', 1, 1),
(1149, 8, 34, 90, 230, '', 1, '2012-05-03 17:55:17', 1, 1),
(1150, 8, 34, 111, 230, '', 1, '2012-05-03 17:55:55', 1, 1),
(1151, 8, 34, 120, 230, '', 1, '2012-05-03 17:56:00', 1, 1),
(1152, 8, 34, 131, 230, '', 1, '2012-05-03 17:56:36', 1, 1),
(1153, 8, 34, 132, 230, '', 1, '2012-05-03 17:56:41', 1, 1),
(1154, 8, 34, 133, 230, '', 1, '2012-05-03 17:56:51', 1, 1),
(1155, 8, 34, 134, 230, '', 1, '2012-05-03 17:56:55', 1, 1),
(1156, 8, 34, 138, 230, '', 1, '2012-05-03 17:56:58', 1, 1),
(1157, 8, 34, 144, 230, '', 1, '2012-05-03 17:57:16', 1, 1),
(1158, 8, 34, 148, 230, '', 1, '2012-05-03 17:57:28', 1, 1),
(1159, 8, 34, 156, 230, '', 1, '2012-05-03 17:57:33', 1, 1),
(1160, 8, 34, 162, 230, '', 1, '2012-05-03 17:57:55', 1, 1),
(1161, 8, 34, 166, 230, '', 1, '2012-05-03 17:58:08', 1, 1),
(1162, 8, 34, 167, 230, '', 1, '2012-05-03 17:58:12', 1, 1),
(1163, 8, 34, 175, 230, '', -9, '0000-00-00 00:00:00', 1, 1),
(1164, 8, 34, 184, 230, '', 1, '2012-05-03 17:59:01', 1, 1),
(1165, 8, 34, 188, 230, '', 1, '2012-05-03 17:59:16', 1, 1),
(1166, 8, 34, 191, 230, '', 1, '2012-05-03 17:59:54', 1, 1),
(1167, 8, 34, 197, 230, '', 1, '2012-05-03 18:00:09', 1, 1),
(1168, 8, 34, 203, 230, '', 1, '2012-05-03 18:00:33', 1, 1),
(1169, 8, 34, 202, 230, '', 1, '2012-05-03 18:00:48', 1, 1),
(1170, 8, 34, 208, 230, '', 1, '2012-05-03 18:00:58', 1, 1),
(1171, 8, 34, 210, 230, '', -1, '2012-05-03 18:01:43', 1, 1),
(1172, 8, 34, 211, 230, '', 1, '2012-05-03 18:02:04', 1, 1),
(1173, 8, 34, 221, 230, '', 1, '2012-05-03 18:03:50', 1, 1),
(1174, 8, 34, 223, 230, '', -1, '2012-05-03 18:04:12', 1, 1),
(1175, 8, 34, 232, 230, '', 1, '2012-05-03 18:05:10', 1, 1),
(1176, 8, 34, 242, 230, '', 1, '2012-05-03 18:06:10', 1, 1),
(1177, 8, 34, 245, 230, '', 1, '2012-05-03 18:06:34', 1, 1),
(1178, 8, 34, 247, 230, '', 1, '2012-05-03 18:06:41', 1, 1),
(1179, 8, 34, 251, 230, '', 1, '2012-05-03 18:07:52', 1, 1),
(1182, 8, 34, 86, 241, '', -1, '2012-05-03 18:09:40', 1, 1),
(1183, 8, 34, 90, 241, '', 1, '2012-05-03 18:09:56', 1, 1),
(1184, 8, 34, 99, 241, '', 1, '2012-05-03 18:10:18', 1, 1),
(1185, 8, 34, 101, 241, '', 1, '2012-05-03 18:10:20', 1, 1),
(1186, 8, 34, 102, 241, '', 1, '2012-05-03 18:10:27', 1, 1),
(1187, 8, 34, 241, 104, '', 1, '2012-05-03 18:10:49', 1, 1),
(1188, 8, 34, 107, 241, '', 1, '2012-05-03 18:11:12', 1, 1),
(1189, 8, 34, 108, 241, '', 1, '2012-05-03 18:11:18', 1, 1),
(1190, 8, 34, 111, 241, '', 1, '2012-05-03 18:11:30', 1, 1),
(1191, 8, 34, 120, 241, '', 1, '2012-05-03 18:11:35', 1, 1),
(1192, 8, 34, 121, 241, '', 1, '2012-05-05 16:26:40', 1, 1),
(1193, 8, 34, 122, 241, '', -1, '2012-05-03 18:12:49', 1, 1),
(1194, 8, 34, 123, 241, '', 1, '2012-05-03 18:13:05', 1, 1),
(1195, 8, 34, 131, 241, '', 1, '2012-05-03 18:13:08', 1, 1),
(1196, 8, 34, 138, 241, '', 1, '2012-05-03 18:13:38', 1, 1),
(1197, 8, 34, 241, 142, '', 1, '2012-05-03 18:13:57', 1, 1),
(1198, 8, 58, 186, 229, '', 1, '2012-05-03 19:03:22', 1, 1),
(1199, 8, 58, 230, 186, '', 1, '2012-05-03 19:03:35', 1, 1),
(1200, 8, 58, 186, 232, '', 1, '2012-05-03 19:03:48', 1, 1),
(1201, 8, 58, 232, 186, '', 1, '2012-05-03 19:03:44', 1, 1),
(1208, 8, 58, 186, 244, '', 1, '2012-05-03 19:09:27', 1, 1),
(1209, 8, 58, 186, 245, '', 1, '2012-05-03 19:09:52', 1, 1),
(1211, 8, 58, 186, 246, '', 1, '2012-05-03 19:10:05', 1, 1),
(1212, 8, 58, 246, 186, '', 1, '2012-05-03 19:10:09', 1, 1),
(1213, 8, 58, 186, 247, '', 1, '2012-05-03 19:10:25', 1, 1),
(1214, 8, 58, 186, 248, '', 1, '2012-05-03 19:10:30', 1, 1),
(1215, 8, 58, 186, 249, '', 1, '2012-05-03 19:10:44', 1, 1),
(1216, 8, 58, 249, 186, '', 1, '2012-05-03 19:10:46', 1, 1),
(1218, 8, 58, 251, 186, '', 1, '2012-05-03 19:11:06', 1, 1),
(1237, 8, 48, 81, 166, '', 1, '2012-05-04 07:39:14', 1, 1),
(1238, 8, 48, 99, 166, '', 1, '2012-05-04 07:39:31', 1, 1),
(1239, 8, 48, 102, 166, '', 1, '2012-05-04 07:39:37', 1, 1),
(1240, 8, 48, 122, 166, '', 1, '2012-05-04 07:40:33', 1, 1),
(1241, 8, 48, 166, 131, '', 1, '2012-05-04 07:40:41', 1, 1),
(1242, 8, 48, 131, 166, '', 1, '2012-05-04 07:40:42', 1, 1),
(1243, 8, 48, 132, 166, '', 1, '2012-05-04 07:40:50', 1, 1),
(1244, 8, 48, 133, 166, '', 1, '2012-05-04 07:40:53', 1, 1),
(1245, 8, 48, 134, 166, '', 1, '2012-05-04 07:40:55', 1, 1),
(1246, 8, 48, 144, 166, '', 1, '2012-05-04 07:41:10', 1, 1),
(1247, 8, 48, 166, 146, '', 1, '2012-05-04 07:41:16', 1, 1),
(1248, 8, 48, 166, 149, '', 1, '2012-05-04 07:41:23', 1, 1),
(1249, 8, 48, 166, 161, '', 1, '2012-05-04 07:41:30', 1, 1),
(1250, 8, 48, 167, 166, '', 1, '2012-05-04 07:41:39', 1, 1),
(1252, 8, 48, 173, 166, '', -1, '2012-05-04 07:42:11', 1, 1),
(1253, 8, 48, 175, 166, '', 1, '2012-05-04 07:42:21', 1, 1),
(1254, 8, 48, 176, 166, '', 1, '2012-05-04 07:42:23', 1, 1),
(1256, 8, 48, 166, 184, '', 1, '2012-05-04 07:42:36', 1, 1),
(1257, 8, 48, 184, 166, '', 1, '2012-05-04 07:42:38', 1, 1),
(1259, 8, 48, 166, 189, '', 1, '2012-05-04 07:42:56', 1, 1),
(1260, 8, 48, 189, 166, '', 1, '2012-05-04 07:42:57', 1, 1),
(1261, 8, 48, 208, 166, '', 1, '2012-05-04 07:43:16', 1, 1),
(1262, 8, 48, 210, 166, '', -1, '2012-05-04 07:43:26', 1, 1),
(1263, 8, 48, 166, 213, '', 1, '2012-05-04 07:43:34', 1, 1),
(1264, 8, 48, 213, 166, '', 1, '2012-05-04 07:43:35', 1, 1),
(1265, 8, 48, 166, 219, '', 1, '2012-05-04 07:43:45', 1, 1),
(1266, 8, 48, 219, 166, '', 1, '2012-05-04 07:43:46', 1, 1),
(1267, 8, 48, 221, 166, '', 1, '2012-05-04 07:44:09', 1, 1),
(1268, 8, 48, 244, 166, '', 1, '2012-05-04 07:44:28', 1, 1),
(1269, 8, 48, 243, 166, '', 1, '2012-05-04 07:44:32', 1, 1),
(1270, 8, 48, 247, 166, '', 1, '2012-05-04 07:44:43', 1, 1),
(1271, 8, 48, 248, 166, '', 1, '2012-05-04 07:44:49', 1, 1),
(1272, 8, 48, 166, 252, '', 1, '2012-05-04 07:45:00', 1, 1),
(1273, 8, 48, 251, 166, '', 1, '2012-05-04 07:45:07', 1, 1),
(1274, 8, 48, 254, 166, '', 1, '2012-05-04 07:45:24', 1, 1),
(1275, 8, 48, 144, 211, '', 1, '2012-05-04 07:46:39', 1, 1),
(1276, 8, 48, 156, 211, '', 1, '2012-05-04 07:46:50', 1, 1),
(1277, 8, 48, 167, 211, '', 1, '2012-05-04 07:47:04', 1, 1),
(1278, 8, 48, 169, 211, '', 1, '2012-05-04 07:47:08', 1, 1),
(1279, 8, 48, 185, 211, '', 1, '2012-05-04 07:47:38', 1, 1),
(1280, 8, 48, 191, 211, '', 1, '2012-05-04 07:47:44', 1, 1),
(1282, 8, 48, 211, 219, '', 1, '2012-05-04 07:48:34', 1, 1),
(1283, 8, 48, 219, 211, '', 1, '2012-05-04 07:48:35', 1, 1),
(1284, 8, 48, 230, 211, '', 1, '2012-05-04 07:48:45', 1, 1),
(1285, 8, 48, 250, 211, '', 1, '2012-05-04 07:49:08', 1, 1),
(1286, 8, 48, 251, 211, '', 1, '2012-05-04 07:49:10', 1, 1),
(1287, 8, 48, 254, 211, '', 1, '2012-05-04 07:49:16', 1, 1),
(1288, 8, 48, 174, 102, '', 1, '2012-05-04 07:50:04', 1, 1),
(1289, 8, 48, 174, 104, '', 1, '2012-05-04 07:50:10', 1, 1),
(1290, 8, 48, 174, 120, '', 1, '2012-05-04 07:50:34', 1, 1),
(1291, 8, 48, 174, 108, '', 1, '2012-05-04 07:50:41', 1, 1),
(1292, 8, 48, 174, 123, '', 1, '2012-05-04 07:50:52', 1, 1),
(1293, 8, 48, 174, 132, '', 1, '2012-05-04 07:51:01', 1, 1),
(1294, 8, 48, 174, 134, '', 1, '2012-05-04 07:51:09', 1, 1),
(1295, 8, 48, 174, 133, '', 1, '2012-05-04 07:51:11', 1, 1),
(1296, 8, 48, 174, 142, '', 1, '2012-05-04 07:51:21', 1, 1),
(1297, 8, 48, 148, 174, '', 1, '2012-05-04 07:51:31', 1, 1),
(1299, 8, 48, 174, 149, '', 1, '2012-05-04 07:52:02', 1, 1),
(1300, 8, 48, 149, 174, '', 1, '2012-05-04 07:52:03', 1, 1),
(1302, 8, 48, 174, 175, '', 1, '2012-05-04 07:52:34', 1, 1),
(1303, 8, 48, 175, 174, '', 1, '2012-05-04 07:52:35', 1, 1),
(1304, 8, 48, 214, 174, '', 1, '2012-05-04 07:53:19', 1, 1),
(1306, 8, 48, 223, 174, '', 1, '2012-05-04 07:53:35', 1, 1),
(1307, 8, 48, 229, 174, '', 1, '2012-05-04 07:53:40', 1, 1),
(1308, 8, 48, 232, 174, '', 1, '2012-05-04 07:53:48', 1, 1),
(1310, 8, 48, 174, 247, '', 1, '2012-05-04 07:54:10', 1, 1),
(1312, 8, 30, 81, 121, '', 1, '2012-05-04 11:48:19', 1, 1),
(1315, 8, 30, 121, 96, '', 1, '2012-05-04 10:24:43', 1, 1),
(1323, 8, 30, 121, 111, '', 1, '2012-05-04 11:50:02', 1, 1),
(1324, 8, 30, 121, 99, '', 1, '2012-05-04 11:48:35', 1, 1),
(1326, 8, 30, 121, 123, '', 1, '2012-05-04 11:50:25', 1, 1),
(1327, 8, 30, 121, 131, '', 1, '2012-05-04 11:50:28', 1, 1),
(1328, 8, 30, 121, 132, '', 1, '2012-05-04 11:50:33', 1, 1),
(1329, 8, 30, 121, 138, '', 1, '2012-05-04 11:50:40', 1, 1),
(1331, 8, 30, 121, 142, '', 1, '2012-05-04 11:50:43', 1, 1),
(1333, 8, 30, 121, 146, '', 1, '2012-05-04 11:50:57', 1, 1),
(1335, 8, 30, 121, 156, '', 1, '2012-05-04 10:30:58', 1, 1),
(1340, 8, 30, 121, 173, '', 1, '2012-05-04 10:35:02', 1, 1),
(1343, 8, 30, 121, 188, '', 1, '2012-05-04 10:48:11', 1, 1),
(1345, 8, 30, 121, 209, '', 1, '2012-05-04 11:53:16', 1, 1),
(1346, 8, 30, 209, 121, '', 1, '2012-05-04 11:53:27', 1, 1),
(1352, 8, 30, 121, 243, '', 1, '2012-05-04 10:52:04', 1, 1),
(1353, 8, 30, 121, 248, '', 1, '2012-05-04 11:55:19', 1, 1),
(1360, 8, 30, 176, 122, '', 1, '2012-05-04 11:33:43', 1, 1),
(1366, 8, 30, 172, 176, '', 1, '2012-05-04 11:37:05', 1, 1),
(1367, 8, 30, 184, 176, '', 1, '2012-05-04 11:28:11', 1, 1),
(1369, 8, 30, 176, 191, '', 1, '2012-05-04 11:28:49', 1, 1),
(1370, 8, 30, 176, 209, '', 1, '2012-05-04 11:30:29', 1, 1),
(1371, 8, 30, 176, 210, '', -1, '2012-05-04 11:31:12', 1, 1),
(1373, 8, 30, 90, 176, '', 1, '2012-05-04 11:32:32', 1, 1),
(1374, 8, 30, 101, 176, '', 1, '2012-05-04 11:33:11', 1, 1),
(1375, 8, 30, 176, 107, '', 1, '2012-05-04 11:33:22', 1, 1),
(1376, 8, 30, 120, 176, '', 1, '2012-05-04 11:33:36', 1, 1),
(1377, 8, 30, 139, 176, '', 1, '2012-05-04 11:34:14', 1, 1),
(1378, 8, 30, 176, 146, '', 1, '2012-05-04 11:34:24', 1, 1),
(1379, 8, 30, 148, 176, '', 1, '2012-05-04 11:34:37', 1, 1),
(1381, 8, 30, 176, 218, '', 1, '2012-05-04 11:37:46', 1, 1),
(1382, 8, 30, 176, 219, '', 1, '2012-05-04 11:37:54', 1, 1),
(1383, 8, 30, 221, 176, '', 1, '2012-05-04 11:38:02', 1, 1),
(1384, 8, 30, 223, 176, '', 1, '2012-05-04 11:38:09', 1, 1),
(1385, 8, 30, 227, 176, '', 1, '2012-05-04 11:38:18', 1, 1),
(1386, 8, 30, 176, 230, '', 1, '2012-05-04 11:38:50', 1, 1),
(1387, 8, 30, 176, 242, '', 1, '2012-05-04 11:39:17', 1, 1),
(1388, 8, 30, 176, 244, '', 1, '2012-05-04 11:41:46', 1, 1),
(1389, 8, 30, 176, 245, '', 1, '2012-05-04 11:41:49', 1, 1),
(1390, 8, 30, 176, 246, '', 1, '2012-05-04 11:41:54', 1, 1),
(1391, 8, 30, 121, 101, '', 1, '2012-05-04 11:48:45', 1, 1),
(1392, 8, 30, 101, 121, '', 1, '2012-05-04 11:48:47', 1, 1),
(1393, 8, 30, 121, 102, '', 1, '2012-05-04 11:49:21', 1, 1),
(1394, 8, 30, 121, 104, '', 1, '2012-05-04 11:49:39', 1, 1),
(1395, 8, 30, 104, 121, '', 1, '2012-05-04 11:49:45', 1, 1),
(1396, 8, 30, 122, 121, '', 1, '2012-05-04 11:50:10', 1, 1),
(1397, 8, 30, 121, 149, '', 1, '2012-05-04 11:51:08', 1, 1),
(1398, 8, 30, 121, 161, '', 1, '2012-05-04 11:51:25', 1, 1),
(1400, 8, 30, 121, 172, '', 1, '2012-05-04 11:51:59', 1, 1),
(1401, 8, 30, 172, 121, '', 1, '2012-05-04 11:52:03', 1, 1),
(1402, 8, 30, 121, 184, '', 1, '2012-05-04 11:52:15', 1, 1),
(1403, 8, 30, 121, 192, '', 1, '2012-05-04 11:52:45', 1, 1),
(1404, 8, 30, 121, 210, '', 1, '2012-05-04 11:53:49', 1, 1),
(1405, 8, 30, 121, 213, '', 1, '2012-05-04 11:54:18', 1, 1),
(1406, 8, 30, 121, 221, '', 1, '2012-05-04 11:54:31', 1, 1),
(1407, 8, 30, 121, 242, '', 1, '2012-05-04 11:55:09', 1, 1),
(1408, 8, 30, 81, 223, '', 1, '2012-05-04 12:02:23', 1, 1),
(1409, 8, 30, 223, 96, '', 1, '2012-05-04 12:02:56', 1, 1),
(1410, 8, 30, 223, 99, '', 1, '2012-05-04 12:05:06', 1, 1),
(1412, 8, 30, 223, 102, 'I want to say that data self descriptions need to leave out info (i.e., be less).  Is that a negative correlation?  Depends how you think about it,', -1, '2012-05-04 12:05:49', 1, 1),
(1413, 8, 30, 223, 104, '', 1, '2012-05-04 12:05:59', 1, 1),
(1414, 8, 30, 121, 223, '', 1, '2012-05-04 12:07:59', 1, 1),
(1415, 8, 30, 122, 223, '', 1, '2012-05-04 12:08:15', 1, 1),
(1416, 8, 30, 223, 132, '', 1, '2012-05-04 12:08:30', 1, 1),
(1417, 8, 30, 223, 142, '', 1, '2012-05-04 12:08:46', 1, 1),
(1418, 8, 30, 223, 146, '', 1, '2012-05-04 12:08:54', 1, 1),
(1419, 8, 30, 223, 149, '', 1, '2012-05-04 12:09:20', 1, 1),
(1420, 8, 30, 223, 156, '', 1, '2012-05-04 12:09:25', 1, 1),
(1421, 8, 30, 223, 172, '', 1, '2012-05-04 12:13:34', 1, 1),
(1422, 8, 30, 172, 223, '', 1, '2012-05-04 12:13:35', 1, 1),
(1423, 8, 30, 223, 184, '', 1, '2012-05-04 12:14:21', 1, 1),
(1424, 8, 30, 223, 188, '', 1, '2012-05-04 12:14:37', 1, 1),
(1425, 8, 30, 223, 192, '', 1, '2012-05-04 12:15:29', 1, 1),
(1426, 8, 30, 223, 193, '', -1, '2012-05-04 12:16:05', 1, 1),
(1427, 8, 30, 223, 195, '', 1, '2012-05-04 12:16:25', 1, 1),
(1428, 8, 30, 223, 210, '', 1, '2012-05-04 12:18:36', 1, 1),
(1429, 8, 30, 223, 218, '', 1, '2012-05-04 12:19:01', 1, 1),
(1430, 8, 30, 223, 221, '', 1, '2012-05-04 12:19:17', 1, 1),
(1431, 8, 30, 223, 230, '', -1, '2012-05-04 12:19:36', 1, 1),
(1432, 8, 30, 223, 233, '', 1, '2012-05-04 12:20:04', 1, 1),
(1433, 8, 30, 223, 236, '', 1, '2012-05-04 12:20:14', 1, 1),
(1434, 8, 30, 223, 243, '', 1, '2012-05-04 12:20:26', 1, 1),
(1435, 8, 30, 223, 246, '', 1, '2012-05-04 12:20:43', 1, 1),
(1436, 8, 30, 223, 247, '', 1, '2012-05-04 12:20:57', 1, 1),
(1437, 8, 30, 223, 248, '', 1, '2012-05-04 12:21:01', 1, 1),
(1438, 8, 30, 90, 236, '', 1, '2012-05-04 12:33:29', 1, 1),
(1439, 8, 30, 236, 96, '', 1, '2012-05-04 12:33:40', 1, 1),
(1441, 8, 30, 236, 102, '', -1, '2012-05-04 12:34:15', 1, 1),
(1442, 8, 30, 102, 236, '', 1, '2012-05-04 12:34:13', 1, 1),
(1443, 8, 30, 236, 104, '', 1, '2012-05-04 12:34:36', 1, 1),
(1444, 8, 30, 236, 108, '', 1, '2012-05-04 12:36:04', 1, 1),
(1445, 8, 30, 121, 236, '', 1, '2012-05-04 12:36:27', 1, 1),
(1446, 8, 30, 122, 236, '', 1, '2012-05-04 12:36:33', 1, 1),
(1447, 8, 30, 123, 236, '', -1, '2012-05-04 12:38:15', 1, 1),
(1448, 8, 30, 236, 131, '', 1, '2012-05-04 12:38:45', 1, 1),
(1449, 8, 30, 236, 149, '', 1, '2012-05-04 12:39:40', 1, 1),
(1450, 8, 30, 236, 156, '', 1, '2012-05-04 12:39:49', 1, 1),
(1451, 8, 30, 159, 236, '', 1, '2012-05-04 12:40:15', 1, 1),
(1452, 8, 30, 236, 173, '', 1, '2012-05-04 12:41:08', 1, 1),
(1453, 8, 30, 236, 188, '', 1, '2012-05-04 12:41:43', 1, 1),
(1454, 8, 30, 236, 192, '', 1, '2012-05-04 12:42:01', 1, 1),
(1455, 8, 30, 236, 193, '', -1, '2012-05-04 12:42:12', 1, 1),
(1456, 8, 30, 236, 209, '', 1, '2012-05-04 12:43:36', 1, 1),
(1457, 8, 30, 236, 210, '', -1, '2012-05-04 12:43:50', 1, 1),
(1458, 8, 30, 236, 221, '', 1, '2012-05-04 12:45:41', 1, 1),
(1459, 8, 30, 236, 233, '', 1, '2012-05-04 12:46:14', 1, 1),
(1460, 8, 30, 233, 236, '', 1, '2012-05-04 12:46:15', 1, 1),
(1461, 8, 30, 236, 243, '', 1, '2012-05-04 12:46:38', 1, 1),
(1462, 8, 30, 236, 245, '', 1, '2012-05-04 12:46:51', 1, 1),
(1463, 8, 30, 236, 246, '', 1, '2012-05-04 12:46:58', 1, 1),
(1464, 8, 30, 236, 248, '', 1, '2012-05-04 12:47:08', 1, 1),
(1465, 8, 30, 236, 249, '', 1, '2012-05-04 12:54:12', 1, 1),
(1466, 8, 30, 172, 96, '', 1, '2012-05-04 12:58:39', 1, 1),
(1467, 8, 30, 172, 102, 'this is really just linked because you have to include the  legal category for sharing in the metadata.', 1, '2012-05-04 12:59:12', 1, 1),
(1468, 8, 30, 172, 104, '', 1, '2012-05-04 13:00:14', 1, 1),
(1470, 8, 30, 172, 132, '', 1, '2012-05-04 15:05:09', 1, 1),
(1471, 8, 30, 172, 142, '', 1, '2012-05-04 13:06:15', 1, 1),
(1472, 8, 30, 172, 149, '', 1, '2012-05-04 13:06:37', 1, 1),
(1473, 8, 30, 156, 172, '', 1, '2012-05-04 13:06:58', 1, 1),
(1474, 8, 30, 159, 172, '', 1, '2012-05-04 13:07:15', 1, 1),
(1475, 8, 30, 173, 172, 'if invisibility increases it increases the need for a legal framework but does nothing to the existence of one.', 1, '2012-05-04 13:08:05', 1, 1),
(1476, 8, 30, 172, 188, '', 1, '2012-05-04 13:24:25', 1, 1),
(1477, 8, 30, 172, 192, '', 1, '2012-05-04 13:24:42', 1, 1),
(1478, 8, 30, 172, 193, '', 1, '2012-05-04 13:24:57', 1, 1),
(1479, 8, 30, 172, 200, '', 1, '2012-05-04 13:25:14', 1, 1),
(1480, 8, 30, 172, 210, '', -1, '2012-05-04 13:25:55', 1, 1),
(1481, 8, 30, 172, 221, '', 1, '2012-05-04 13:26:32', 1, 1),
(1482, 8, 30, 172, 230, '', 1, '2012-05-04 13:28:58', 1, 1),
(1483, 8, 30, 172, 233, '', 1, '2012-05-04 13:29:14', 1, 1),
(1484, 8, 30, 172, 236, '', 1, '2012-05-04 13:29:24', 1, 1),
(1485, 8, 30, 172, 243, '', 1, '2012-05-04 13:30:13', 1, 1),
(1486, 8, 30, 172, 246, '', 1, '2012-05-04 13:30:35', 1, 1),
(1487, 8, 30, 172, 247, '', 1, '2012-05-04 13:30:57', 1, 1),
(1488, 8, 30, 172, 248, '', 1, '2012-05-04 13:31:01', 1, 1),
(1489, 8, 30, 172, 250, '', 1, '2012-05-04 13:31:20', 1, 1),
(1490, 8, 30, 81, 203, '', 1, '2012-05-04 13:37:14', 1, 1),
(1491, 8, 30, 86, 203, '', 1, '2012-05-04 13:37:46', 1, 1),
(1492, 8, 30, 90, 203, '', 1, '2012-05-04 13:38:12', 1, 1),
(1493, 8, 54, 85, 200, '', 1, '2012-05-04 13:38:35', 1, 1),
(1495, 8, 30, 203, 99, '', 1, '2012-05-04 13:39:02', 1, 1),
(1496, 8, 30, 99, 203, '', 1, '2012-05-04 13:39:03', 1, 1),
(1498, 8, 30, 203, 107, '', 1, '2012-05-04 13:40:13', 1, 1),
(1499, 8, 30, 107, 203, '', 1, '2012-05-04 13:40:15', 1, 1),
(1500, 8, 54, 108, 200, '', 1, '2012-05-04 13:41:30', 1, 1),
(1501, 8, 30, 203, 131, '', 1, '2012-05-04 13:41:47', 1, 1),
(1502, 8, 30, 203, 132, '', 1, '2012-05-04 13:41:55', 1, 1),
(1503, 8, 30, 203, 161, '', 1, '2012-05-04 13:42:32', 1, 1),
(1504, 8, 54, 200, 138, '', 1, '2012-05-04 13:42:37', 1, 1),
(1505, 8, 54, 200, 142, '', 1, '2012-05-04 13:43:08', 1, 1),
(1506, 8, 30, 173, 203, '', -1, '2012-05-04 13:43:52', 1, 1),
(1507, 8, 54, 159, 200, '', 1, '2012-05-04 13:43:57', 1, 1),
(1508, 8, 54, 200, 144, '', 1, '2012-05-04 13:44:33', 1, 1),
(1509, 8, 54, 144, 200, '', 1, '2012-05-04 13:44:40', 1, 1),
(1510, 8, 30, 203, 191, '', 1, '2012-05-04 13:45:20', 1, 1),
(1511, 8, 30, 203, 193, '', 1, '2012-05-04 13:45:34', 1, 1),
(1512, 8, 30, 203, 230, '', 1, '2012-05-04 13:47:17', 1, 1),
(1513, 8, 30, 203, 250, '', 1, '2012-05-04 13:48:12', 1, 1),
(1514, 8, 59, 85, 81, '', -1, '2012-05-04 13:50:15', 1, 1),
(1515, 8, 59, 81, 85, '', -1, '2012-05-04 13:50:01', 1, 1),
(1516, 8, 54, 200, 175, '', 1, '2012-05-04 13:49:59', 1, 1),
(1517, 8, 54, 175, 200, '', 1, '2012-05-04 13:50:02', 1, 1),
(1519, 8, 59, 85, 104, '', 1, '2012-05-04 13:51:43', 1, 1),
(1520, 8, 54, 192, 200, '', 1, '2012-05-04 13:51:49', 1, 1),
(1522, 8, 59, 85, 121, '', -1, '2012-05-04 13:52:49', 1, 1),
(1523, 8, 59, 121, 85, '', -1, '2012-05-04 13:52:57', 1, 1),
(1524, 8, 54, 200, 254, '', 1, '2012-05-04 13:54:04', 1, 1),
(1525, 8, 59, 85, 149, '', 1, '2012-05-04 13:54:30', 1, 1),
(1526, 8, 30, 81, 233, '', 1, '2012-05-04 13:55:12', 1, 1),
(1527, 8, 59, 85, 174, '', 1, '2012-05-04 13:55:32', 1, 1),
(1528, 8, 54, 200, 241, '', 1, '2012-05-04 13:55:40', 1, 1),
(1529, 8, 30, 233, 96, '', 1, '2012-05-04 13:55:44', 1, 1),
(1530, 8, 59, 181, 85, '', 1, '2012-05-04 13:55:55', 1, 1),
(1531, 8, 59, 85, 185, '', 1, '2012-05-04 13:56:16', 1, 1),
(1532, 8, 54, 200, 229, '', 1, '2012-05-04 13:56:40', 1, 1),
(1533, 8, 54, 229, 200, '', 1, '2012-05-04 13:56:50', 1, 1),
(1535, 8, 59, 85, 192, '', 1, '2012-05-04 13:56:59', 1, 1),
(1536, 8, 59, 192, 85, '', 1, '2012-05-04 13:57:01', 1, 1),
(1537, 8, 59, 85, 200, '', 1, '2012-05-04 13:57:16', 1, 1),
(1538, 8, 30, 233, 121, '', 1, '2012-05-04 13:57:41', 1, 1),
(1539, 8, 30, 121, 233, '', 1, '2012-05-04 13:57:42', 1, 1),
(1540, 8, 30, 133, 233, '', 1, '2012-05-04 13:58:02', 1, 1),
(1541, 8, 59, 85, 218, '', 1, '2012-05-04 13:58:23', 1, 1),
(1542, 8, 30, 233, 149, '', 1, '2012-05-04 13:58:29', 1, 1),
(1543, 8, 59, 85, 223, '', 1, '2012-05-04 13:59:05', 1, 1),
(1544, 8, 59, 223, 85, '', 1, '2012-05-04 13:59:08', 1, 1),
(1545, 8, 59, 85, 229, '', 1, '2012-05-04 13:59:29', 1, 1),
(1546, 8, 59, 85, 245, '', 1, '2012-05-04 14:00:03', 1, 1),
(1548, 8, 59, 85, 246, '', 1, '2012-05-04 14:00:17', 1, 1),
(1549, 8, 59, 246, 85, '', 1, '2012-05-04 14:00:19', 1, 1),
(1550, 8, 54, 108, 219, '', 1, '2012-05-04 14:00:32', 1, 1),
(1551, 8, 59, 85, 249, '', 1, '2012-05-04 14:00:59', 1, 1),
(1552, 8, 59, 85, 250, '', 1, '2012-05-04 14:01:29', 1, 1),
(1553, 8, 59, 85, 138, '', 1, '2012-05-04 14:02:33', 1, 1),
(1554, 8, 59, 85, 96, '', 1, '2012-05-04 14:03:07', 1, 1),
(1555, 8, 59, 85, 86, '', 1, '2012-05-04 14:03:23', 1, 1),
(1556, 8, 59, 86, 85, '', 1, '2012-05-04 14:03:25', 1, 1),
(1557, 8, 54, 122, 219, '', 1, '2012-05-04 14:03:58', 1, 1),
(1559, 8, 59, 111, 81, '', 1, '2012-05-04 14:04:21', 1, 1),
(1560, 8, 59, 81, 111, '', 1, '2012-05-04 14:04:22', 1, 1),
(1561, 8, 54, 219, 146, '', 1, '2012-05-04 14:04:40', 1, 1),
(1563, 8, 54, 219, 149, '', 1, '2012-05-04 14:05:36', 1, 1),
(1564, 8, 59, 111, 149, '', 1, '2012-05-04 14:06:17', 1, 1),
(1565, 8, 59, 111, 162, '', 1, '2012-05-04 14:06:30', 1, 1),
(1566, 8, 59, 111, 163, '', 1, '2012-05-04 14:06:36', 1, 1),
(1567, 8, 54, 166, 219, '', 1, '2012-05-04 14:06:39', 1, 1),
(1568, 8, 59, 111, 169, '', 1, '2012-05-04 14:06:46', 1, 1),
(1569, 8, 59, 111, 188, '', 1, '2012-05-04 14:07:25', 1, 1),
(1570, 8, 59, 111, 189, '', 1, '2012-05-04 14:07:34', 1, 1),
(1571, 8, 59, 111, 195, '', 1, '2012-05-04 14:07:46', 1, 1),
(1572, 8, 59, 111, 197, '', 1, '2012-05-04 14:07:52', 1, 1),
(1573, 8, 59, 111, 200, '', 1, '2012-05-04 14:07:59', 1, 1),
(1574, 8, 59, 243, 111, '', 1, '2012-05-04 14:08:41', 1, 1),
(1576, 8, 54, 219, 189, '', 1, '2012-05-04 14:09:11', 1, 1),
(1577, 8, 59, 111, 247, '', 1, '2012-05-04 14:09:17', 1, 1),
(1578, 8, 59, 111, 248, '', 1, '2012-05-04 14:09:24', 1, 1),
(1579, 8, 59, 111, 249, '', 1, '2012-05-04 14:09:31', 1, 1),
(1580, 8, 59, 111, 251, '', 1, '2012-05-04 14:09:39', 1, 1),
(1581, 8, 54, 191, 219, '', 1, '2012-05-04 14:09:59', 1, 1),
(1582, 8, 59, 163, 96, '', 1, '2012-05-04 14:10:12', 1, 1),
(1583, 8, 59, 163, 99, '', 1, '2012-05-04 14:10:17', 1, 1),
(1584, 8, 59, 163, 101, '', 1, '2012-05-04 14:10:21', 1, 1),
(1585, 8, 59, 163, 102, '', 1, '2012-05-04 14:10:25', 1, 1),
(1586, 8, 59, 163, 104, '', 1, '2012-05-04 14:10:36', 1, 1),
(1587, 8, 59, 163, 107, '', 1, '2012-05-04 14:10:40', 1, 1),
(1588, 8, 59, 123, 163, '', 1, '2012-05-04 14:11:03', 1, 1),
(1589, 8, 59, 131, 163, '', 1, '2012-05-04 14:11:12', 1, 1),
(1590, 8, 59, 133, 163, '', 1, '2012-05-04 14:11:31', 1, 1),
(1591, 8, 59, 163, 138, '', 1, '2012-05-04 14:11:42', 1, 1),
(1592, 8, 59, 163, 144, '', 1, '2012-05-04 14:12:00', 1, 1),
(1593, 8, 59, 163, 149, '', 1, '2012-05-04 14:12:10', 1, 1),
(1594, 8, 59, 167, 163, '', 1, '2012-05-04 14:12:43', 1, 1),
(1595, 8, 54, 218, 219, '', 1, '2012-05-04 14:13:00', 1, 1),
(1596, 8, 59, 163, 169, '', 1, '2012-05-04 14:13:04', 1, 1),
(1597, 8, 59, 169, 163, '', 1, '2012-05-04 14:13:05', 1, 1),
(1598, 8, 54, 213, 219, '', 1, '2012-05-04 14:13:40', 1, 1),
(1599, 8, 59, 184, 163, '', 1, '2012-05-04 14:13:57', 1, 1),
(1600, 8, 59, 188, 163, '', 1, '2012-05-04 14:14:15', 1, 1),
(1601, 8, 59, 163, 189, '', 1, '2012-05-04 14:14:23', 1, 1),
(1602, 8, 59, 163, 190, '', 1, '2012-05-04 14:14:37', 1, 1),
(1604, 8, 59, 163, 208, '', 1, '2012-05-04 14:15:03', 1, 1),
(1605, 8, 59, 208, 163, '', 1, '2012-05-04 14:15:04', 1, 1),
(1606, 8, 54, 232, 219, '', 1, '2012-05-04 14:15:10', 1, 1),
(1607, 8, 59, 213, 163, '', 1, '2012-05-04 14:15:22', 1, 1),
(1608, 8, 59, 163, 218, '', 1, '2012-05-04 14:15:57', 1, 1),
(1609, 8, 54, 242, 219, '', 1, '2012-05-04 14:16:27', 1, 1),
(1610, 8, 59, 246, 163, '', 1, '2012-05-04 14:16:32', 1, 1),
(1611, 8, 59, 163, 249, '', 1, '2012-05-04 14:16:43', 1, 1),
(1612, 8, 59, 251, 163, '', 1, '2012-05-04 14:16:51', 1, 1),
(1613, 8, 59, 163, 254, '', 1, '2012-05-04 14:17:00', 1, 1),
(1614, 8, 59, 200, 81, '', 1, '2012-05-04 14:17:37', 1, 1),
(1615, 8, 59, 81, 200, '', 1, '2012-05-04 14:17:39', 1, 1),
(1616, 8, 54, 244, 219, '', 1, '2012-05-04 14:17:59', 1, 1),
(1617, 8, 59, 200, 86, '', 1, '2012-05-04 14:17:59', 1, 1),
(1618, 8, 59, 86, 200, '', 1, '2012-05-04 14:18:02', 1, 1),
(1619, 8, 59, 200, 96, '', 1, '2012-05-04 14:18:13', 1, 1),
(1620, 8, 59, 101, 200, '', 1, '2012-05-04 14:18:21', 1, 1),
(1621, 8, 54, 245, 219, '', 1, '2012-05-04 14:18:21', 1, 1),
(1622, 8, 59, 104, 200, '', 1, '2012-05-04 14:18:30', 1, 1),
(1623, 8, 59, 123, 200, '', 1, '2012-05-04 14:18:58', 1, 1),
(1624, 8, 59, 131, 200, '', 1, '2012-05-04 14:19:16', 1, 1),
(1625, 8, 54, 219, 253, '', 1, '2012-05-04 14:19:30', 1, 1),
(1626, 8, 59, 134, 200, '', 1, '2012-05-04 14:19:35', 1, 1),
(1627, 8, 59, 138, 200, '', 1, '2012-05-04 14:19:43', 1, 1),
(1628, 8, 59, 142, 200, '', 1, '2012-05-04 14:19:52', 1, 1),
(1629, 8, 30, 233, 156, '', 1, '2012-05-04 14:20:03', 1, 1),
(1630, 8, 59, 156, 200, '', 1, '2012-05-04 14:20:09', 1, 1),
(1631, 8, 54, 250, 219, '', 1, '2012-05-04 14:20:14', 1, 1),
(1632, 8, 59, 159, 200, '', 1, '2012-05-04 14:20:19', 1, 1),
(1633, 8, 59, 162, 200, '', 1, '2012-05-04 14:20:29', 1, 1),
(1634, 8, 59, 166, 200, '', 1, '2012-05-04 14:20:39', 1, 1),
(1635, 8, 59, 167, 200, '', 1, '2012-05-04 14:20:45', 1, 1),
(1636, 8, 30, 233, 173, '', 1, '2012-05-04 14:20:49', 1, 1),
(1637, 8, 59, 169, 200, '', 1, '2012-05-04 14:20:52', 1, 1),
(1638, 8, 59, 174, 200, '', 1, '2012-05-04 14:21:01', 1, 1),
(1639, 8, 59, 175, 200, '', 1, '2012-05-04 14:21:08', 1, 1),
(1640, 8, 59, 181, 200, '', 1, '2012-05-04 14:21:25', 1, 1),
(1641, 8, 59, 190, 200, '', 1, '2012-05-04 14:22:11', 1, 1),
(1642, 8, 59, 192, 200, '', 1, '2012-05-04 14:22:17', 1, 1),
(1643, 8, 59, 200, 193, '', 1, '2012-05-04 14:22:26', 1, 1),
(1644, 8, 30, 233, 192, '', 1, '2012-05-04 14:22:36', 1, 1),
(1645, 8, 59, 202, 200, '', 1, '2012-05-04 14:22:36', 1, 1),
(1646, 8, 59, 205, 200, '', 1, '2012-05-04 14:22:50', 1, 1),
(1647, 8, 59, 210, 200, '', -1, '2012-05-04 14:23:12', 1, 1),
(1648, 8, 59, 200, 213, '', 1, '2012-05-04 14:23:22', 1, 1),
(1649, 8, 59, 213, 200, '', 1, '2012-05-04 14:23:24', 1, 1),
(1650, 8, 59, 223, 200, '', 1, '2012-05-04 14:23:39', 1, 1),
(1651, 8, 30, 233, 193, 'but maybe not in a good way', 1, '2012-05-04 14:23:50', 1, 1),
(1652, 8, 59, 200, 229, '', 1, '2012-05-04 14:23:57', 1, 1),
(1653, 8, 59, 236, 200, '', 1, '2012-05-04 14:24:09', 1, 1),
(1654, 8, 59, 239, 200, '', 1, '2012-05-04 14:24:19', 1, 1),
(1655, 8, 59, 241, 200, '', 1, '2012-05-04 14:24:30', 1, 1),
(1656, 8, 59, 200, 244, '', 1, '2012-05-04 14:24:55', 1, 1),
(1657, 8, 30, 233, 210, '', 1, '2012-05-04 14:25:04', 1, 1),
(1658, 8, 59, 200, 245, '', 1, '2012-05-04 14:25:09', 1, 1),
(1659, 8, 59, 200, 246, '', 1, '2012-05-04 14:25:21', 1, 1),
(1660, 8, 59, 248, 200, '', 1, '2012-05-04 14:25:37', 1, 1),
(1661, 8, 59, 81, 241, '', 1, '2012-05-04 14:26:48', 1, 1),
(1662, 8, 59, 85, 241, '', 1, '2012-05-04 14:26:58', 1, 1),
(1663, 8, 59, 90, 241, '', 1, '2012-05-04 14:27:06', 1, 1),
(1664, 8, 30, 233, 230, '', 1, '2012-05-04 14:27:23', 1, 1),
(1665, 8, 30, 233, 243, '', 1, '2012-05-04 14:27:44', 1, 1),
(1666, 8, 30, 233, 247, '', 1, '2012-05-04 14:28:16', 1, 1),
(1667, 8, 30, 233, 248, '', 1, '2012-05-04 14:28:26', 1, 1),
(1668, 8, 59, 99, 241, '', 1, '2012-05-04 14:28:43', 1, 1),
(1669, 8, 30, 233, 250, '', 1, '2012-05-04 16:30:22', 1, 1),
(1670, 8, 59, 104, 241, '', 1, '2012-05-04 14:29:04', 1, 1),
(1671, 8, 59, 122, 241, '', 1, '2012-05-04 14:29:31', 1, 1),
(1672, 8, 59, 138, 241, '', 1, '2012-05-04 14:29:45', 1, 1),
(1673, 8, 59, 142, 241, '', 1, '2012-05-04 14:29:52', 1, 1),
(1674, 8, 59, 144, 241, '', 1, '2012-05-04 14:30:02', 1, 1),
(1675, 8, 59, 241, 146, '', 1, '2012-05-04 14:30:10', 1, 1),
(1676, 8, 59, 166, 241, '', 1, '2012-05-04 14:30:41', 1, 1),
(1677, 8, 59, 174, 241, '', 1, '2012-05-04 14:31:11', 1, 1),
(1678, 8, 59, 205, 241, '', 1, '2012-05-04 14:31:32', 1, 1),
(1679, 8, 59, 213, 241, '', 1, '2012-05-04 14:31:44', 1, 1),
(1680, 8, 59, 218, 241, '', 1, '2012-05-04 14:31:52', 1, 1),
(1681, 8, 59, 247, 241, '', 1, '2012-05-04 14:32:30', 1, 1),
(1682, 8, 59, 248, 241, '', 1, '2012-05-04 14:32:34', 1, 1),
(1683, 8, 59, 251, 241, '', 1, '2012-05-04 14:32:50', 1, 1),
(1684, 8, 59, 241, 254, '', 1, '2012-05-04 14:33:03', 1, 1),
(1685, 8, 59, 90, 246, '', 1, '2012-05-04 14:33:57', 1, 1),
(1686, 8, 30, 81, 132, '', 1, '2012-05-04 14:43:58', 1, 1),
(1687, 8, 54, 156, 96, '', 1, '2012-05-04 14:44:38', 1, 1),
(1688, 8, 30, 132, 86, '', 1, '2012-05-04 14:44:30', 1, 1),
(1689, 8, 59, 246, 123, '', 1, '2012-05-04 14:44:40', 1, 1),
(1690, 8, 59, 123, 246, '', 1, '2012-05-04 14:44:41', 1, 1),
(1691, 8, 30, 90, 132, '', 1, '2012-05-04 14:44:43', 1, 1),
(1692, 8, 30, 132, 96, '', 1, '2012-05-04 14:44:49', 1, 1),
(1693, 8, 30, 99, 132, '', 1, '2012-05-04 14:44:57', 1, 1),
(1694, 8, 59, 246, 138, '', 1, '2012-05-04 14:45:02', 1, 1),
(1695, 8, 30, 101, 132, '', 1, '2012-05-04 14:45:13', 1, 1),
(1696, 8, 30, 102, 132, '', 1, '2012-05-04 14:45:18', 1, 1),
(1697, 8, 59, 246, 156, '', 1, '2012-05-04 14:45:21', 1, 1),
(1698, 8, 30, 132, 104, '', 1, '2012-05-04 14:45:30', 1, 1),
(1699, 8, 59, 246, 162, '', 1, '2012-05-04 14:45:33', 1, 1),
(1700, 8, 30, 132, 107, '', 1, '2012-05-04 14:45:46', 1, 1),
(1701, 8, 30, 111, 132, '', 1, '2012-05-08 06:32:35', 1, 1),
(1702, 8, 59, 186, 246, '', 1, '2012-05-04 14:46:18', 1, 1),
(1703, 8, 54, 121, 156, '', 1, '2012-05-04 14:46:42', 1, 1),
(1704, 8, 59, 246, 188, '', 1, '2012-05-04 14:46:43', 1, 1),
(1705, 8, 30, 131, 132, '', 1, '2012-05-04 14:46:49', 1, 1),
(1706, 8, 59, 192, 246, '', 1, '2012-05-04 14:46:57', 1, 1),
(1707, 8, 30, 138, 132, '', 1, '2012-05-04 14:47:06', 1, 1),
(1708, 8, 30, 139, 132, '', 1, '2012-05-04 14:47:12', 1, 1),
(1709, 8, 59, 205, 246, '', 1, '2012-05-04 14:47:25', 1, 1),
(1710, 8, 30, 142, 132, '', 1, '2012-05-04 14:47:28', 1, 1),
(1711, 8, 59, 246, 208, '', 1, '2012-05-04 14:47:33', 1, 1),
(1712, 8, 59, 208, 246, '', 1, '2012-05-04 14:47:34', 1, 1),
(1713, 8, 54, 122, 156, '', 1, '2012-05-04 14:47:40', 1, 1),
(1714, 8, 30, 146, 132, '', 1, '2012-05-04 14:47:39', 1, 1),
(1715, 8, 30, 148, 132, '', 1, '2012-05-04 14:47:44', 1, 1),
(1716, 8, 30, 132, 149, '', 1, '2012-05-04 14:47:54', 1, 1),
(1717, 8, 59, 246, 210, '', -1, '2012-05-04 14:48:04', 1, 1),
(1718, 8, 30, 132, 156, '', -1, '2012-05-04 14:48:05', 1, 1),
(1719, 8, 59, 246, 219, '', 1, '2012-05-04 14:48:28', 1, 1),
(1720, 8, 59, 219, 246, '', 1, '2012-05-04 14:48:29', 1, 1),
(1721, 8, 30, 159, 132, '', 1, '2012-05-04 14:48:38', 1, 1),
(1722, 8, 59, 246, 221, '', -1, '2012-05-04 14:48:44', 1, 1),
(1723, 8, 30, 132, 161, '', 1, '2012-05-04 14:48:49', 1, 1),
(1724, 8, 59, 223, 246, '', 1, '2012-05-04 14:48:50', 1, 1),
(1725, 8, 59, 246, 229, '', 1, '2012-05-04 14:49:07', 1, 1),
(1726, 8, 59, 246, 230, '', 1, '2012-05-04 14:49:16', 1, 1),
(1727, 8, 59, 232, 246, '', 1, '2012-05-04 14:49:22', 1, 1),
(1728, 8, 54, 134, 156, '', -1, '2012-05-04 14:49:48', 1, 1),
(1729, 8, 59, 233, 246, '', 1, '2012-05-04 14:49:29', 1, 1),
(1730, 8, 59, 236, 246, '', 1, '2012-05-04 14:49:37', 1, 1),
(1731, 8, 59, 239, 246, '', 1, '2012-05-04 14:49:43', 1, 1),
(1732, 8, 54, 133, 156, '', -1, '2012-05-04 14:50:07', 1, 1),
(1733, 8, 59, 246, 241, '', 1, '2012-05-04 14:50:01', 1, 1),
(1736, 8, 59, 246, 243, '', 1, '2012-05-04 14:50:36', 1, 1),
(1737, 8, 59, 246, 242, '', 1, '2012-05-04 14:50:45', 1, 1),
(1738, 8, 59, 246, 244, '', 1, '2012-05-04 14:50:50', 1, 1),
(1739, 8, 59, 246, 245, '', 1, '2012-05-04 14:50:59', 1, 1),
(1740, 8, 59, 246, 248, '', 1, '2012-05-04 14:51:17', 1, 1),
(1741, 8, 59, 246, 249, '', 1, '2012-05-04 14:51:41', 1, 1),
(1742, 8, 59, 246, 250, '', 1, '2012-05-04 14:51:48', 1, 1),
(1743, 8, 59, 246, 251, '', 1, '2012-05-04 14:51:56', 1, 1),
(1744, 8, 59, 246, 111, '', 1, '2012-05-04 14:52:21', 1, 1),
(1745, 8, 59, 246, 107, '', 1, '2012-05-04 14:52:38', 1, 1),
(1746, 8, 59, 246, 104, '', 1, '2012-05-04 14:52:42', 1, 1),
(1747, 8, 59, 246, 101, '', 1, '2012-05-04 14:52:47', 1, 1),
(1748, 8, 59, 99, 107, '', 1, '2012-05-04 14:53:21', 1, 1),
(1749, 8, 54, 156, 162, '', 1, '2012-05-04 14:53:37', 1, 1),
(1750, 8, 59, 101, 107, '', 1, '2012-05-04 14:53:25', 1, 1),
(1751, 8, 59, 102, 107, '', 1, '2012-05-04 14:53:30', 1, 1),
(1752, 8, 59, 108, 107, '', 1, '2012-05-04 14:53:45', 1, 1),
(1753, 8, 59, 111, 107, '', 1, '2012-05-04 14:53:49', 1, 1),
(1755, 8, 59, 123, 107, '', 1, '2012-05-04 14:53:55', 1, 1),
(1756, 8, 59, 202, 107, '', 1, '2012-05-04 14:56:08', 1, 1),
(1757, 8, 59, 208, 107, '', 1, '2012-05-04 14:56:17', 1, 1),
(1758, 8, 59, 223, 107, '', 1, '2012-05-04 14:56:46', 1, 1),
(1759, 8, 59, 232, 107, '', 1, '2012-05-04 14:57:02', 1, 1),
(1760, 8, 59, 239, 107, '', 1, '2012-05-04 14:57:13', 1, 1),
(1761, 8, 59, 251, 107, '', 1, '2012-05-04 14:57:38', 1, 1),
(1762, 8, 59, 131, 107, '', 1, '2012-05-04 14:57:58', 1, 1),
(1763, 8, 59, 90, 108, '', 1, '2012-05-04 14:59:02', 1, 1),
(1764, 8, 59, 96, 108, '', 1, '2012-05-04 14:59:08', 1, 1),
(1765, 8, 59, 99, 108, '', 1, '2012-05-04 14:59:13', 1, 1),
(1766, 8, 59, 101, 108, '', 1, '2012-05-04 14:59:15', 1, 1),
(1767, 8, 59, 108, 111, '', 1, '2012-05-04 14:59:38', 1, 1),
(1768, 8, 59, 111, 108, '', 1, '2012-05-04 14:59:39', 1, 1),
(1769, 8, 59, 108, 123, '', 1, '2012-05-04 14:59:55', 1, 1),
(1770, 8, 59, 123, 108, '', 1, '2012-05-04 14:59:56', 1, 1),
(1771, 8, 59, 131, 108, '', 1, '2012-05-04 15:00:07', 1, 1),
(1772, 8, 59, 108, 163, '', 1, '2012-05-04 15:00:27', 1, 1),
(1773, 8, 59, 108, 197, '', 1, '2012-05-04 15:00:58', 1, 1),
(1774, 8, 59, 108, 208, '', 1, '2012-05-04 15:01:20', 1, 1),
(1775, 8, 59, 108, 213, '', 1, '2012-05-04 15:01:34', 1, 1),
(1776, 8, 59, 214, 108, '', 1, '2012-05-04 15:01:44', 1, 1),
(1777, 8, 59, 108, 219, '', 1, '2012-05-04 15:01:52', 1, 1),
(1778, 8, 59, 108, 244, '', 1, '2012-05-04 15:02:29', 1, 1),
(1779, 8, 59, 108, 246, '', 1, '2012-05-04 15:02:43', 1, 1),
(1780, 8, 59, 246, 108, '', 1, '2012-05-04 15:02:44', 1, 1),
(1781, 8, 59, 248, 108, '', 1, '2012-05-04 15:03:01', 1, 1),
(1782, 8, 59, 247, 108, '', 1, '2012-05-04 15:03:05', 1, 1),
(1783, 8, 59, 251, 108, '', 1, '2012-05-04 15:03:20', 1, 1),
(1784, 8, 59, 81, 132, '', 1, '2012-05-04 15:05:10', 1, 1),
(1785, 8, 59, 132, 96, '', 1, '2012-05-04 15:05:25', 1, 1),
(1786, 8, 59, 99, 132, '', 1, '2012-05-04 15:05:34', 1, 1),
(1787, 8, 59, 101, 132, '', 1, '2012-05-04 15:05:39', 1, 1),
(1788, 8, 59, 132, 104, '', 1, '2012-05-04 15:05:48', 1, 1),
(1789, 8, 30, 174, 132, '', 1, '2012-05-04 15:06:19', 1, 1),
(1790, 8, 59, 122, 132, '', 1, '2012-05-04 15:06:27', 1, 1),
(1791, 8, 30, 132, 175, '', 1, '2012-05-04 15:06:31', 1, 1),
(1792, 8, 59, 123, 132, '', 1, '2012-05-04 15:06:34', 1, 1),
(1793, 8, 59, 138, 132, '', 1, '2012-05-04 15:06:46', 1, 1),
(1794, 8, 59, 139, 132, '', 1, '2012-05-04 15:06:52', 1, 1),
(1795, 8, 59, 132, 146, '', 1, '2012-05-04 15:07:05', 1, 1),
(1796, 8, 59, 132, 149, '', 1, '2012-05-04 15:07:18', 1, 1),
(1797, 8, 59, 159, 132, '', 1, '2012-05-04 15:07:28', 1, 1),
(1798, 8, 59, 167, 132, '', 1, '2012-05-04 15:07:50', 1, 1),
(1799, 8, 30, 132, 181, 'This may not say more than just that proportions aren''t the best way to think about this.  I''m pretty sure, though, that "social rewards" aren''t for everyone and that as the number of those with access goes up, the proportion will go down who are motivated by social rewards.', -1, '2012-05-04 15:08:05', 1, 1),
(1800, 8, 59, 188, 132, '', 1, '2012-05-04 15:08:28', 1, 1),
(1801, 8, 59, 195, 132, '', 1, '2012-05-04 15:08:45', 1, 1),
(1802, 8, 59, 202, 132, '', 1, '2012-05-04 15:08:52', 1, 1),
(1803, 8, 59, 210, 132, '', -1, '2012-05-04 15:09:26', 1, 1),
(1804, 8, 59, 213, 132, '', 1, '2012-05-04 15:09:44', 1, 1),
(1805, 8, 30, 132, 189, '', 1, '2012-05-04 15:09:45', 1, 1),
(1806, 8, 30, 132, 193, '', 1, '2012-05-04 15:10:13', 1, 1),
(1807, 8, 59, 132, 236, '', 1, '2012-05-04 15:10:27', 1, 1),
(1808, 8, 59, 236, 132, '', 1, '2012-05-04 15:10:29', 1, 1),
(1809, 8, 59, 132, 233, '', 1, '2012-05-04 15:10:32', 1, 1),
(1810, 8, 59, 233, 132, '', 1, '2012-05-04 15:10:33', 1, 1),
(1811, 8, 30, 197, 132, '', 1, '2012-05-04 15:10:39', 1, 1),
(1812, 8, 59, 239, 132, '', 1, '2012-05-04 15:10:43', 1, 1),
(1813, 8, 59, 243, 132, '', 1, '2012-05-04 15:10:56', 1, 1),
(1814, 8, 30, 202, 132, '', 1, '2012-05-04 15:10:58', 1, 1),
(1815, 8, 59, 244, 132, '', 1, '2012-05-04 15:11:10', 1, 1),
(1816, 8, 59, 245, 132, '', 1, '2012-05-04 15:11:16', 1, 1),
(1817, 8, 59, 247, 132, '', 1, '2012-05-04 15:11:42', 1, 1),
(1818, 8, 59, 248, 132, '', 1, '2012-05-04 15:11:47', 1, 1),
(1819, 8, 30, 132, 230, '', 1, '2012-05-04 15:12:04', 1, 1),
(1820, 8, 30, 132, 243, '', 1, '2012-05-04 15:12:31', 1, 1),
(1821, 8, 59, 251, 132, '', 1, '2012-05-04 15:12:39', 1, 1),
(1823, 8, 30, 132, 245, '', 1, '2012-05-04 15:12:46', 1, 1),
(1825, 8, 59, 250, 132, '', 1, '2012-05-04 15:12:52', 1, 1),
(1826, 8, 30, 132, 246, '', 1, '2012-05-04 15:13:07', 1, 1),
(1827, 8, 30, 246, 132, '', 1, '2012-05-04 15:13:09', 1, 1),
(1828, 8, 30, 132, 244, '', 1, '2012-05-04 15:13:26', 1, 1),
(1829, 8, 30, 244, 132, '', 1, '2012-05-04 15:13:28', 1, 1),
(1830, 8, 59, 197, 107, '', 1, '2012-05-04 15:14:03', 1, 1),
(1831, 8, 30, 132, 254, '', 1, '2012-05-04 15:14:56', 1, 1),
(1832, 8, 30, 132, 253, '', 1, '2012-05-04 15:15:05', 1, 1),
(1833, 8, 30, 132, 250, '', 1, '2012-05-04 15:15:20', 1, 1),
(1834, 8, 59, 208, 197, '', 1, '2012-05-04 15:15:23', 1, 1),
(1835, 8, 30, 132, 249, '', 1, '2012-05-04 15:15:33', 1, 1),
(1836, 8, 59, 246, 197, '', 1, '2012-05-04 15:15:43', 1, 1),
(1837, 8, 54, 192, 96, '', 1, '2012-05-04 16:06:25', 1, 1),
(1838, 8, 54, 102, 192, '', 1, '2012-05-04 16:06:37', 1, 1),
(1839, 8, 54, 192, 104, '', 1, '2012-05-04 16:07:15', 1, 1),
(1840, 8, 54, 192, 156, '', 1, '2012-05-04 16:10:29', 1, 1),
(1841, 8, 54, 156, 192, '', 1, '2012-05-04 16:10:31', 1, 1),
(1844, 8, 54, 191, 192, '', 1, '2012-05-04 16:12:17', 1, 1),
(1845, 8, 54, 192, 254, '', 1, '2012-05-04 16:14:23', 1, 1),
(1846, 8, 54, 192, 250, '', 1, '2012-05-04 16:15:32', 1, 1),
(1847, 8, 54, 250, 192, '', -1, '2012-05-04 16:15:33', 1, 1),
(1848, 8, 54, 192, 246, '', 1, '2012-05-04 16:16:55', 1, 1),
(1849, 8, 54, 192, 245, '', 1, '2012-05-04 16:17:19', 1, 1),
(1850, 8, 54, 192, 243, '', 1, '2012-05-04 16:17:36', 1, 1),
(1852, 8, 54, 192, 242, '', 1, '2012-05-04 16:18:04', 1, 1),
(1853, 8, 54, 242, 192, '', 1, '2012-05-04 16:18:05', 1, 1),
(1854, 8, 54, 192, 241, '', 1, '2012-05-04 16:18:18', 1, 1),
(1855, 8, 30, 233, 99, 'it will reduce it but in a good way.', -1, '2012-05-04 16:20:24', 1, 1),
(1856, 8, 30, 233, 102, '', 1, '2012-05-04 16:21:23', 1, 1),
(1857, 8, 30, 233, 104, '', 1, '2012-05-04 16:21:37', 1, 1),
(1858, 8, 30, 233, 111, '', 1, '2012-05-04 16:21:47', 1, 1),
(1859, 8, 30, 122, 233, '', 1, '2012-05-04 16:22:00', 1, 1),
(1860, 8, 30, 233, 132, '', 1, '2012-05-04 16:22:48', 1, 1),
(1861, 8, 54, 81, 249, '', 1, '2012-05-04 16:23:12', 1, 1),
(1862, 8, 30, 233, 131, '', 1, '2012-05-04 16:23:13', 1, 1),
(1863, 8, 30, 233, 142, '', 1, '2012-05-04 16:23:31', 1, 1),
(1864, 8, 54, 85, 249, '', 1, '2012-05-04 16:23:34', 1, 1),
(1865, 8, 54, 86, 249, '', 1, '2012-05-04 16:23:43', 1, 1),
(1866, 8, 30, 233, 146, '', 1, '2012-05-04 16:23:44', 1, 1),
(1867, 8, 54, 249, 96, '', 1, '2012-05-04 16:23:59', 1, 1),
(1868, 8, 54, 96, 249, '', 1, '2012-05-04 16:24:00', 1, 1),
(1869, 8, 30, 159, 233, '', 1, '2012-05-04 16:24:12', 1, 1),
(1870, 8, 54, 104, 249, '', 1, '2012-05-04 16:24:49', 1, 1),
(1871, 8, 54, 120, 249, '', 1, '2012-05-04 16:25:28', 1, 1),
(1872, 8, 30, 233, 176, '', 1, '2012-05-04 16:26:04', 1, 1),
(1873, 8, 30, 233, 188, '', 1, '2012-05-04 16:26:28', 1, 1),
(1874, 8, 54, 249, 254, '', 1, '2012-05-04 16:26:47', 1, 1),
(1875, 8, 30, 233, 209, '', 1, '2012-05-04 16:27:54', 1, 1),
(1876, 8, 30, 233, 221, '', 1, '2012-05-04 16:28:55', 1, 1),
(1877, 8, 30, 233, 246, '', 1, '2012-05-04 16:29:31', 1, 1),
(1878, 8, 54, 249, 243, '', 1, '2012-05-04 16:30:19', 1, 1),
(1879, 8, 54, 243, 249, '', 1, '2012-05-04 16:30:20', 1, 1),
(1880, 8, 54, 241, 249, '', 1, '2012-05-04 16:31:20', 1, 1),
(1881, 8, 54, 229, 249, '', 1, '2012-05-04 16:31:44', 1, 1),
(1882, 8, 54, 223, 249, '', 1, '2012-05-04 16:31:57', 1, 1),
(1883, 8, 54, 249, 213, '', 1, '2012-05-04 16:32:22', 1, 1),
(1884, 8, 54, 213, 249, '', 1, '2012-05-04 16:32:23', 1, 1),
(1885, 8, 54, 200, 249, '', 1, '2012-05-04 16:32:49', 1, 1),
(1886, 8, 54, 192, 249, '', 1, '2012-05-04 16:33:03', 1, 1),
(1887, 8, 54, 249, 189, '', 1, '2012-05-04 16:33:24', 1, 1),
(1888, 8, 54, 249, 185, '', 1, '2012-05-04 16:33:42', 1, 1),
(1889, 8, 54, 185, 249, '', 1, '2012-05-04 16:33:43', 1, 1),
(1890, 8, 54, 181, 249, '', 1, '2012-05-04 16:34:15', 1, 1),
(1891, 8, 54, 167, 249, '', 1, '2012-05-04 16:34:36', 1, 1),
(1892, 8, 30, 120, 85, '', 1, '2012-05-04 16:34:38', 1, 1),
(1893, 8, 30, 85, 120, '', 1, '2012-05-04 16:34:44', 1, 1),
(1894, 8, 30, 86, 120, '', 1, '2012-05-04 16:34:59', 1, 1),
(1895, 8, 54, 144, 249, '', 1, '2012-05-04 16:35:01', 1, 1),
(1896, 8, 30, 96, 120, '', 1, '2012-05-04 16:35:16', 1, 1),
(1897, 8, 54, 249, 138, '', 1, '2012-05-04 16:35:27', 1, 1),
(1898, 8, 30, 120, 104, '', 1, '2012-05-04 16:35:40', 1, 1),
(1899, 8, 30, 104, 120, '', 1, '2012-05-04 16:35:42', 1, 1),
(1900, 8, 30, 139, 120, '', -1, '2012-05-04 16:38:07', 1, 1),
(1901, 8, 30, 142, 120, '', 1, '2012-05-04 16:38:18', 1, 1),
(1902, 8, 54, 101, 188, '', 1, '2012-05-04 16:38:28', 1, 1),
(1903, 8, 30, 148, 120, '', -1, '2012-05-04 16:38:34', 1, 1),
(1904, 8, 54, 102, 188, '', 1, '2012-05-04 16:38:39', 1, 1),
(1905, 8, 30, 120, 149, '', 1, '2012-05-04 16:38:44', 1, 1),
(1906, 8, 54, 188, 104, '', 1, '2012-05-04 16:38:49', 1, 1),
(1907, 8, 54, 111, 188, '', 1, '2012-05-04 16:39:05', 1, 1),
(1908, 8, 30, 172, 120, '', 1, '2012-05-04 16:39:32', 1, 1),
(1909, 8, 54, 188, 120, '', 1, '2012-05-04 16:39:30', 1, 1),
(1910, 8, 54, 133, 188, '', 1, '2012-05-04 16:40:43', 1, 1),
(1912, 8, 54, 188, 134, '', 1, '2012-05-04 16:41:17', 1, 1),
(1913, 8, 54, 134, 188, '', 1, '2012-05-04 16:41:21', 1, 1),
(1914, 8, 30, 120, 193, '', 1, '2012-05-04 16:41:16', 1, 1),
(1916, 8, 30, 120, 221, '', 1, '2012-05-04 16:42:41', 1, 1),
(1917, 8, 30, 120, 233, '', 1, '2012-05-04 16:43:24', 1, 1),
(1918, 8, 30, 233, 120, '', 1, '2012-05-04 16:43:25', 1, 1),
(1919, 8, 30, 120, 236, '', 1, '2012-05-04 16:43:43', 1, 1),
(1920, 8, 30, 236, 120, '', 1, '2012-05-04 16:43:45', 1, 1),
(1921, 8, 30, 120, 243, '', 1, '2012-05-04 16:44:29', 1, 1),
(1923, 8, 30, 120, 246, '', 1, '2012-05-04 16:44:56', 1, 1),
(1924, 8, 30, 246, 120, '', 1, '2012-05-04 16:44:58', 1, 1),
(1925, 8, 54, 188, 138, '', 1, '2012-05-04 16:47:57', 1, 1),
(1926, 8, 54, 148, 188, '', 1, '2012-05-04 16:49:07', 1, 1),
(1927, 8, 54, 188, 149, '', 1, '2012-05-04 16:49:26', 1, 1),
(1928, 8, 54, 188, 162, '', 1, '2012-05-04 16:50:03', 1, 1),
(1929, 8, 54, 188, 169, '', 1, '2012-05-04 16:50:35', 1, 1),
(1930, 8, 54, 173, 188, '', 1, '2012-05-04 16:51:04', 1, 1),
(1931, 8, 54, 188, 184, '', 1, '2012-05-04 16:51:44', 1, 1),
(1932, 8, 54, 184, 188, '', 1, '2012-05-04 16:51:45', 1, 1),
(1933, 8, 54, 197, 188, '', 1, '2012-05-04 16:52:22', 1, 1),
(1934, 8, 54, 188, 195, '', 1, '2012-05-04 16:52:45', 1, 1),
(1935, 8, 54, 195, 188, '', 1, '2012-05-04 16:52:47', 1, 1),
(1936, 8, 54, 188, 205, '', 1, '2012-05-04 16:53:15', 1, 1),
(1937, 8, 54, 214, 188, '', 1, '2012-05-04 16:55:07', 1, 1),
(1938, 8, 54, 188, 219, '', 1, '2012-05-04 16:55:42', 1, 1),
(1939, 8, 54, 188, 218, '', 1, '2012-05-04 16:55:50', 1, 1),
(1940, 8, 54, 239, 188, '', 1, '2012-05-04 16:56:36', 1, 1),
(1941, 8, 54, 188, 243, '', 1, '2012-05-04 16:57:02', 1, 1),
(1942, 8, 54, 243, 188, '', 1, '2012-05-04 16:57:03', 1, 1),
(1943, 8, 46, 85, 81, '', 1, '2012-05-04 16:59:18', 1, 1),
(1946, 8, 54, 188, 244, '', 1, '2012-05-04 16:57:21', 1, 1),
(1947, 8, 46, 101, 81, '', 1, '2012-05-04 16:59:12', 1, 1),
(1948, 8, 54, 188, 245, '', 1, '2012-05-04 16:57:42', 1, 1),
(1949, 8, 54, 188, 247, '', 1, '2012-05-04 16:58:00', 1, 1),
(1950, 8, 54, 247, 188, '', 1, '2012-05-04 16:58:01', 1, 1),
(1951, 8, 54, 188, 248, '', 1, '2012-05-04 16:58:05', 1, 1),
(1952, 8, 54, 248, 188, '', 1, '2012-05-04 16:58:06', 1, 1),
(1953, 8, 46, 81, 108, '', 1, '2012-05-04 16:58:54', 1, 1),
(1954, 8, 46, 108, 81, '', 1, '2012-05-04 16:58:57', 1, 1),
(1955, 8, 46, 81, 121, '', -1, '2012-05-04 16:58:42', 1, 1),
(1956, 8, 54, 251, 188, '', 1, '2012-05-04 16:58:25', 1, 1),
(1957, 8, 54, 188, 253, '', 1, '2012-05-04 16:58:31', 1, 1),
(1958, 8, 54, 188, 254, '', 1, '2012-05-04 16:58:34', 1, 1),
(1959, 8, 54, 254, 189, '', 1, '2012-05-04 16:59:06', 1, 1),
(1960, 8, 54, 189, 253, '', 1, '2012-05-04 16:59:15', 1, 1),
(1961, 8, 54, 189, 252, '', 1, '2012-05-04 16:59:30', 1, 1),
(1962, 8, 54, 251, 189, '', 1, '2012-05-04 16:59:45', 1, 1),
(1963, 8, 46, 81, 86, '', 1, '2012-05-04 16:59:53', 1, 1),
(1964, 8, 54, 245, 189, '', 1, '2012-05-04 17:00:06', 1, 1),
(1965, 8, 46, 81, 122, '', 1, '2012-05-04 17:00:14', 1, 1),
(1966, 8, 46, 81, 123, '', -1, '2012-05-04 17:00:27', 1, 1),
(1967, 8, 54, 244, 189, '', 1, '2012-05-04 17:00:38', 1, 1),
(1968, 8, 46, 131, 81, '', 1, '2012-05-04 17:00:55', 1, 1),
(1969, 8, 46, 81, 132, '', 1, '2012-05-04 17:01:04', 1, 1),
(1970, 8, 46, 81, 133, '', -1, '2012-05-04 17:01:19', 1, 1),
(1971, 8, 54, 230, 189, '', 1, '2012-05-04 17:01:21', 1, 1),
(1972, 8, 46, 81, 139, '', 1, '2012-05-04 17:01:38', 1, 1),
(1973, 8, 46, 81, 142, '', 1, '2012-05-04 17:01:45', 1, 1),
(1974, 8, 46, 142, 81, '', 1, '2012-05-04 17:01:48', 1, 1),
(1975, 8, 46, 81, 148, '', -1, '2012-05-04 17:02:06', 1, 1),
(1976, 8, 46, 81, 149, '', 1, '2012-05-04 17:02:16', 1, 1),
(1979, 8, 46, 81, 166, '', 1, '2012-05-04 17:02:45', 1, 1),
(1981, 8, 54, 229, 189, '', 1, '2012-05-04 17:03:04', 1, 1),
(1982, 8, 54, 218, 189, '', 1, '2012-05-04 17:03:18', 1, 1),
(1983, 8, 46, 172, 81, '', -1, '2012-05-04 17:03:19', 1, 1),
(1984, 8, 54, 213, 189, '', 1, '2012-05-04 17:03:34', 1, 1),
(1985, 8, 46, 81, 173, '', -1, '2012-05-04 17:03:34', 1, 1),
(1986, 8, 46, 81, 174, '', 1, '2012-05-04 17:03:41', 1, 1),
(1987, 8, 46, 81, 175, '', -1, '2012-05-04 17:03:50', 1, 1),
(1988, 8, 54, 208, 189, '', 1, '2012-05-04 17:03:55', 1, 1),
(1989, 8, 46, 81, 176, '', -1, '2012-05-04 17:04:01', 1, 1),
(1990, 8, 54, 195, 189, '', 1, '2012-05-04 17:05:16', 1, 1),
(1991, 8, 46, 81, 184, '', -1, '2012-05-04 17:05:28', 1, 1),
(1992, 8, 46, 185, 81, '', 1, '2012-05-04 17:05:37', 1, 1),
(1993, 8, 46, 81, 186, '', -1, '2012-05-04 17:05:42', 1, 1),
(1994, 8, 54, 186, 189, '', 1, '2012-05-04 17:06:07', 1, 1),
(1995, 8, 46, 189, 81, '', 1, '2012-05-04 17:06:13', 1, 1),
(1996, 8, 46, 81, 191, '', -1, '2012-05-04 17:06:28', 1, 1),
(1997, 8, 46, 81, 192, '', -1, '2012-05-04 17:06:35', 1, 1),
(1998, 8, 46, 81, 200, '', -1, '2012-05-04 17:06:51', 1, 1),
(1999, 8, 46, 81, 202, '', -1, '2012-05-04 17:07:16', 1, 1),
(2000, 8, 46, 202, 81, '', -1, '2012-05-04 17:07:17', 1, 1),
(2001, 8, 46, 81, 205, '', 1, '2012-05-04 17:07:36', 1, 1),
(2002, 8, 46, 205, 81, '', 1, '2012-05-04 17:07:38', 1, 1),
(2003, 8, 46, 81, 208, '', -1, '2012-05-04 17:07:50', 1, 1),
(2004, 8, 46, 81, 209, '', -1, '2012-05-04 17:08:02', 1, 1),
(2006, 8, 46, 81, 210, '', 1, '2012-05-04 17:08:38', 1, 1),
(2007, 8, 46, 210, 81, '', -1, '2012-05-04 17:08:43', 1, 1),
(2008, 8, 46, 81, 211, '', 1, '2012-05-04 17:08:53', 1, 1),
(2009, 8, 54, 166, 189, '', 1, '2012-05-04 17:08:58', 1, 1),
(2010, 8, 46, 81, 213, '', -1, '2012-05-04 17:09:03', 1, 1),
(2011, 8, 54, 163, 189, '', 1, '2012-05-04 17:09:07', 1, 1),
(2012, 8, 46, 81, 214, '', -1, '2012-05-04 17:09:11', 1, 1),
(2013, 8, 54, 162, 189, '', 1, '2012-05-04 17:09:14', 1, 1),
(2014, 8, 46, 81, 221, '', 1, '2012-05-04 17:09:32', 1, 1),
(2016, 8, 46, 81, 223, '', 1, '2012-05-04 17:09:47', 1, 1),
(2017, 8, 46, 223, 81, '', 1, '2012-05-04 17:09:48', 1, 1),
(2018, 8, 46, 81, 227, '', 1, '2012-05-04 17:10:03', 1, 1),
(2019, 8, 46, 227, 81, '', 1, '2012-05-04 17:10:05', 1, 1),
(2020, 8, 46, 81, 229, '', 1, '2012-05-04 17:10:18', 1, 1),
(2021, 8, 46, 229, 81, '', 1, '2012-05-04 17:10:19', 1, 1),
(2022, 8, 46, 81, 230, '', -1, '2012-05-04 17:10:29', 1, 1),
(2023, 8, 54, 189, 149, '', 1, '2012-05-04 17:10:41', 1, 1),
(2025, 8, 54, 189, 142, '', 1, '2012-05-04 17:10:53', 1, 1),
(2026, 8, 46, 81, 236, '', -1, '2012-05-04 17:11:00', 1, 1),
(2027, 8, 54, 189, 138, '', 1, '2012-05-04 17:10:59', 1, 1),
(2028, 8, 46, 81, 241, '', 1, '2012-05-04 17:11:10', 1, 1),
(2029, 8, 46, 241, 81, '', 1, '2012-05-04 17:11:11', 1, 1),
(2030, 8, 46, 81, 242, '', -1, '2012-05-04 17:11:18', 1, 1),
(2031, 8, 54, 122, 189, '', 1, '2012-05-04 17:11:22', 1, 1),
(2033, 8, 46, 81, 244, '', 1, '2012-05-04 17:11:46', 1, 1),
(2034, 8, 54, 189, 107, '', 1, '2012-05-04 17:11:47', 1, 1),
(2035, 8, 54, 107, 189, '', 1, '2012-05-04 17:11:48', 1, 1),
(2036, 8, 46, 81, 245, '', 1, '2012-05-04 17:11:53', 1, 1),
(2037, 8, 46, 81, 246, '', 1, '2012-05-04 17:12:05', 1, 1),
(2039, 8, 46, 81, 248, '', -1, '2012-05-04 17:12:27', 1, 1),
(2040, 8, 46, 81, 247, '', -1, '2012-05-04 17:12:36', 1, 1),
(2041, 8, 46, 81, 249, '', 1, '2012-05-04 17:12:53', 1, 1),
(2042, 8, 46, 250, 81, '', 1, '2012-05-04 17:13:12', 1, 1),
(2043, 8, 34, 102, 181, '', 1, '2012-05-05 16:24:36', 1, 1),
(2044, 8, 34, 250, 85, '', 1, '2012-05-04 18:11:13', 1, 1),
(2045, 8, 34, 250, 96, '', 1, '2012-05-04 18:11:49', 1, 1),
(2046, 8, 34, 111, 250, '', 1, '2012-05-04 18:12:05', 1, 1),
(2047, 8, 34, 121, 250, '', 1, '2012-05-04 18:12:27', 1, 1),
(2048, 8, 34, 122, 250, '', 1, '2012-05-04 18:12:39', 1, 1),
(2049, 8, 34, 250, 144, '', 1, '2012-05-04 18:12:56', 1, 1),
(2050, 8, 34, 250, 159, '', 1, '2012-05-04 18:13:26', 1, 1),
(2051, 8, 34, 162, 250, '', 1, '2012-05-04 18:13:41', 1, 1),
(2052, 8, 34, 250, 167, '', 1, '2012-05-04 18:14:21', 1, 1),
(2053, 8, 34, 250, 169, '', 1, '2012-05-04 18:14:34', 1, 1),
(2054, 8, 34, 175, 250, '', 1, '2012-05-04 18:14:49', 1, 1),
(2055, 8, 34, 184, 250, '', 1, '2012-05-04 18:15:54', 1, 1),
(2056, 8, 34, 185, 250, '', 1, '2012-05-04 18:16:00', 1, 1),
(2057, 8, 34, 186, 250, '', 1, '2012-05-04 18:16:14', 1, 1),
(2059, 8, 34, 250, 188, '', 1, '2012-05-04 18:16:32', 1, 1),
(2060, 8, 34, 188, 250, '', 1, '2012-05-04 18:16:34', 1, 1),
(2061, 8, 34, 250, 189, '', 1, '2012-05-04 18:16:42', 1, 1),
(2062, 8, 34, 250, 191, '', 1, '2012-05-04 18:16:56', 1, 1),
(2063, 8, 34, 192, 250, '', -1, '2012-05-04 18:17:13', 1, 1),
(2066, 8, 34, 193, 250, 'only in the sense that individuals are info providers. when info providers are institutional there''s no effect', 1, '2012-05-04 18:18:05', 1, 1),
(2067, 8, 34, 250, 195, '', 1, '2012-05-04 18:18:57', 1, 1);
INSERT INTO `userLinks` (`id`, `projectId`, `userId`, `issueFromId`, `issueToId`, `comment`, `sign`, `modified`, `num_observers`, `tot_observers`) VALUES
(2069, 8, 34, 210, 250, 'only if information providers are individuals. if info providers are institutions it goes the other way.', 1, '2012-05-04 18:20:15', 1, 1),
(2070, 8, 34, 211, 250, '', 1, '2012-05-04 18:21:06', 1, 1),
(2071, 8, 34, 250, 219, '', 1, '2012-05-04 18:21:26', 1, 1),
(2072, 8, 34, 233, 250, '', 1, '2012-05-04 18:22:32', 1, 1),
(2073, 8, 34, 239, 250, '', 1, '2012-05-04 18:22:43', 1, 1),
(2074, 8, 34, 250, 242, '', 1, '2012-05-04 18:23:02', 1, 1),
(2075, 8, 34, 242, 250, '', 1, '2012-05-04 18:23:04', 1, 1),
(2076, 8, 34, 244, 250, '', 1, '2012-05-04 18:23:19', 1, 1),
(2077, 8, 34, 251, 250, '', 1, '2012-05-04 18:23:34', 1, 1),
(2078, 8, 34, 86, 96, '', 1, '2012-05-04 18:24:32', 1, 1),
(2079, 8, 34, 86, 104, '', 1, '2012-05-04 18:24:53', 1, 1),
(2080, 8, 34, 86, 107, '', 1, '2012-05-04 18:25:07', 1, 1),
(2081, 8, 34, 132, 86, '', 1, '2012-05-04 18:25:55', 1, 1),
(2082, 8, 34, 133, 86, '', 1, '2012-05-04 18:26:06', 1, 1),
(2083, 8, 34, 134, 86, '', 1, '2012-05-04 18:26:09', 1, 1),
(2084, 8, 34, 138, 86, '', 1, '2012-05-04 18:26:16', 1, 1),
(2085, 8, 34, 86, 149, '', 1, '2012-05-04 18:27:00', 1, 1),
(2086, 8, 34, 156, 86, '', 1, '2012-05-04 18:27:14', 1, 1),
(2087, 8, 34, 159, 86, '', 1, '2012-05-04 18:27:22', 1, 1),
(2088, 8, 34, 86, 161, '', 1, '2012-05-04 18:27:40', 1, 1),
(2089, 8, 34, 163, 86, '', 1, '2012-05-04 18:27:53', 1, 1),
(2090, 8, 34, 167, 86, '', 1, '2012-05-04 18:28:03', 1, 1),
(2091, 8, 34, 86, 184, '', 1, '2012-05-04 18:28:32', 1, 1),
(2092, 8, 34, 185, 86, '', 1, '2012-05-04 18:28:38', 1, 1),
(2094, 8, 34, 210, 86, '', 1, '2012-05-04 18:36:12', 1, 1),
(2095, 8, 34, 218, 86, '', 1, '2012-05-04 18:36:26', 1, 1),
(2096, 8, 34, 86, 249, '', 1, '2012-05-04 18:37:11', 1, 1),
(2097, 8, 64, 81, 195, '', 1, '2012-05-05 00:58:01', 1, 1),
(2098, 8, 64, 195, 104, '', 1, '2012-05-05 00:59:10', 1, 1),
(2099, 8, 64, 195, 107, '', 1, '2012-05-05 00:59:21', 1, 1),
(2100, 8, 64, 195, 108, '', 1, '2012-05-05 00:59:29', 1, 1),
(2101, 8, 64, 195, 123, '', 1, '2012-05-05 00:59:53', 1, 1),
(2102, 8, 64, 123, 195, '', 1, '2012-05-05 00:59:55', 1, 1),
(2103, 8, 64, 195, 132, '', 1, '2012-05-05 01:00:08', 1, 1),
(2105, 8, 64, 195, 138, '', 1, '2012-05-05 01:00:34', 1, 1),
(2106, 8, 64, 138, 195, '', 1, '2012-05-05 01:00:35', 1, 1),
(2107, 8, 64, 195, 162, '', 1, '2012-05-05 01:01:04', 1, 1),
(2108, 8, 64, 195, 188, '', 1, '2012-05-05 01:01:42', 1, 1),
(2109, 8, 64, 197, 195, '', 1, '2012-05-05 01:02:02', 1, 1),
(2110, 8, 64, 195, 202, '', 1, '2012-05-05 01:02:18', 1, 1),
(2111, 8, 64, 202, 195, '', 1, '2012-05-05 01:02:19', 1, 1),
(2112, 8, 64, 195, 219, '', 1, '2012-05-05 01:02:44', 1, 1),
(2113, 8, 64, 139, 107, '', 1, '2012-05-05 01:34:51', 1, 1),
(2114, 8, 64, 107, 139, '', -1, '2012-05-05 01:34:53', 1, 1),
(2115, 8, 64, 139, 108, '', 1, '2012-05-05 01:35:10', 1, 1),
(2116, 8, 64, 139, 122, '', 1, '2012-05-05 01:35:26', 1, 1),
(2117, 8, 64, 139, 142, '', 1, '2012-05-05 01:35:47', 1, 1),
(2118, 8, 64, 139, 149, '', 1, '2012-05-05 01:36:01', 1, 1),
(2119, 8, 64, 139, 167, '', 1, '2012-05-05 01:36:22', 1, 1),
(2120, 8, 64, 139, 184, '', 1, '2012-05-05 01:40:56', 1, 1),
(2121, 8, 64, 184, 139, '', 1, '2012-05-05 01:41:00', 1, 1),
(2122, 8, 64, 139, 197, '', 1, '2012-05-05 01:41:37', 1, 1),
(2123, 8, 64, 139, 208, '', 1, '2012-05-05 01:41:57', 1, 1),
(2124, 8, 46, 85, 122, '', 1, '2012-05-05 09:45:06', 1, 1),
(2125, 8, 46, 122, 86, '', 1, '2012-05-05 09:45:19', 1, 1),
(2126, 8, 46, 86, 122, '', 1, '2012-05-05 09:45:21', 1, 1),
(2127, 8, 46, 122, 96, '', 1, '2012-05-05 09:46:14', 1, 1),
(2128, 8, 46, 96, 122, '', 1, '2012-05-05 09:46:15', 1, 1),
(2129, 8, 46, 101, 122, '', 1, '2012-05-05 10:07:36', 1, 1),
(2130, 8, 46, 102, 122, '', 1, '2012-05-05 10:07:38', 1, 1),
(2131, 8, 46, 122, 104, '', 1, '2012-05-05 09:47:59', 1, 1),
(2132, 8, 46, 104, 122, '', 1, '2012-05-05 09:48:00', 1, 1),
(2133, 8, 46, 107, 122, '', 1, '2012-05-05 10:07:41', 1, 1),
(2134, 8, 46, 122, 108, '', 1, '2012-05-05 09:48:20', 1, 1),
(2135, 8, 46, 108, 122, '', 1, '2012-05-05 09:48:19', 1, 1),
(2136, 8, 46, 122, 111, '', 1, '2012-05-05 09:48:26', 1, 1),
(2137, 8, 46, 111, 122, '', 1, '2012-05-05 09:48:27', 1, 1),
(2140, 8, 46, 121, 122, '', 1, '2012-05-05 10:08:43', 1, 1),
(2141, 8, 46, 123, 122, '', 1, '2012-05-05 10:08:46', 1, 1),
(2142, 8, 46, 122, 131, '', 1, '2012-05-05 10:08:52', 1, 1),
(2145, 8, 46, 122, 132, '', 1, '2012-05-05 10:08:54', 1, 1),
(2148, 8, 46, 133, 122, '', 1, '2012-05-05 10:09:16', 1, 1),
(2149, 8, 46, 134, 122, '', 1, '2012-05-05 10:09:18', 1, 1),
(2150, 8, 46, 122, 138, '', 1, '2012-05-05 10:09:20', 1, 1),
(2151, 8, 46, 142, 122, '', 1, '2012-05-05 10:09:22', 1, 1),
(2152, 8, 46, 122, 144, '', 1, '2012-05-05 09:51:14', 1, 1),
(2153, 8, 46, 144, 122, '', 1, '2012-05-05 09:51:15', 1, 1),
(2154, 8, 46, 122, 146, '', 1, '2012-05-05 10:09:32', 1, 1),
(2155, 8, 46, 148, 122, '', 1, '2012-05-05 10:09:32', 1, 1),
(2156, 8, 46, 122, 149, '', 1, '2012-05-05 09:52:50', 1, 1),
(2157, 8, 46, 149, 122, '', 1, '2012-05-05 09:52:51', 1, 1),
(2158, 8, 46, 156, 122, '', 1, '2012-05-05 10:09:43', 1, 1),
(2159, 8, 46, 159, 122, '', 1, '2012-05-05 10:09:47', 1, 1),
(2161, 8, 46, 122, 162, '', 1, '2012-05-05 09:53:32', 1, 1),
(2162, 8, 46, 162, 122, '', 1, '2012-05-05 09:53:33', 1, 1),
(2165, 8, 46, 122, 167, '', 1, '2012-05-05 09:53:58', 1, 1),
(2166, 8, 46, 167, 122, '', 1, '2012-05-05 09:53:59', 1, 1),
(2167, 8, 46, 122, 169, '', 1, '2012-05-05 09:54:11', 1, 1),
(2168, 8, 46, 169, 122, '', 1, '2012-05-05 09:54:12', 1, 1),
(2169, 8, 46, 172, 122, '', 1, '2012-05-05 10:10:37', 1, 1),
(2170, 8, 46, 122, 174, '', 1, '2012-05-05 09:54:34', 1, 1),
(2171, 8, 46, 174, 122, '', 1, '2012-05-05 09:54:35', 1, 1),
(2172, 8, 46, 176, 122, '', 1, '2012-05-05 10:17:40', 1, 1),
(2173, 8, 46, 122, 181, '', 1, '2012-05-05 09:59:11', 1, 1),
(2174, 8, 46, 181, 122, '', 1, '2012-05-05 09:59:12', 1, 1),
(2175, 8, 46, 184, 122, '', 1, '2012-05-05 10:17:43', 1, 1),
(2176, 8, 46, 185, 122, '', 1, '2012-05-05 10:17:47', 1, 1),
(2177, 8, 46, 122, 186, '', 1, '2012-05-05 09:59:28', 1, 1),
(2178, 8, 46, 186, 122, '', 1, '2012-05-05 09:59:30', 1, 1),
(2179, 8, 46, 188, 122, '', 1, '2012-05-05 10:17:51', 1, 1),
(2180, 8, 46, 122, 189, '', 1, '2012-05-05 09:59:42', 1, 1),
(2181, 8, 46, 189, 122, '', 1, '2012-05-05 09:59:44', 1, 1),
(2182, 8, 46, 190, 122, '', 1, '2012-05-05 10:18:03', 1, 1),
(2183, 8, 46, 122, 195, '', 1, '2012-05-05 10:00:21', 1, 1),
(2184, 8, 46, 195, 122, '', 1, '2012-05-05 10:00:22', 1, 1),
(2185, 8, 46, 202, 122, '', 1, '2012-05-05 10:18:16', 1, 1),
(2186, 8, 46, 122, 205, '', 1, '2012-05-05 10:01:09', 1, 1),
(2187, 8, 46, 205, 122, '', 1, '2012-05-05 10:01:10', 1, 1),
(2188, 8, 46, 209, 122, '', 1, '2012-05-05 10:18:24', 1, 1),
(2189, 8, 46, 211, 122, '', 1, '2012-05-05 10:18:27', 1, 1),
(2190, 8, 46, 122, 213, '', 1, '2012-05-05 10:02:45', 1, 1),
(2191, 8, 46, 213, 122, '', 1, '2012-05-05 10:02:47', 1, 1),
(2193, 8, 46, 122, 218, '', 1, '2012-05-05 10:03:06', 1, 1),
(2194, 8, 46, 218, 122, '', 1, '2012-05-05 10:03:08', 1, 1),
(2195, 8, 46, 219, 122, '', 1, '2012-05-05 10:18:32', 1, 1),
(2196, 8, 46, 221, 122, '', 1, '2012-05-05 10:18:34', 1, 1),
(2197, 8, 46, 223, 122, '', 1, '2012-05-05 10:18:35', 1, 1),
(2198, 8, 46, 232, 122, '', 1, '2012-05-05 10:18:42', 1, 1),
(2199, 8, 46, 233, 122, '', 1, '2012-05-05 10:18:44', 1, 1),
(2200, 8, 46, 236, 122, '', 1, '2012-05-05 10:18:45', 1, 1),
(2201, 8, 46, 239, 122, '', 1, '2012-05-05 10:18:47', 1, 1),
(2202, 8, 46, 122, 241, '', 1, '2012-05-05 10:04:44', 1, 1),
(2203, 8, 46, 241, 122, '', 1, '2012-05-05 10:04:45', 1, 1),
(2204, 8, 46, 242, 122, '', 1, '2012-05-05 10:18:51', 1, 1),
(2205, 8, 46, 122, 244, '', 1, '2012-05-05 10:05:03', 1, 1),
(2206, 8, 46, 244, 122, '', 1, '2012-05-05 10:05:04', 1, 1),
(2207, 8, 46, 245, 122, '', 1, '2012-05-05 10:18:52', 1, 1),
(2208, 8, 46, 122, 246, '', -9, '0000-00-00 00:00:00', 1, 1),
(2209, 8, 46, 246, 122, '', 1, '2012-05-05 10:05:55', 1, 1),
(2210, 8, 46, 122, 247, '', 1, '2012-05-05 10:06:09', 1, 1),
(2211, 8, 46, 247, 122, '', 1, '2012-05-05 10:06:10', 1, 1),
(2212, 8, 46, 122, 248, '', 1, '2012-05-05 10:06:35', 1, 1),
(2213, 8, 46, 248, 122, '', 1, '2012-05-05 10:06:36', 1, 1),
(2214, 8, 46, 122, 251, '', 1, '2012-05-05 10:07:01', 1, 1),
(2215, 8, 46, 251, 122, '', 1, '2012-05-05 10:07:03', 1, 1),
(2216, 8, 46, 122, 163, '', 1, '2012-05-05 10:10:01', 1, 1),
(2217, 8, 46, 122, 166, '', 1, '2012-05-05 10:10:21', 1, 1),
(2218, 8, 46, 85, 144, '', -1, '2012-05-05 10:19:58', 1, 1),
(2219, 8, 46, 144, 86, '', 1, '2012-05-05 10:20:09', 1, 1),
(2220, 8, 46, 86, 144, '', 1, '2012-05-05 10:20:10', 1, 1),
(2221, 8, 46, 99, 144, '', 1, '2012-05-05 10:20:35', 1, 1),
(2222, 8, 46, 101, 144, '', 1, '2012-05-05 10:20:47', 1, 1),
(2223, 8, 46, 102, 144, '', 1, '2012-05-05 10:20:54', 1, 1),
(2224, 8, 46, 107, 144, '', 1, '2012-05-05 10:21:53', 1, 1),
(2225, 8, 46, 111, 144, '', 1, '2012-05-05 10:22:03', 1, 1),
(2226, 8, 46, 121, 144, '', 1, '2012-05-05 10:22:25', 1, 1),
(2228, 8, 46, 144, 132, '', 1, '2012-05-05 10:22:52', 1, 1),
(2229, 8, 46, 132, 144, '', 1, '2012-05-05 10:22:54', 1, 1),
(2230, 8, 46, 134, 144, '', 1, '2012-05-05 10:23:12', 1, 1),
(2231, 8, 46, 139, 144, '', 1, '2012-05-05 10:24:16', 1, 1),
(2232, 8, 46, 144, 142, '', 1, '2012-05-05 10:24:56', 1, 1),
(2233, 8, 46, 142, 144, '', 1, '2012-05-05 10:24:57', 1, 1),
(2234, 8, 46, 144, 146, '', 1, '2012-05-05 10:25:07', 1, 1),
(2235, 8, 46, 156, 144, '', 1, '2012-05-05 10:25:32', 1, 1),
(2236, 8, 46, 159, 144, '', 1, '2012-05-05 10:25:57', 1, 1),
(2237, 8, 46, 163, 144, '', 1, '2012-05-05 10:26:21', 1, 1),
(2238, 8, 46, 144, 167, '', 1, '2012-05-05 10:26:38', 1, 1),
(2239, 8, 46, 167, 144, '', 1, '2012-05-05 10:26:39', 1, 1),
(2240, 8, 46, 169, 144, '', 1, '2012-05-05 10:27:41', 1, 1),
(2241, 8, 46, 173, 144, '', 1, '2012-05-05 10:27:54', 1, 1),
(2242, 8, 46, 144, 181, '', -1, '2012-05-05 10:28:48', 1, 1),
(2243, 8, 46, 181, 144, '', -1, '2012-05-05 10:28:37', 1, 1),
(2244, 8, 46, 185, 144, '', 1, '2012-05-05 10:29:05', 1, 1),
(2246, 8, 46, 144, 189, '', 1, '2012-05-05 10:30:13', 1, 1),
(2247, 8, 46, 189, 144, '', 1, '2012-05-05 10:30:15', 1, 1),
(2249, 8, 46, 144, 191, '', 1, '2012-05-05 10:30:31', 1, 1),
(2250, 8, 46, 191, 144, '', 1, '2012-05-05 10:30:33', 1, 1),
(2251, 8, 46, 192, 144, '', -1, '2012-05-05 10:30:48', 1, 1),
(2252, 8, 46, 144, 200, '', 1, '2012-05-05 10:31:53', 1, 1),
(2253, 8, 46, 200, 144, '', 1, '2012-05-05 10:31:54', 1, 1),
(2254, 8, 46, 144, 202, '', 1, '2012-05-05 10:31:59', 1, 1),
(2255, 8, 46, 202, 144, '', 1, '2012-05-05 10:32:00', 1, 1),
(2256, 8, 46, 144, 205, '', 1, '2012-05-05 10:32:14', 1, 1),
(2257, 8, 46, 205, 144, '', 1, '2012-05-05 10:32:16', 1, 1),
(2260, 8, 46, 208, 144, '', 1, '2012-05-05 10:32:37', 1, 1),
(2261, 8, 46, 209, 144, '', 1, '2012-05-05 10:32:44', 1, 1),
(2262, 8, 46, 211, 144, '', -1, '2012-05-05 10:33:01', 1, 1),
(2263, 8, 46, 213, 144, '', 1, '2012-05-05 10:33:46', 1, 1),
(2264, 8, 46, 144, 218, '', 1, '2012-05-05 10:34:01', 1, 1),
(2265, 8, 46, 218, 144, '', 1, '2012-05-05 10:34:02', 1, 1),
(2266, 8, 46, 144, 219, '', 1, '2012-05-05 10:34:11', 1, 1),
(2267, 8, 46, 219, 144, '', 1, '2012-05-05 10:34:12', 1, 1),
(2268, 8, 46, 144, 241, '', -1, '2012-05-05 10:35:02', 1, 1),
(2269, 8, 46, 241, 144, '', -1, '2012-05-05 10:35:12', 1, 1),
(2270, 8, 46, 144, 244, '', 1, '2012-05-05 10:35:38', 1, 1),
(2271, 8, 46, 244, 144, '', 1, '2012-05-05 10:35:40', 1, 1),
(2272, 8, 46, 144, 245, '', 1, '2012-05-05 10:35:52', 1, 1),
(2273, 8, 46, 144, 246, '', 1, '2012-05-05 10:36:03', 1, 1),
(2274, 8, 46, 144, 247, '', 1, '2012-05-05 10:36:12', 1, 1),
(2275, 8, 46, 247, 144, '', 1, '2012-05-05 10:36:13', 1, 1),
(2277, 8, 46, 144, 248, '', 1, '2012-05-05 10:36:41', 1, 1),
(2278, 8, 46, 248, 144, '', 1, '2012-05-05 10:36:43', 1, 1),
(2279, 8, 46, 144, 249, '', 1, '2012-05-05 10:36:57', 1, 1),
(2280, 8, 46, 250, 144, '', 1, '2012-05-05 10:37:29', 1, 1),
(2281, 8, 46, 251, 144, '', 1, '2012-05-05 10:37:46', 1, 1),
(2282, 8, 46, 144, 254, '', 1, '2012-05-05 10:39:11', 1, 1),
(2283, 8, 46, 254, 144, '', 1, '2012-05-05 10:39:13', 1, 1),
(2284, 8, 46, 167, 85, '', 1, '2012-05-05 10:41:09', 1, 1),
(2285, 8, 46, 85, 167, '', 1, '2012-05-05 10:41:10', 1, 1),
(2286, 8, 46, 167, 86, '', 1, '2012-05-05 10:41:20', 1, 1),
(2287, 8, 46, 90, 167, '', 1, '2012-05-05 10:41:26', 1, 1),
(2288, 8, 46, 167, 96, '', 1, '2012-05-05 10:41:36', 1, 1),
(2289, 8, 46, 96, 167, '', 1, '2012-05-05 10:41:38', 1, 1),
(2290, 8, 46, 167, 101, '', 1, '2012-05-05 10:42:54', 1, 1),
(2291, 8, 46, 101, 167, '', 1, '2012-05-05 10:42:55', 1, 1),
(2292, 8, 46, 102, 167, '', 1, '2012-05-05 10:43:12', 1, 1),
(2293, 8, 46, 167, 104, '', 1, '2012-05-05 10:43:18', 1, 1),
(2294, 8, 46, 104, 167, '', 1, '2012-05-05 10:43:19', 1, 1),
(2296, 8, 46, 167, 107, '', 1, '2012-05-05 10:43:31', 1, 1),
(2297, 8, 46, 107, 167, '', 1, '2012-05-05 10:43:33', 1, 1),
(2298, 8, 46, 120, 167, '', 1, '2012-05-05 10:43:55', 1, 1),
(2299, 8, 46, 121, 167, '', 1, '2012-05-05 10:44:00', 1, 1),
(2300, 8, 46, 167, 123, '', 1, '2012-05-05 10:44:18', 1, 1),
(2301, 8, 46, 123, 167, '', 1, '2012-05-05 10:44:19', 1, 1),
(2302, 8, 46, 167, 131, '', 1, '2012-05-05 10:44:31', 1, 1),
(2303, 8, 46, 131, 167, '', 1, '2012-05-05 10:44:32', 1, 1),
(2304, 8, 46, 167, 132, '', 1, '2012-05-05 10:44:35', 1, 1),
(2305, 8, 46, 132, 167, '', 1, '2012-05-05 10:44:36', 1, 1),
(2306, 8, 46, 167, 133, '', 1, '2012-05-05 10:45:17', 1, 1),
(2307, 8, 46, 167, 134, '', 1, '2012-05-05 10:45:55', 1, 1),
(2308, 8, 46, 134, 167, '', 1, '2012-05-05 10:45:57', 1, 1),
(2309, 8, 46, 167, 138, '', 1, '2012-05-05 10:46:03', 1, 1),
(2310, 8, 46, 139, 167, '', 1, '2012-05-05 10:46:10', 1, 1),
(2311, 8, 46, 142, 167, '', 1, '2012-05-05 10:46:14', 1, 1),
(2312, 8, 46, 148, 167, '', 1, '2012-05-05 10:46:37', 1, 1),
(2313, 8, 46, 167, 149, '', 1, '2012-05-05 10:46:48', 1, 1),
(2314, 8, 46, 156, 167, '', 1, '2012-05-05 10:46:56', 1, 1),
(2315, 8, 46, 159, 167, '', 1, '2012-05-05 10:47:03', 1, 1),
(2316, 8, 46, 167, 169, '', 1, '2012-05-05 10:51:25', 1, 1),
(2317, 8, 46, 173, 167, '', 1, '2012-05-05 10:51:46', 1, 1),
(2318, 8, 46, 181, 167, '', 1, '2012-05-05 10:52:58', 1, 1),
(2319, 8, 46, 167, 184, '', 1, '2012-05-05 10:53:05', 1, 1),
(2320, 8, 46, 167, 185, '', 1, '2012-05-05 10:53:10', 1, 1),
(2321, 8, 46, 185, 167, '', 1, '2012-05-05 10:53:12', 1, 1),
(2322, 8, 46, 167, 189, '', 1, '2012-05-05 10:53:57', 1, 1),
(2323, 8, 46, 189, 167, '', 1, '2012-05-05 10:53:59', 1, 1),
(2324, 8, 46, 190, 167, '', 1, '2012-05-05 10:54:07', 1, 1),
(2325, 8, 46, 167, 191, '', 1, '2012-05-05 10:54:17', 1, 1),
(2326, 8, 46, 195, 167, '', 1, '2012-05-05 10:54:29', 1, 1),
(2327, 8, 46, 202, 167, '', 1, '2012-05-05 10:54:40', 1, 1),
(2328, 8, 46, 205, 167, '', 1, '2012-05-05 10:55:02', 1, 1),
(2329, 8, 46, 208, 167, '', -1, '2012-05-05 10:55:13', 1, 1),
(2330, 8, 46, 209, 167, '', 1, '2012-05-05 10:55:49', 1, 1),
(2331, 8, 46, 167, 213, '', 1, '2012-05-05 10:55:54', 1, 1),
(2332, 8, 46, 213, 167, '', -9, '0000-00-00 00:00:00', 1, 1),
(2333, 8, 46, 167, 218, '', 1, '2012-05-05 10:56:02', 1, 1),
(2334, 8, 46, 218, 167, '', -9, '0000-00-00 00:00:00', 1, 1),
(2335, 8, 46, 167, 219, '', 1, '2012-05-05 10:56:17', 1, 1),
(2336, 8, 46, 219, 167, '', 1, '2012-05-05 10:56:19', 1, 1),
(2337, 8, 46, 167, 221, '', 1, '2012-05-05 10:56:26', 1, 1),
(2338, 8, 46, 167, 229, '', 1, '2012-05-05 10:56:38', 1, 1),
(2339, 8, 46, 167, 230, '', 1, '2012-05-05 10:56:44', 1, 1),
(2340, 8, 46, 236, 167, '', 1, '2012-05-05 10:57:25', 1, 1),
(2341, 8, 46, 239, 167, '', 1, '2012-05-05 10:57:32', 1, 1),
(2342, 8, 46, 241, 167, '', 1, '2012-05-05 10:57:42', 1, 1),
(2345, 8, 46, 244, 167, '', 1, '2012-05-05 10:57:58', 1, 1),
(2346, 8, 46, 167, 245, '', 1, '2012-05-05 10:58:07', 1, 1),
(2347, 8, 46, 167, 246, '', 1, '2012-05-05 10:58:17', 1, 1),
(2348, 8, 46, 246, 167, '', 1, '2012-05-05 10:58:18', 1, 1),
(2349, 8, 46, 167, 247, '', 1, '2012-05-05 10:58:25', 1, 1),
(2350, 8, 46, 247, 167, '', 1, '2012-05-05 10:58:26', 1, 1),
(2351, 8, 46, 167, 248, '', 1, '2012-05-05 10:58:33', 1, 1),
(2352, 8, 46, 248, 167, '', 1, '2012-05-05 10:58:34', 1, 1),
(2353, 8, 46, 167, 249, '', 1, '2012-05-05 10:58:40', 1, 1),
(2356, 8, 46, 254, 167, '', 1, '2012-05-05 10:59:13', 1, 1),
(2357, 8, 46, 86, 208, '', 1, '2012-05-05 12:21:50', 1, 1),
(2358, 8, 46, 208, 96, '', 1, '2012-05-05 12:22:09', 1, 1),
(2359, 8, 46, 96, 208, '', 1, '2012-05-05 12:22:10', 1, 1),
(2360, 8, 46, 101, 208, '', 1, '2012-05-05 12:22:18', 1, 1),
(2361, 8, 46, 208, 102, '', 1, '2012-05-05 12:23:25', 1, 1),
(2362, 8, 46, 208, 104, '', 1, '2012-05-05 12:23:34', 1, 1),
(2363, 8, 46, 208, 107, '', 1, '2012-05-05 12:23:46', 1, 1),
(2364, 8, 46, 208, 108, '', 1, '2012-05-05 12:23:55', 1, 1),
(2365, 8, 46, 108, 208, '', 1, '2012-05-05 12:23:56', 1, 1),
(2366, 8, 46, 121, 208, '', 1, '2012-05-05 12:25:03', 1, 1),
(2367, 8, 46, 208, 122, '', 1, '2012-05-05 12:25:13', 1, 1),
(2368, 8, 46, 122, 208, '', 1, '2012-05-05 12:25:14', 1, 1),
(2369, 8, 46, 208, 131, '', 1, '2012-05-05 12:25:37', 1, 1),
(2370, 8, 46, 208, 132, '', 1, '2012-05-05 12:25:42', 1, 1),
(2371, 8, 46, 133, 208, '', 1, '2012-05-05 12:25:50', 1, 1),
(2372, 8, 46, 142, 208, '', 1, '2012-05-05 12:26:29', 1, 1),
(2373, 8, 46, 208, 146, '', 1, '2012-05-05 12:27:05', 1, 1),
(2374, 8, 46, 208, 149, '', 1, '2012-05-05 12:27:12', 1, 1),
(2375, 8, 46, 149, 208, '', 1, '2012-05-05 12:27:13', 1, 1),
(2376, 8, 46, 208, 159, '', 1, '2012-05-05 12:29:03', 1, 1),
(2377, 8, 46, 208, 163, '', 1, '2012-05-05 12:29:55', 1, 1),
(2378, 8, 46, 163, 208, '', 1, '2012-05-05 12:29:56', 1, 1),
(2379, 8, 46, 208, 166, '', 1, '2012-05-05 12:30:07', 1, 1),
(2380, 8, 46, 166, 208, '', 1, '2012-05-05 12:30:09', 1, 1),
(2382, 8, 46, 172, 208, '', 1, '2012-05-05 12:30:37', 1, 1),
(2383, 8, 46, 208, 175, '', 1, '2012-05-05 12:31:24', 1, 1),
(2384, 8, 46, 176, 208, '', 1, '2012-05-05 12:31:38', 1, 1),
(2385, 8, 46, 208, 185, '', 1, '2012-05-05 12:32:59', 1, 1),
(2386, 8, 46, 186, 208, '', 1, '2012-05-05 12:33:06', 1, 1),
(2387, 8, 46, 189, 208, '', 1, '2012-05-05 12:33:14', 1, 1),
(2388, 8, 46, 208, 190, '', 1, '2012-05-05 12:34:09', 1, 1),
(2389, 8, 46, 197, 208, '', 1, '2012-05-05 12:34:30', 1, 1),
(2390, 8, 46, 208, 200, '', 1, '2012-05-05 12:35:50', 1, 1),
(2391, 8, 46, 203, 208, '', 1, '2012-05-05 12:36:05', 1, 1),
(2392, 8, 46, 208, 205, '', 1, '2012-05-05 12:37:40', 1, 1),
(2393, 8, 46, 210, 208, '', -1, '2012-05-05 12:38:19', 1, 1),
(2394, 8, 46, 208, 213, '', 1, '2012-05-05 12:38:34', 1, 1),
(2395, 8, 46, 208, 218, '', 1, '2012-05-05 12:39:57', 1, 1),
(2396, 8, 46, 208, 219, '', 1, '2012-05-05 12:40:03', 1, 1),
(2397, 8, 46, 221, 208, '', 1, '2012-05-05 12:40:08', 1, 1),
(2398, 8, 46, 223, 208, '', 1, '2012-05-05 12:40:13', 1, 1),
(2399, 8, 46, 229, 208, '', 1, '2012-05-05 12:40:26', 1, 1),
(2400, 8, 46, 232, 208, '', 1, '2012-05-05 12:40:37', 1, 1),
(2401, 8, 46, 239, 208, '', 1, '2012-05-05 12:41:05', 1, 1),
(2402, 8, 46, 242, 208, '', 1, '2012-05-05 12:41:14', 1, 1),
(2403, 8, 46, 243, 208, '', 1, '2012-05-05 12:41:19', 1, 1),
(2404, 8, 46, 244, 208, '', 1, '2012-05-05 12:41:25', 1, 1),
(2405, 8, 46, 208, 245, '', 1, '2012-05-05 12:42:17', 1, 1),
(2407, 8, 46, 208, 246, '', 1, '2012-05-05 12:42:40', 1, 1),
(2408, 8, 46, 246, 208, '', 1, '2012-05-05 12:42:41', 1, 1),
(2409, 8, 46, 208, 247, '', 1, '2012-05-05 12:42:49', 1, 1),
(2410, 8, 46, 248, 208, '', 1, '2012-05-05 12:43:02', 1, 1),
(2411, 8, 46, 208, 249, '', 1, '2012-05-05 12:43:12', 1, 1),
(2412, 8, 46, 251, 208, '', 1, '2012-05-05 12:44:43', 1, 1),
(2413, 8, 46, 208, 254, '', 1, '2012-05-05 12:44:53', 1, 1),
(2414, 8, 46, 139, 96, '', 1, '2012-05-05 12:47:28', 1, 1),
(2415, 8, 46, 101, 139, '', 1, '2012-05-05 12:47:36', 1, 1),
(2416, 8, 46, 139, 104, '', 1, '2012-05-05 12:48:05', 1, 1),
(2417, 8, 46, 139, 107, '', 1, '2012-05-05 12:48:12', 1, 1),
(2418, 8, 46, 139, 122, '', 1, '2012-05-05 12:48:27', 1, 1),
(2419, 8, 46, 139, 132, '', 1, '2012-05-05 12:49:18', 1, 1),
(2420, 8, 46, 139, 142, '', 1, '2012-05-05 12:49:28', 1, 1),
(2421, 8, 46, 139, 148, '', 1, '2012-05-05 12:49:49', 1, 1),
(2422, 8, 46, 148, 139, '', 1, '2012-05-05 12:49:50', 1, 1),
(2423, 8, 46, 139, 149, '', 1, '2012-05-05 12:49:56', 1, 1),
(2424, 8, 46, 139, 159, '', 1, '2012-05-05 12:50:45', 1, 1),
(2425, 8, 46, 139, 161, '', 1, '2012-05-05 12:50:50', 1, 1),
(2426, 8, 46, 139, 162, '', 1, '2012-05-05 12:50:57', 1, 1),
(2427, 8, 46, 139, 169, '', 1, '2012-05-05 12:51:10', 1, 1),
(2428, 8, 46, 139, 173, '', 1, '2012-05-05 12:51:37', 1, 1),
(2429, 8, 46, 139, 188, '', 1, '2012-05-05 12:52:20', 1, 1),
(2430, 8, 46, 139, 195, '', 1, '2012-05-05 12:52:32', 1, 1),
(2431, 8, 46, 139, 197, '', 1, '2012-05-05 12:52:55', 1, 1),
(2432, 8, 46, 139, 200, '', 1, '2012-05-05 12:52:59', 1, 1),
(2433, 8, 46, 139, 202, '', 1, '2012-05-05 12:53:02', 1, 1),
(2434, 8, 46, 139, 205, '', 1, '2012-05-05 12:53:13', 1, 1),
(2435, 8, 46, 139, 214, '', 1, '2012-05-05 12:55:13', 1, 1),
(2436, 8, 46, 139, 236, '', 1, '2012-05-05 12:57:04', 1, 1),
(2437, 8, 46, 139, 239, '', 1, '2012-05-05 12:57:13', 1, 1),
(2438, 8, 46, 139, 241, '', 1, '2012-05-05 12:57:28', 1, 1),
(2439, 8, 46, 139, 243, '', 1, '2012-05-05 12:57:39', 1, 1),
(2440, 8, 46, 139, 244, '', 1, '2012-05-05 12:58:10', 1, 1),
(2441, 8, 46, 139, 247, '', 1, '2012-05-05 12:58:40', 1, 1),
(2442, 8, 46, 139, 248, '', 1, '2012-05-05 12:59:21', 1, 1),
(2443, 8, 46, 139, 249, '', 1, '2012-05-05 12:59:27', 1, 1),
(2444, 8, 46, 144, 96, '', 1, '2012-05-05 13:07:25', 1, 1),
(2445, 8, 46, 120, 144, '', 1, '2012-05-05 13:09:30', 1, 1),
(2446, 8, 46, 161, 144, '', 1, '2012-05-05 13:10:08', 1, 1),
(2447, 8, 46, 146, 86, '', 1, '2012-05-05 13:20:04', 1, 1),
(2448, 8, 46, 86, 146, '', 1, '2012-05-05 13:20:05', 1, 1),
(2449, 8, 46, 90, 146, '', 1, '2012-05-05 13:20:40', 1, 1),
(2450, 8, 46, 96, 146, '', 1, '2012-05-05 13:20:50', 1, 1),
(2451, 8, 46, 99, 146, '', 1, '2012-05-05 13:22:16', 1, 1),
(2452, 8, 46, 101, 146, '', 1, '2012-05-05 13:22:21', 1, 1),
(2453, 8, 46, 102, 146, '', 1, '2012-05-05 13:22:27', 1, 1),
(2454, 8, 46, 146, 104, '', 1, '2012-05-05 13:22:39', 1, 1),
(2455, 8, 46, 104, 146, '', 1, '2012-05-05 13:22:40', 1, 1),
(2456, 8, 46, 107, 146, '', 1, '2012-05-05 13:22:45', 1, 1),
(2457, 8, 46, 108, 146, '', 1, '2012-05-05 13:22:50', 1, 1),
(2458, 8, 46, 111, 146, '', 1, '2012-05-05 13:22:57', 1, 1),
(2459, 8, 46, 121, 146, '', 1, '2012-05-05 13:23:04', 1, 1),
(2460, 8, 46, 123, 146, '', 1, '2012-05-05 13:23:15', 1, 1),
(2461, 8, 46, 131, 146, '', 1, '2012-05-05 13:23:18', 1, 1),
(2462, 8, 46, 132, 146, '', 1, '2012-05-05 13:23:24', 1, 1),
(2463, 8, 46, 133, 146, '', 1, '2012-05-05 13:23:34', 1, 1),
(2464, 8, 46, 159, 146, '', 1, '2012-05-05 13:23:54', 1, 1),
(2466, 8, 46, 146, 161, '', 1, '2012-05-05 13:24:39', 1, 1),
(2467, 8, 46, 161, 146, '', 1, '2012-05-05 13:24:40', 1, 1),
(2468, 8, 46, 163, 146, '', 1, '2012-05-05 13:25:11', 1, 1),
(2470, 8, 46, 176, 146, '', 1, '2012-05-05 13:25:48', 1, 1),
(2471, 8, 46, 185, 146, '', 1, '2012-05-05 13:26:17', 1, 1),
(2472, 8, 46, 189, 146, '', 1, '2012-05-05 13:27:01', 1, 1),
(2473, 8, 46, 213, 146, '', 1, '2012-05-05 13:28:32', 1, 1),
(2475, 8, 46, 218, 146, '', 1, '2012-05-05 13:28:55', 1, 1),
(2476, 8, 46, 219, 146, '', 1, '2012-05-05 13:29:02', 1, 1),
(2477, 8, 46, 223, 146, '', 1, '2012-05-05 13:29:26', 1, 1),
(2478, 8, 46, 236, 146, '', 1, '2012-05-05 13:29:41', 1, 1),
(2479, 8, 46, 146, 241, '', -1, '2012-05-05 13:29:49', 1, 1),
(2480, 8, 46, 243, 146, '', 1, '2012-05-05 13:30:12', 1, 1),
(2481, 8, 46, 245, 146, '', 1, '2012-05-05 13:30:29', 1, 1),
(2482, 8, 46, 146, 246, '', -1, '2012-05-05 13:30:34', 1, 1),
(2483, 8, 46, 146, 248, '', 1, '2012-05-05 13:30:50', 1, 1),
(2484, 8, 46, 146, 250, '', 1, '2012-05-05 13:31:09', 1, 1),
(2485, 8, 46, 250, 146, '', 1, '2012-05-05 13:31:10', 1, 1),
(2486, 8, 46, 146, 252, '', -1, '2012-05-05 13:31:39', 1, 1),
(2487, 8, 46, 81, 159, '', -1, '2012-05-05 13:34:17', 1, 1),
(2488, 8, 46, 159, 99, '', 1, '2012-05-05 13:34:56', 1, 1),
(2489, 8, 46, 101, 159, '', 1, '2012-05-05 13:35:01', 1, 1),
(2490, 8, 46, 102, 159, '', 1, '2012-05-05 13:35:05', 1, 1),
(2491, 8, 46, 121, 159, '', 1, '2012-05-05 13:35:53', 1, 1),
(2492, 8, 46, 159, 149, '', 1, '2012-05-05 13:37:36', 1, 1),
(2493, 8, 46, 159, 161, '', 1, '2012-05-05 13:37:42', 1, 1),
(2495, 8, 46, 159, 169, '', 1, '2012-05-05 13:38:05', 1, 1),
(2496, 8, 46, 169, 159, '', 1, '2012-05-05 13:38:06', 1, 1),
(2498, 8, 46, 174, 159, '', 1, '2012-05-05 13:38:44', 1, 1),
(2499, 8, 46, 159, 181, '', 1, '2012-05-05 13:39:31', 1, 1),
(2500, 8, 46, 159, 189, '', 1, '2012-05-05 13:39:52', 1, 1),
(2501, 8, 46, 188, 159, '', 1, '2012-05-05 13:41:21', 1, 1),
(2502, 8, 46, 190, 159, '', 1, '2012-05-05 13:41:29', 1, 1),
(2504, 8, 46, 159, 192, '', 1, '2012-05-05 13:41:48', 1, 1),
(2505, 8, 46, 159, 195, '', 1, '2012-05-05 13:42:12', 1, 1),
(2506, 8, 46, 159, 200, '', 1, '2012-05-05 13:42:27', 1, 1),
(2507, 8, 46, 200, 159, '', 1, '2012-05-05 13:42:29', 1, 1),
(2508, 8, 46, 159, 202, '', 1, '2012-05-05 13:42:39', 1, 1),
(2509, 8, 46, 202, 159, '', 1, '2012-05-05 13:42:41', 1, 1),
(2510, 8, 46, 159, 205, '', 1, '2012-05-05 13:42:58', 1, 1),
(2511, 8, 46, 205, 159, '', 1, '2012-05-05 13:42:59', 1, 1),
(2512, 8, 46, 159, 213, '', 1, '2012-05-05 13:44:09', 1, 1),
(2513, 8, 46, 213, 159, '', 1, '2012-05-05 13:44:10', 1, 1),
(2514, 8, 46, 159, 219, '', 1, '2012-05-05 13:44:24', 1, 1),
(2515, 8, 46, 219, 159, '', 1, '2012-05-05 13:44:26', 1, 1),
(2516, 8, 46, 223, 159, '', 1, '2012-05-05 13:44:39', 1, 1),
(2517, 8, 46, 159, 236, '', 1, '2012-05-05 13:45:02', 1, 1),
(2518, 8, 46, 236, 159, '', 1, '2012-05-05 13:45:03', 1, 1),
(2519, 8, 46, 159, 243, '', 1, '2012-05-05 13:45:26', 1, 1),
(2520, 8, 46, 159, 245, '', 1, '2012-05-05 13:46:34', 1, 1),
(2521, 8, 46, 245, 159, '', 1, '2012-05-05 13:46:35', 1, 1),
(2522, 8, 46, 159, 246, '', 1, '2012-05-05 13:46:44', 1, 1),
(2523, 8, 46, 159, 247, '', 1, '2012-05-05 14:00:25', 1, 1),
(2524, 8, 46, 159, 248, '', 1, '2012-05-05 14:00:30', 1, 1),
(2525, 8, 46, 159, 249, '', 1, '2012-05-05 14:00:34', 1, 1),
(2526, 8, 46, 251, 159, '', 1, '2012-05-05 14:00:54', 1, 1),
(2527, 8, 46, 159, 252, '', 1, '2012-05-05 14:01:05', 1, 1),
(2528, 8, 46, 173, 90, '', 1, '2012-05-05 14:03:27', 1, 1),
(2529, 8, 46, 173, 96, '', -1, '2012-05-05 14:04:07', 1, 1),
(2533, 8, 46, 173, 101, '', -1, '2012-05-05 14:06:23', 1, 1),
(2534, 8, 46, 101, 173, '', 1, '2012-05-05 14:06:25', 1, 1),
(2535, 8, 46, 173, 102, '', 1, '2012-05-05 14:07:14', 1, 1),
(2536, 8, 46, 173, 104, '', 1, '2012-05-05 14:07:35', 1, 1),
(2537, 8, 46, 107, 173, '', -1, '2012-05-05 14:07:43', 1, 1),
(2538, 8, 46, 173, 121, '', 1, '2012-05-05 14:08:09', 1, 1),
(2539, 8, 46, 121, 173, '', -1, '2012-05-05 14:08:11', 1, 1),
(2540, 8, 46, 173, 122, '', 1, '2012-05-05 14:08:20', 1, 1),
(2541, 8, 46, 173, 123, '', 1, '2012-05-05 14:08:33', 1, 1),
(2542, 8, 46, 123, 173, '', 1, '2012-05-05 14:08:34', 1, 1),
(2543, 8, 46, 173, 131, '', 1, '2012-05-05 14:08:42', 1, 1),
(2544, 8, 46, 131, 173, '', 1, '2012-05-05 14:08:43', 1, 1),
(2545, 8, 34, 90, 104, '', 1, '2012-05-05 14:08:45', 1, 1),
(2546, 8, 34, 102, 104, '', 1, '2012-05-05 14:09:10', 1, 1),
(2547, 8, 34, 107, 104, '', 1, '2012-05-05 14:09:19', 1, 1),
(2548, 8, 34, 111, 104, '', 1, '2012-05-05 14:09:25', 1, 1),
(2549, 8, 34, 120, 104, '', 1, '2012-05-05 14:09:43', 1, 1),
(2550, 8, 34, 121, 104, '', 1, '2012-05-05 14:09:59', 1, 1),
(2551, 8, 34, 122, 104, '', 1, '2012-05-05 14:10:05', 1, 1),
(2552, 8, 34, 123, 104, '', 1, '2012-05-05 14:10:17', 1, 1),
(2553, 8, 34, 138, 104, '', 1, '2012-05-05 14:10:28', 1, 1),
(2557, 8, 34, 104, 149, '', 1, '2012-05-05 14:10:55', 1, 1),
(2558, 8, 34, 156, 104, '', 1, '2012-05-05 14:11:06', 1, 1),
(2559, 8, 46, 173, 156, '', -1, '2012-05-05 14:11:10', 1, 1),
(2560, 8, 46, 156, 173, '', 1, '2012-05-05 14:11:11', 1, 1),
(2561, 8, 46, 162, 173, '', 1, '2012-05-05 14:11:54', 1, 1),
(2562, 8, 46, 163, 173, '', 1, '2012-05-05 14:16:54', 1, 1),
(2563, 8, 46, 166, 173, '', 1, '2012-05-05 14:17:01', 1, 1),
(2565, 8, 46, 173, 169, '', 1, '2012-05-05 14:17:16', 1, 1),
(2566, 8, 46, 169, 173, '', 1, '2012-05-05 14:17:17', 1, 1),
(2567, 8, 46, 172, 173, '', 1, '2012-05-05 14:17:29', 1, 1),
(2568, 8, 46, 181, 173, '', -1, '2012-05-05 14:18:42', 1, 1),
(2569, 8, 46, 173, 184, '', -1, '2012-05-05 14:19:31', 1, 1),
(2570, 8, 46, 186, 173, '', 1, '2012-05-05 14:19:39', 1, 1),
(2571, 8, 46, 173, 189, '', 1, '2012-05-05 14:20:07', 1, 1),
(2573, 8, 46, 173, 190, '', 1, '2012-05-05 14:21:07', 1, 1),
(2574, 8, 46, 190, 173, '', 1, '2012-05-05 14:21:08', 1, 1),
(2575, 8, 46, 191, 173, '', -1, '2012-05-05 14:21:30', 1, 1),
(2576, 8, 46, 192, 173, '', 1, '2012-05-05 14:21:44', 1, 1),
(2577, 8, 46, 173, 200, '', 1, '2012-05-05 14:22:01', 1, 1),
(2578, 8, 46, 173, 202, '', 1, '2012-05-05 14:23:10', 1, 1),
(2580, 8, 46, 173, 205, '', 1, '2012-05-05 14:23:52', 1, 1),
(2583, 8, 34, 162, 104, '', 1, '2012-05-05 14:31:32', 1, 1),
(2584, 8, 34, 163, 104, '', 1, '2012-05-05 14:31:40', 1, 1),
(2585, 8, 34, 166, 104, '', 1, '2012-05-05 14:31:44', 1, 1),
(2586, 8, 34, 104, 167, '', 1, '2012-05-05 14:32:01', 1, 1),
(2587, 8, 34, 104, 169, '', 1, '2012-05-05 14:32:48', 1, 1),
(2588, 8, 34, 172, 104, '', 1, '2012-05-05 14:33:02', 1, 1),
(2589, 8, 34, 173, 104, '', 1, '2012-05-05 14:33:21', 1, 1),
(2590, 8, 34, 174, 104, '', 1, '2012-05-05 14:33:26', 1, 1),
(2591, 8, 34, 186, 104, '', 1, '2012-05-05 14:33:50', 1, 1),
(2592, 8, 34, 189, 104, '', 1, '2012-05-05 14:34:10', 1, 1),
(2593, 8, 34, 200, 104, '', 1, '2012-05-05 14:35:10', 1, 1),
(2594, 8, 34, 202, 104, '', 1, '2012-05-05 14:35:40', 1, 1),
(2595, 8, 34, 205, 104, '', 1, '2012-05-05 14:36:00', 1, 1),
(2596, 8, 46, 173, 208, '', -1, '2012-05-05 14:36:03', 1, 1),
(2597, 8, 34, 208, 104, '', 1, '2012-05-05 14:36:14', 1, 1),
(2598, 8, 34, 209, 104, '', 1, '2012-05-05 14:36:19', 1, 1),
(2599, 8, 34, 210, 104, '', -1, '2012-05-05 14:36:30', 1, 1),
(2600, 8, 34, 211, 104, '', 1, '2012-05-05 14:36:41', 1, 1),
(2601, 8, 34, 213, 104, '', 1, '2012-05-05 14:36:45', 1, 1),
(2602, 8, 34, 218, 104, '', 1, '2012-05-05 14:37:47', 1, 1),
(2603, 8, 34, 223, 104, '', 1, '2012-05-05 14:38:14', 1, 1),
(2604, 8, 34, 229, 104, '', 1, '2012-05-05 14:38:25', 1, 1),
(2605, 8, 34, 233, 104, '', 1, '2012-05-05 14:38:40', 1, 1),
(2606, 8, 34, 236, 104, '', 1, '2012-05-05 14:39:09', 1, 1),
(2607, 8, 34, 239, 104, '', 1, '2012-05-05 14:39:13', 1, 1),
(2608, 8, 34, 242, 104, '', 1, '2012-05-05 14:39:25', 1, 1),
(2609, 8, 34, 247, 104, '', 1, '2012-05-05 14:39:33', 1, 1),
(2610, 8, 34, 246, 104, '', 1, '2012-05-05 14:39:38', 1, 1),
(2611, 8, 34, 245, 104, '', 1, '2012-05-05 14:39:41', 1, 1),
(2612, 8, 34, 244, 104, '', 1, '2012-05-05 14:39:44', 1, 1),
(2613, 8, 34, 248, 104, '', 1, '2012-05-05 14:39:57', 1, 1),
(2614, 8, 34, 249, 104, '', 1, '2012-05-05 14:40:05', 1, 1),
(2615, 8, 34, 251, 104, '', 1, '2012-05-05 14:40:22', 1, 1),
(2616, 8, 34, 81, 169, '', 1, '2012-05-05 14:41:12', 1, 1),
(2617, 8, 34, 85, 169, '', 1, '2012-05-05 14:41:16', 1, 1),
(2618, 8, 46, 173, 209, '', 1, '2012-05-05 14:41:20', 1, 1),
(2619, 8, 46, 209, 173, '', 1, '2012-05-05 14:41:21', 1, 1),
(2620, 8, 34, 90, 169, '', 1, '2012-05-05 14:41:36', 1, 1),
(2621, 8, 34, 99, 169, '', 1, '2012-05-05 14:41:45', 1, 1),
(2622, 8, 34, 101, 169, '', 1, '2012-05-05 14:41:48', 1, 1),
(2623, 8, 34, 102, 169, '', 1, '2012-05-05 14:41:53', 1, 1),
(2624, 8, 46, 173, 211, '', -1, '2012-05-05 14:42:05', 1, 1),
(2625, 8, 46, 211, 173, '', -1, '2012-05-05 14:42:07', 1, 1),
(2626, 8, 34, 107, 169, '', 1, '2012-05-05 14:42:05', 1, 1),
(2627, 8, 34, 108, 169, '', 1, '2012-05-05 14:42:20', 1, 1),
(2628, 8, 34, 111, 169, '', 1, '2012-05-05 14:42:29', 1, 1),
(2629, 8, 34, 120, 169, '', 1, '2012-05-05 14:42:34', 1, 1),
(2630, 8, 46, 173, 213, '', 1, '2012-05-05 14:42:48', 1, 1),
(2631, 8, 34, 121, 169, '', 1, '2012-05-05 14:42:53', 1, 1),
(2632, 8, 46, 173, 218, '', 1, '2012-05-05 14:42:54', 1, 1),
(2633, 8, 46, 173, 219, '', 1, '2012-05-05 14:42:58', 1, 1),
(2634, 8, 34, 122, 169, '', -1, '2012-05-05 14:43:00', 1, 1),
(2635, 8, 46, 223, 173, '', 1, '2012-05-05 14:43:09', 1, 1),
(2636, 8, 34, 132, 169, '', 1, '2012-05-05 14:43:29', 1, 1),
(2637, 8, 46, 173, 227, '', -1, '2012-05-05 14:43:38', 1, 1),
(2638, 8, 34, 138, 169, '', 1, '2012-05-05 14:43:43', 1, 1),
(2639, 8, 46, 173, 229, '', -1, '2012-05-05 14:43:45', 1, 1),
(2640, 8, 34, 139, 169, '', 1, '2012-05-05 14:43:45', 1, 1),
(2641, 8, 34, 142, 169, '', 1, '2012-05-05 14:43:49', 1, 1),
(2642, 8, 46, 232, 173, '', 1, '2012-05-05 14:44:00', 1, 1),
(2643, 8, 46, 173, 233, '', -1, '2012-05-05 14:44:12', 1, 1),
(2644, 8, 34, 148, 169, '', 1, '2012-05-05 14:44:14', 1, 1),
(2645, 8, 34, 149, 169, '', 1, '2012-05-05 14:44:17', 1, 1),
(2646, 8, 34, 156, 169, '', 1, '2012-05-05 14:44:25', 1, 1),
(2647, 8, 34, 159, 169, '', 1, '2012-05-05 14:44:29', 1, 1),
(2648, 8, 46, 239, 173, '', 1, '2012-05-05 14:44:30', 1, 1),
(2649, 8, 46, 173, 241, '', 1, '2012-05-05 14:44:37', 1, 1),
(2650, 8, 46, 173, 242, '', -1, '2012-05-05 14:45:17', 1, 1),
(2651, 8, 34, 162, 169, '', 1, '2012-05-05 14:45:22', 1, 1),
(2652, 8, 46, 243, 173, '', 1, '2012-05-05 14:45:22', 1, 1),
(2653, 8, 34, 163, 169, '', 1, '2012-05-05 14:45:28', 1, 1),
(2654, 8, 46, 173, 245, '', 1, '2012-05-05 14:45:31', 1, 1),
(2655, 8, 34, 166, 169, '', 1, '2012-05-05 14:45:33', 1, 1),
(2656, 8, 46, 173, 246, '', 1, '2012-05-05 14:45:38', 1, 1),
(2657, 8, 46, 173, 247, '', 1, '2012-05-05 14:45:44', 1, 1),
(2658, 8, 46, 247, 173, '', 1, '2012-05-05 14:45:45', 1, 1),
(2659, 8, 34, 167, 169, '', 1, '2012-05-05 14:45:49', 1, 1),
(2660, 8, 46, 173, 248, '', 1, '2012-05-05 14:45:52', 1, 1),
(2661, 8, 46, 248, 173, '', 1, '2012-05-05 14:45:53', 1, 1),
(2662, 8, 34, 172, 169, '', 1, '2012-05-05 14:45:58', 1, 1),
(2663, 8, 34, 173, 169, '', 1, '2012-05-05 14:46:03', 1, 1),
(2664, 8, 34, 185, 169, '', 1, '2012-05-05 14:46:37', 1, 1),
(2665, 8, 46, 173, 249, '', 1, '2012-05-05 14:46:38', 1, 1),
(2666, 8, 46, 173, 250, '', 1, '2012-05-05 14:46:52', 1, 1),
(2667, 8, 46, 250, 173, '', 1, '2012-05-05 14:46:54', 1, 1),
(2669, 8, 46, 251, 173, '', 1, '2012-05-05 14:47:03', 1, 1),
(2672, 8, 46, 173, 252, '', 1, '2012-05-05 14:47:09', 1, 1),
(2673, 8, 34, 169, 189, '', 1, '2012-05-05 14:47:18', 1, 1),
(2674, 8, 34, 189, 169, '', 1, '2012-05-05 14:47:20', 1, 1),
(2675, 8, 46, 173, 253, '', 1, '2012-05-05 14:47:22', 1, 1),
(2676, 8, 34, 190, 169, '', 1, '2012-05-05 14:47:41', 1, 1),
(2677, 8, 34, 169, 191, '', 1, '2012-05-05 14:48:13', 1, 1),
(2679, 8, 46, 214, 85, '', 1, '2012-05-05 14:48:35', 1, 1),
(2680, 8, 46, 85, 214, '', 1, '2012-05-05 14:48:37', 1, 1),
(2681, 8, 34, 192, 169, '', 1, '2012-05-05 14:48:40', 1, 1),
(2682, 8, 34, 202, 169, '', 1, '2012-05-05 14:51:04', 1, 1),
(2683, 8, 34, 205, 169, '', 1, '2012-05-05 14:59:59', 1, 1),
(2684, 8, 34, 208, 169, '', 1, '2012-05-05 15:00:04', 1, 1),
(2685, 8, 34, 209, 169, '', 1, '2012-05-05 15:00:13', 1, 1),
(2687, 8, 34, 218, 169, '', 1, '2012-05-05 15:01:12', 1, 1),
(2688, 8, 34, 169, 213, '', 1, '2012-05-05 15:01:25', 1, 1),
(2689, 8, 34, 221, 169, '', 1, '2012-05-05 15:01:52', 1, 1),
(2690, 8, 34, 223, 169, '', 1, '2012-05-05 15:01:57', 1, 1),
(2691, 8, 34, 233, 169, '', 1, '2012-05-05 15:02:51', 1, 1),
(2692, 8, 34, 236, 169, '', 1, '2012-05-05 15:03:16', 1, 1),
(2693, 8, 34, 239, 169, '', 1, '2012-05-05 15:03:23', 1, 1),
(2694, 8, 34, 169, 241, '', 1, '2012-05-05 15:03:33', 1, 1),
(2695, 8, 34, 244, 169, '', 1, '2012-05-05 15:03:57', 1, 1),
(2696, 8, 34, 169, 245, '', 1, '2012-05-05 15:04:11', 1, 1),
(2698, 8, 34, 169, 246, '', 1, '2012-05-05 15:04:27', 1, 1),
(2699, 8, 34, 246, 169, '', 1, '2012-05-05 15:04:29', 1, 1),
(2701, 8, 34, 169, 249, '', 1, '2012-05-05 15:05:01', 1, 1),
(2704, 8, 34, 190, 227, '', -1, '2012-05-05 15:06:59', 1, 1),
(2705, 8, 46, 214, 86, '', 1, '2012-05-05 15:06:52', 1, 1),
(2706, 8, 46, 214, 96, '', 1, '2012-05-05 15:07:18', 1, 1),
(2707, 8, 46, 96, 214, '', 1, '2012-05-05 15:07:19', 1, 1),
(2708, 8, 34, 192, 227, '', 1, '2012-05-05 15:07:22', 1, 1),
(2709, 8, 46, 214, 99, '', 1, '2012-05-05 15:07:29', 1, 1),
(2710, 8, 34, 191, 227, '', 1, '2012-05-05 15:07:31', 1, 1),
(2711, 8, 46, 101, 214, '', 1, '2012-05-05 15:07:36', 1, 1),
(2712, 8, 34, 203, 227, '', 1, '2012-05-05 15:08:06', 1, 1),
(2713, 8, 34, 210, 227, '', -1, '2012-05-05 15:08:28', 1, 1),
(2714, 8, 34, 221, 227, '', 1, '2012-05-05 15:08:41', 1, 1),
(2715, 8, 46, 214, 107, '', 1, '2012-05-05 15:08:42', 1, 1),
(2716, 8, 46, 214, 104, '', 1, '2012-05-05 15:08:51', 1, 1),
(2717, 8, 34, 227, 230, '', 1, '2012-05-05 15:09:21', 1, 1),
(2718, 8, 34, 230, 227, '', 1, '2012-05-05 15:09:23', 1, 1),
(2723, 8, 46, 214, 108, '', 1, '2012-05-05 15:10:00', 1, 1),
(2724, 8, 46, 121, 214, '', 1, '2012-05-05 15:10:13', 1, 1),
(2725, 8, 46, 214, 122, '', 1, '2012-05-05 15:10:36', 1, 1),
(2726, 8, 46, 214, 123, '', 1, '2012-05-05 15:10:48', 1, 1),
(2727, 8, 46, 123, 214, '', 1, '2012-05-05 15:10:49', 1, 1),
(2728, 8, 46, 131, 214, '', 1, '2012-05-05 15:11:01', 1, 1),
(2729, 8, 46, 214, 132, '', 1, '2012-05-05 15:11:11', 1, 1),
(2730, 8, 46, 214, 138, '', 1, '2012-05-05 15:11:22', 1, 1),
(2731, 8, 46, 214, 142, '', 1, '2012-05-05 15:11:35', 1, 1),
(2732, 8, 46, 142, 214, '', 1, '2012-05-05 15:11:36', 1, 1),
(2733, 8, 46, 214, 146, '', 1, '2012-05-05 15:12:33', 1, 1),
(2734, 8, 46, 148, 214, '', 1, '2012-05-05 15:12:39', 1, 1),
(2735, 8, 46, 214, 149, '', 1, '2012-05-05 15:12:48', 1, 1),
(2736, 8, 46, 149, 214, '', 1, '2012-05-05 15:12:50', 1, 1),
(2737, 8, 46, 156, 214, '', 1, '2012-05-05 15:12:55', 1, 1),
(2738, 8, 46, 162, 214, '', 1, '2012-05-05 15:13:13', 1, 1),
(2739, 8, 46, 163, 214, '', 1, '2012-05-05 15:14:18', 1, 1),
(2740, 8, 46, 214, 166, '', 1, '2012-05-05 15:14:22', 1, 1),
(2741, 8, 46, 214, 169, '', 1, '2012-05-05 15:14:32', 1, 1),
(2742, 8, 46, 172, 214, '', 1, '2012-05-05 15:14:40', 1, 1),
(2743, 8, 46, 174, 214, '', -1, '2012-05-05 15:15:01', 1, 1),
(2744, 8, 46, 175, 214, '', 1, '2012-05-05 15:16:47', 1, 1),
(2745, 8, 46, 176, 214, '', 1, '2012-05-05 15:16:56', 1, 1),
(2746, 8, 46, 181, 214, '', 1, '2012-05-05 15:17:02', 1, 1),
(2747, 8, 46, 184, 214, '', 1, '2012-05-05 15:17:06', 1, 1),
(2748, 8, 46, 186, 214, '', 1, '2012-05-05 15:17:34', 1, 1),
(2749, 8, 46, 214, 189, '', 1, '2012-05-05 15:17:44', 1, 1),
(2750, 8, 34, 81, 241, 'depeds on your beliefs about the monetary value of open source.  discover dormant skills/assets. Monetize=TBD', 1, '2012-05-05 15:18:17', 1, 1),
(2751, 8, 34, 132, 241, '', 1, '2012-05-05 15:19:40', 1, 1),
(2752, 8, 34, 133, 241, '', 1, '2012-05-05 15:19:43', 1, 1),
(2753, 8, 34, 134, 241, '', 1, '2012-05-05 15:19:49', 1, 1),
(2754, 8, 34, 139, 241, '', 1, '2012-05-05 15:19:52', 1, 1),
(2755, 8, 46, 214, 190, '', 1, '2012-05-05 15:20:01', 1, 1),
(2756, 8, 34, 148, 241, '', 1, '2012-05-05 15:20:07', 1, 1),
(2757, 8, 34, 156, 241, '', 1, '2012-05-05 15:20:15', 1, 1),
(2758, 8, 34, 159, 241, '', 1, '2012-05-05 15:20:20', 1, 1),
(2759, 8, 34, 162, 241, '', 1, '2012-05-05 15:20:43', 1, 1),
(2760, 8, 46, 214, 195, '', 1, '2012-05-05 15:20:39', 1, 1),
(2761, 8, 46, 195, 214, '', 1, '2012-05-05 15:20:41', 1, 1),
(2762, 8, 46, 214, 197, '', 1, '2012-05-05 15:20:46', 1, 1),
(2763, 8, 46, 197, 214, '', 1, '2012-05-05 15:20:47', 1, 1),
(2764, 8, 34, 163, 241, '', 1, '2012-05-05 15:20:50', 1, 1),
(2765, 8, 34, 166, 241, '', 1, '2012-05-05 15:20:53', 1, 1),
(2766, 8, 46, 214, 200, '', 1, '2012-05-05 15:21:05', 1, 1),
(2767, 8, 34, 167, 241, '', 1, '2012-05-05 15:21:08', 1, 1),
(2770, 8, 34, 172, 241, '', 1, '2012-05-05 15:21:17', 1, 1),
(2771, 8, 46, 202, 214, '', 1, '2012-05-05 15:21:18', 1, 1),
(2772, 8, 34, 173, 241, '', 1, '2012-05-05 15:21:23', 1, 1),
(2776, 8, 34, 176, 241, '', 1, '2012-05-05 15:21:52', 1, 1),
(2777, 8, 46, 203, 214, '', -1, '2012-05-05 15:22:01', 1, 1),
(2778, 8, 46, 214, 205, '', 1, '2012-05-05 15:22:10', 1, 1),
(2779, 8, 46, 205, 214, '', 1, '2012-05-05 15:22:11', 1, 1),
(2780, 8, 46, 208, 214, '', 1, '2012-05-05 15:22:35', 1, 1),
(2781, 8, 46, 209, 214, '', 1, '2012-05-05 15:22:41', 1, 1),
(2783, 8, 46, 211, 214, '', -1, '2012-05-05 15:23:07', 1, 1),
(2784, 8, 34, 185, 241, '', 1, '2012-05-05 15:23:32', 1, 1),
(2785, 8, 34, 186, 241, '', 1, '2012-05-05 15:23:53', 1, 1),
(2786, 8, 46, 214, 218, '', 1, '2012-05-05 15:24:00', 1, 1),
(2787, 8, 34, 188, 241, '', 1, '2012-05-05 15:24:09', 1, 1),
(2788, 8, 46, 214, 219, '', 1, '2012-05-05 15:24:12', 1, 1),
(2789, 8, 34, 241, 189, '', 1, '2012-05-05 15:24:16', 1, 1),
(2790, 8, 34, 241, 192, '', 1, '2012-05-05 15:24:41', 1, 1),
(2791, 8, 34, 192, 241, '', 1, '2012-05-05 15:24:44', 1, 1),
(2792, 8, 46, 223, 214, '', 1, '2012-05-05 15:24:49', 1, 1),
(2794, 8, 46, 229, 214, '', -1, '2012-05-05 15:25:10', 1, 1),
(2795, 8, 34, 195, 241, '', 1, '2012-05-05 15:25:25', 1, 1),
(2796, 8, 46, 232, 214, '', 1, '2012-05-05 15:25:38', 1, 1),
(2797, 8, 34, 241, 200, '', 1, '2012-05-05 15:25:52', 1, 1),
(2798, 8, 34, 200, 241, '', 1, '2012-05-05 15:25:54', 1, 1),
(2799, 8, 46, 233, 214, '', 1, '2012-05-05 15:25:50', 1, 1),
(2800, 8, 46, 239, 214, '', 1, '2012-05-05 15:26:01', 1, 1),
(2802, 8, 46, 214, 241, '', 1, '2012-05-05 15:26:14', 1, 1),
(2803, 8, 46, 241, 214, '', 1, '2012-05-05 15:26:15', 1, 1),
(2804, 8, 34, 205, 241, '', 1, '2012-05-05 15:26:16', 1, 1),
(2805, 8, 34, 208, 241, '', 1, '2012-05-05 15:26:22', 1, 1),
(2806, 8, 34, 209, 241, '', 1, '2012-05-05 15:26:39', 1, 1),
(2807, 8, 34, 211, 241, '', 1, '2012-05-05 15:27:36', 1, 1),
(2808, 8, 34, 210, 241, '', -1, '2012-05-05 15:27:40', 1, 1),
(2809, 8, 34, 218, 241, '', 1, '2012-05-05 15:27:52', 1, 1),
(2811, 8, 34, 221, 241, '', 1, '2012-05-05 15:28:42', 1, 1),
(2813, 8, 34, 241, 242, '', 1, '2012-05-05 15:29:18', 1, 1),
(2814, 8, 34, 242, 241, '', 1, '2012-05-05 15:29:21', 1, 1),
(2815, 8, 34, 241, 243, '', 1, '2012-05-05 15:29:39', 1, 1),
(2816, 8, 34, 244, 241, '', 1, '2012-05-05 15:29:50', 1, 1),
(2817, 8, 46, 242, 214, '', 1, '2012-05-05 15:31:34', 1, 1),
(2818, 8, 46, 214, 244, '', 1, '2012-05-05 15:31:45', 1, 1),
(2819, 8, 46, 214, 246, '', 1, '2012-05-05 15:31:55', 1, 1),
(2820, 8, 46, 246, 214, '', 1, '2012-05-05 15:31:56', 1, 1),
(2821, 8, 46, 214, 247, '', 1, '2012-05-05 15:33:33', 1, 1),
(2822, 8, 46, 214, 248, '', 1, '2012-05-05 15:33:41', 1, 1),
(2823, 8, 46, 250, 214, '', 1, '2012-05-05 15:33:52', 1, 1),
(2824, 8, 46, 251, 214, '', 1, '2012-05-05 15:33:57', 1, 1),
(2831, 8, 46, 239, 90, '', 1, '2012-05-05 15:35:08', 1, 1),
(2832, 8, 46, 239, 96, '', 1, '2012-05-05 15:35:17', 1, 1),
(2833, 8, 46, 239, 99, '', 1, '2012-05-05 15:35:22', 1, 1),
(2834, 8, 46, 101, 239, '', 1, '2012-05-05 15:35:27', 1, 1),
(2835, 8, 46, 102, 239, '', 1, '2012-05-05 15:35:37', 1, 1),
(2836, 8, 46, 239, 108, '', 1, '2012-05-05 15:36:04', 1, 1),
(2837, 8, 34, 245, 241, '', 1, '2012-05-05 15:37:03', 1, 1),
(2838, 8, 34, 247, 241, '', 1, '2012-05-05 15:37:08', 1, 1),
(2839, 8, 34, 246, 241, '', 1, '2012-05-05 15:37:11', 1, 1),
(2840, 8, 34, 248, 241, '', 1, '2012-05-05 15:37:20', 1, 1),
(2841, 8, 46, 239, 107, '', 1, '2012-05-05 15:37:30', 1, 1),
(2842, 8, 46, 111, 239, '', 1, '2012-05-05 15:37:36', 1, 1),
(2843, 8, 46, 239, 120, '', 1, '2012-05-05 15:37:46', 1, 1),
(2844, 8, 46, 120, 239, '', 1, '2012-05-05 15:37:47', 1, 1),
(2846, 8, 34, 251, 241, '', 1, '2012-05-05 15:38:21', 1, 1),
(2847, 8, 46, 239, 123, '', 1, '2012-05-05 15:38:25', 1, 1),
(2848, 8, 46, 123, 239, '', -1, '2012-05-05 15:38:28', 1, 1),
(2849, 8, 34, 241, 250, '', 1, '2012-05-05 15:38:32', 1, 1),
(2850, 8, 34, 250, 241, '', 1, '2012-05-05 15:38:34', 1, 1),
(2851, 8, 46, 131, 239, '', -1, '2012-05-05 15:39:11', 1, 1),
(2852, 8, 34, 81, 138, '', 1, '2012-05-05 15:39:10', 1, 1),
(2853, 8, 34, 90, 138, '', 1, '2012-05-05 15:39:28', 1, 1),
(2854, 8, 34, 102, 138, '', 1, '2012-05-05 15:39:33', 1, 1),
(2857, 8, 34, 138, 107, '', 1, '2012-05-05 15:40:12', 1, 1),
(2858, 8, 34, 107, 138, '', 1, '2012-05-05 15:40:15', 1, 1),
(2859, 8, 34, 108, 138, '', 1, '2012-05-05 15:40:24', 1, 1),
(2860, 8, 34, 111, 138, '', 1, '2012-05-05 15:40:33', 1, 1),
(2862, 8, 34, 138, 131, '', 1, '2012-05-05 15:43:53', 1, 1),
(2863, 8, 34, 131, 138, '', 1, '2012-05-05 15:43:56', 1, 1),
(2864, 8, 34, 139, 138, '', 1, '2012-05-05 15:44:14', 1, 1),
(2865, 8, 34, 138, 142, '', 1, '2012-05-05 15:44:21', 1, 1),
(2866, 8, 34, 138, 144, '', 1, '2012-05-05 15:44:33', 1, 1),
(2867, 8, 34, 138, 146, '', 1, '2012-05-05 15:44:48', 1, 1),
(2868, 8, 34, 148, 138, '', 1, '2012-05-05 15:44:53', 1, 1),
(2869, 8, 34, 138, 149, '', 1, '2012-05-05 15:45:05', 1, 1),
(2870, 8, 34, 159, 138, '', 1, '2012-05-05 15:45:29', 1, 1),
(2871, 8, 34, 162, 138, '', 1, '2012-05-05 15:45:37', 1, 1),
(2872, 8, 34, 163, 138, '', 1, '2012-05-05 15:45:50', 1, 1),
(2875, 8, 46, 239, 132, '', 1, '2012-05-05 15:46:02', 1, 1),
(2876, 8, 46, 132, 239, '', -1, '2012-05-05 15:46:04', 1, 1),
(2877, 8, 34, 138, 166, '', 1, '2012-05-05 15:46:02', 1, 1),
(2878, 8, 34, 166, 138, '', 1, '2012-05-05 15:46:04', 1, 1),
(2879, 8, 34, 138, 167, '', 1, '2012-05-05 15:46:14', 1, 1),
(2880, 8, 46, 239, 138, '', 1, '2012-05-05 15:46:24', 1, 1),
(2881, 8, 34, 174, 138, '', 1, '2012-05-05 15:46:29', 1, 1),
(2882, 8, 46, 239, 142, '', 1, '2012-05-05 15:46:33', 1, 1),
(2883, 8, 34, 138, 188, '', 1, '2012-05-05 15:47:38', 1, 1),
(2884, 8, 34, 138, 189, '', 1, '2012-05-05 15:47:46', 1, 1),
(2885, 8, 46, 144, 239, '', -1, '2012-05-05 15:47:48', 1, 1),
(2886, 8, 34, 138, 190, '', 1, '2012-05-05 15:47:53', 1, 1),
(2887, 8, 46, 239, 148, '', 1, '2012-05-05 15:48:01', 1, 1),
(2888, 8, 46, 148, 239, '', 1, '2012-05-05 15:48:02', 1, 1),
(2889, 8, 34, 191, 138, '', 1, '2012-05-05 15:48:03', 1, 1),
(2890, 8, 46, 239, 149, '', 1, '2012-05-05 15:48:08', 1, 1),
(2891, 8, 34, 138, 192, '', 1, '2012-05-05 15:48:16', 1, 1),
(2892, 8, 34, 192, 138, '', 1, '2012-05-05 15:48:18', 1, 1),
(2893, 8, 46, 159, 239, '', -1, '2012-05-05 15:48:39', 1, 1),
(2894, 8, 46, 161, 239, '', -1, '2012-05-05 15:48:47', 1, 1),
(2895, 8, 46, 239, 162, '', 1, '2012-05-05 15:48:53', 1, 1),
(2896, 8, 46, 163, 239, '', -1, '2012-05-05 15:49:00', 1, 1),
(2897, 8, 34, 197, 138, '', 1, '2012-05-05 15:49:59', 1, 1),
(2898, 8, 46, 239, 169, '', 1, '2012-05-05 15:50:02', 1, 1),
(2899, 8, 46, 169, 239, '', -1, '2012-05-05 15:50:04', 1, 1),
(2900, 8, 34, 202, 138, '', 1, '2012-05-05 15:50:07', 1, 1),
(2901, 8, 34, 205, 138, '', 1, '2012-05-05 15:50:21', 1, 1),
(2902, 8, 34, 208, 138, '', 1, '2012-05-05 15:50:27', 1, 1),
(2903, 8, 46, 172, 239, '', -1, '2012-05-05 15:50:29', 1, 1),
(2904, 8, 46, 174, 239, '', -1, '2012-05-05 15:50:39', 1, 1),
(2905, 8, 46, 175, 239, '', -1, '2012-05-05 15:51:40', 1, 1),
(2907, 8, 34, 213, 138, '', 1, '2012-05-05 15:52:26', 1, 1),
(2908, 8, 34, 138, 219, '', 1, '2012-05-05 15:52:40', 1, 1),
(2909, 8, 34, 223, 138, '', 1, '2012-05-05 15:52:50', 1, 1),
(2910, 8, 34, 229, 138, '', 1, '2012-05-05 15:53:04', 1, 1),
(2911, 8, 46, 176, 239, '', -1, '2012-05-05 15:53:59', 1, 1),
(2912, 8, 46, 239, 181, '', 1, '2012-05-05 15:54:06', 1, 1),
(2914, 8, 46, 239, 184, '', 1, '2012-05-05 15:54:19', 1, 1),
(2915, 8, 46, 184, 239, '', -1, '2012-05-05 15:54:20', 1, 1),
(2916, 8, 34, 232, 138, '', 1, '2012-05-05 15:54:19', 1, 1),
(2917, 8, 46, 186, 239, '', 1, '2012-05-05 15:54:32', 1, 1),
(2918, 8, 34, 233, 138, '', 1, '2012-05-05 15:54:34', 1, 1),
(2919, 8, 34, 236, 138, '', 1, '2012-05-05 15:54:38', 1, 1),
(2920, 8, 46, 188, 239, '', -1, '2012-05-05 15:54:38', 1, 1),
(2921, 8, 34, 239, 138, '', 1, '2012-05-05 15:54:43', 1, 1),
(2922, 8, 46, 239, 190, '', 1, '2012-05-05 15:54:51', 1, 1),
(2923, 8, 34, 243, 138, '', 1, '2012-05-05 15:54:56', 1, 1),
(2924, 8, 46, 239, 191, '', 1, '2012-05-05 15:54:57', 1, 1),
(2925, 8, 34, 244, 138, '', 1, '2012-05-05 15:55:01', 1, 1),
(2926, 8, 46, 239, 195, '', 1, '2012-05-05 15:55:10', 1, 1),
(2927, 8, 46, 195, 239, '', -1, '2012-05-05 15:55:12', 1, 1),
(2928, 8, 34, 138, 245, '', 1, '2012-05-05 15:55:13', 1, 1),
(2929, 8, 34, 245, 138, '', 1, '2012-05-05 15:55:15', 1, 1),
(2930, 8, 46, 197, 239, '', 1, '2012-05-05 15:55:17', 1, 1),
(2931, 8, 46, 200, 239, '', -1, '2012-05-05 15:55:26', 1, 1),
(2932, 8, 34, 138, 246, '', 1, '2012-05-05 15:55:30', 1, 1),
(2933, 8, 34, 246, 138, '', 1, '2012-05-05 15:55:34', 1, 1),
(2934, 8, 46, 202, 239, '', -1, '2012-05-05 15:55:31', 1, 1),
(2935, 8, 34, 247, 138, '', 1, '2012-05-05 15:55:41', 1, 1),
(2936, 8, 46, 203, 239, '', -1, '2012-05-05 15:55:43', 1, 1),
(2937, 8, 34, 248, 138, '', 1, '2012-05-05 15:55:48', 1, 1),
(2938, 8, 34, 138, 249, '', 1, '2012-05-05 15:55:57', 1, 1),
(2939, 8, 46, 210, 239, '', 1, '2012-05-05 15:56:02', 1, 1),
(2940, 8, 46, 211, 239, '', -1, '2012-05-05 15:56:09', 1, 1),
(2941, 8, 46, 213, 239, '', -1, '2012-05-05 15:56:21', 1, 1),
(2942, 8, 46, 221, 239, '', -1, '2012-05-05 15:56:35', 1, 1),
(2943, 8, 46, 223, 239, '', -1, '2012-05-05 15:56:42', 1, 1),
(2944, 8, 34, 251, 138, '', 1, '2012-05-05 15:56:49', 1, 1),
(2945, 8, 46, 239, 241, '', 1, '2012-05-05 15:57:35', 1, 1),
(2946, 8, 46, 241, 239, '', 1, '2012-05-05 15:57:36', 1, 1),
(2947, 8, 46, 243, 239, '', -1, '2012-05-05 15:57:47', 1, 1),
(2948, 8, 46, 239, 244, '', 1, '2012-05-05 15:58:00', 1, 1),
(2949, 8, 46, 244, 239, '', -1, '2012-05-05 15:58:02', 1, 1),
(2951, 8, 46, 239, 245, '', 1, '2012-05-05 15:58:18', 1, 1),
(2952, 8, 46, 245, 239, '', -1, '2012-05-05 15:58:19', 1, 1),
(2953, 8, 46, 239, 246, '', 1, '2012-05-05 15:58:26', 1, 1),
(2954, 8, 46, 246, 239, '', 1, '2012-05-05 15:58:28', 1, 1),
(2957, 8, 46, 239, 248, '', 1, '2012-05-05 15:58:48', 1, 1),
(2958, 8, 46, 248, 239, '', -1, '2012-05-05 15:58:49', 1, 1),
(2959, 8, 46, 239, 247, '', 1, '2012-05-05 15:58:54', 1, 1),
(2960, 8, 46, 247, 239, '', -1, '2012-05-05 15:58:58', 1, 1),
(2961, 8, 46, 239, 249, '', 1, '2012-05-05 15:59:06', 1, 1),
(2962, 8, 46, 251, 239, '', 1, '2012-05-05 15:59:16', 1, 1),
(2963, 8, 46, 239, 252, '', 1, '2012-05-05 15:59:23', 1, 1),
(2964, 8, 46, 239, 254, '', 1, '2012-05-05 15:59:30', 1, 1),
(2965, 8, 34, 81, 209, '', 1, '2012-05-05 16:05:08', 1, 1),
(2966, 8, 34, 85, 209, '', 1, '2012-05-05 16:05:16', 1, 1),
(2967, 8, 34, 121, 209, '', 1, '2012-05-05 16:06:03', 1, 1),
(2968, 8, 34, 122, 209, '', 1, '2012-05-05 16:06:13', 1, 1),
(2969, 8, 34, 209, 156, '', 1, '2012-05-05 16:06:53', 1, 1),
(2970, 8, 34, 159, 209, '', 1, '2012-05-05 16:06:59', 1, 1),
(2971, 8, 34, 167, 209, '', 1, '2012-05-05 16:07:26', 1, 1),
(2972, 8, 34, 202, 209, '', 1, '2012-05-05 16:09:06', 1, 1),
(2973, 8, 34, 203, 209, '', 1, '2012-05-05 16:09:23', 1, 1),
(2974, 8, 34, 209, 210, '', -1, '2012-05-05 16:09:50', 1, 1),
(2975, 8, 34, 211, 209, '', 1, '2012-05-05 16:10:01', 1, 1),
(2976, 8, 34, 223, 209, '', 1, '2012-05-05 16:10:37', 1, 1),
(2977, 8, 34, 229, 209, '', 1, '2012-05-05 16:10:50', 1, 1),
(2978, 8, 34, 251, 209, '', 1, '2012-05-05 16:11:40', 1, 1),
(2980, 8, 34, 90, 191, '', 1, '2012-05-05 16:12:32', 1, 1),
(2983, 8, 34, 99, 191, '', 1, '2012-05-05 16:12:46', 1, 1),
(2984, 8, 34, 101, 191, '', 1, '2012-05-05 16:12:50', 1, 1),
(2985, 8, 34, 102, 191, '', 1, '2012-05-05 16:12:55', 1, 1),
(2986, 8, 34, 107, 191, '', 1, '2012-05-05 16:13:07', 1, 1),
(2987, 8, 34, 111, 191, '', 1, '2012-05-05 16:16:36', 1, 1),
(2988, 8, 34, 123, 191, '', 1, '2012-05-05 16:16:49', 1, 1),
(2989, 8, 34, 131, 191, '', 1, '2012-05-05 16:16:54', 1, 1),
(2990, 8, 34, 132, 191, '', 1, '2012-05-05 16:16:59', 1, 1),
(2991, 8, 34, 144, 191, '', 1, '2012-05-05 16:17:20', 1, 1),
(2992, 8, 34, 159, 191, '', 1, '2012-05-05 16:17:53', 1, 1),
(2993, 8, 34, 162, 191, '', 1, '2012-05-05 16:18:10', 1, 1),
(2994, 8, 34, 167, 191, '', 1, '2012-05-05 16:18:25', 1, 1);
INSERT INTO `userLinks` (`id`, `projectId`, `userId`, `issueFromId`, `issueToId`, `comment`, `sign`, `modified`, `num_observers`, `tot_observers`) VALUES
(2995, 8, 34, 184, 191, '', 1, '2012-05-05 16:18:46', 1, 1),
(2996, 8, 34, 191, 192, '', 1, '2012-05-05 16:19:17', 1, 1),
(2997, 8, 34, 197, 191, '', 1, '2012-05-05 16:19:37', 1, 1),
(2998, 8, 34, 191, 209, '', 1, '2012-05-05 16:20:32', 1, 1),
(2999, 8, 34, 191, 219, '', 1, '2012-05-05 16:21:13', 1, 1),
(3000, 8, 34, 191, 242, '', 1, '2012-05-05 16:21:49', 1, 1),
(3001, 8, 34, 242, 191, '', 1, '2012-05-05 16:21:54', 1, 1),
(3002, 8, 34, 245, 191, '', 1, '2012-05-05 16:22:12', 1, 1),
(3004, 8, 34, 191, 254, '', 1, '2012-05-05 16:27:39', 1, 1),
(3005, 8, 34, 251, 191, '', 1, '2012-05-05 16:23:34', 1, 1),
(3006, 8, 34, 181, 210, '', -1, '2012-05-05 16:25:14', 1, 1),
(3008, 8, 58, 186, 195, '', 1, '2012-05-05 21:06:07', 1, 1),
(3009, 8, 58, 186, 208, '', 1, '2012-05-05 21:07:15', 1, 1),
(3010, 8, 58, 186, 242, '', 1, '2012-05-05 21:08:54', 1, 1),
(3011, 8, 58, 242, 186, '', 1, '2012-05-05 21:09:02', 1, 1),
(3012, 8, 58, 123, 107, '', 1, '2012-05-05 21:11:22', 1, 1),
(3013, 8, 58, 123, 108, '', 1, '2012-05-05 21:11:37', 1, 1),
(3015, 8, 58, 123, 131, '', 1, '2012-05-05 21:13:16', 1, 1),
(3016, 8, 58, 131, 123, '', 1, '2012-05-05 21:13:17', 1, 1),
(3017, 8, 58, 123, 162, '', 1, '2012-05-05 21:14:41', 1, 1),
(3018, 8, 58, 123, 163, '', 1, '2012-05-05 21:15:17', 1, 1),
(3019, 8, 58, 123, 166, '', 1, '2012-05-05 21:15:58', 1, 1),
(3020, 8, 58, 123, 195, '', 1, '2012-05-05 21:18:53', 1, 1),
(3021, 8, 58, 123, 213, '', 1, '2012-05-05 21:20:10', 1, 1),
(3022, 8, 58, 242, 123, '', 1, '2012-05-05 21:21:26', 1, 1),
(3023, 8, 58, 123, 248, '', 1, '2012-05-05 21:22:18', 1, 1),
(3024, 8, 58, 81, 133, '', 1, '2012-05-05 21:23:27', 1, 1),
(3025, 8, 58, 90, 133, '', 1, '2012-05-05 21:23:45', 1, 1),
(3026, 8, 58, 96, 133, '', 1, '2012-05-05 21:23:57', 1, 1),
(3027, 8, 58, 133, 99, '', 1, '2012-05-05 21:24:10', 1, 1),
(3028, 8, 58, 101, 133, '', 1, '2012-05-05 21:24:22', 1, 1),
(3029, 8, 58, 133, 102, '', 1, '2012-05-05 21:24:40', 1, 1),
(3030, 8, 58, 133, 104, '', 1, '2012-05-05 21:24:54', 1, 1),
(3031, 8, 58, 133, 131, '', 1, '2012-05-05 21:26:12', 1, 1),
(3032, 8, 58, 134, 133, '', 1, '2012-05-05 21:26:30', 1, 1),
(3033, 8, 58, 133, 138, '', 1, '2012-05-05 21:26:38', 1, 1),
(3034, 8, 58, 133, 144, '', 1, '2012-05-05 21:26:50', 1, 1),
(3035, 8, 58, 133, 149, '', 1, '2012-05-05 21:27:03', 1, 1),
(3036, 8, 58, 133, 163, '', 1, '2012-05-05 21:28:03', 1, 1),
(3037, 8, 58, 133, 166, '', 1, '2012-05-05 21:28:08', 1, 1),
(3038, 8, 58, 133, 169, '', 1, '2012-05-05 21:28:41', 1, 1),
(3039, 8, 58, 172, 133, '', 1, '2012-05-05 21:29:03', 1, 1),
(3040, 8, 58, 173, 133, '', -1, '2012-05-05 21:29:13', 1, 1),
(3041, 8, 58, 133, 174, '', 1, '2012-05-05 21:29:22', 1, 1),
(3042, 8, 58, 133, 175, '', 1, '2012-05-05 21:29:32', 1, 1),
(3043, 8, 58, 175, 133, '', 1, '2012-05-05 21:29:33', 1, 1),
(3047, 8, 58, 133, 184, '', 1, '2012-05-05 21:30:11', 1, 1),
(3048, 8, 58, 184, 133, '', 1, '2012-05-05 21:30:12', 1, 1),
(3049, 8, 58, 133, 189, '', 1, '2012-05-05 21:30:30', 1, 1),
(3050, 8, 58, 133, 190, '', 1, '2012-05-05 21:30:38', 1, 1),
(3051, 8, 58, 133, 192, '', 1, '2012-05-05 21:30:57', 1, 1),
(3052, 8, 58, 133, 193, '', 1, '2012-05-05 21:31:13', 1, 1),
(3053, 8, 58, 133, 195, '', 1, '2012-05-05 21:31:21', 1, 1),
(3054, 8, 58, 133, 200, '', 1, '2012-05-05 21:31:36', 1, 1),
(3055, 8, 58, 210, 133, '', -1, '2012-05-05 21:32:20', 1, 1),
(3056, 8, 58, 133, 213, '', 1, '2012-05-05 21:32:45', 1, 1),
(3057, 8, 58, 133, 218, '', 1, '2012-05-05 21:32:58', 1, 1),
(3058, 8, 58, 133, 219, '', 1, '2012-05-05 21:33:09', 1, 1),
(3059, 8, 58, 133, 229, '', 1, '2012-05-05 21:33:26', 1, 1),
(3060, 8, 58, 244, 133, '', 1, '2012-05-05 21:34:17', 1, 1),
(3061, 8, 58, 133, 245, '', 1, '2012-05-05 21:34:28', 1, 1),
(3062, 8, 58, 247, 133, '', 1, '2012-05-05 21:34:43', 1, 1),
(3064, 8, 58, 133, 248, '', 1, '2012-05-05 21:35:02', 1, 1),
(3065, 8, 58, 251, 133, '', 1, '2012-05-05 21:35:35', 1, 1),
(3066, 8, 58, 148, 96, '', 1, '2012-05-05 21:36:05', 1, 1),
(3067, 8, 58, 148, 99, '', 1, '2012-05-05 21:36:08', 1, 1),
(3068, 8, 58, 148, 104, '', 1, '2012-05-05 21:36:16', 1, 1),
(3069, 8, 58, 148, 107, '', 1, '2012-05-05 21:36:20', 1, 1),
(3070, 8, 58, 148, 108, '', 1, '2012-05-05 21:36:26', 1, 1),
(3071, 8, 58, 148, 132, '', 1, '2012-05-05 21:36:46', 1, 1),
(3072, 8, 58, 148, 144, '', 1, '2012-05-05 21:37:01', 1, 1),
(3073, 8, 58, 148, 149, '', 1, '2012-05-05 21:37:08', 1, 1),
(3074, 8, 58, 148, 184, '', 1, '2012-05-05 21:37:59', 1, 1),
(3075, 8, 58, 148, 189, '', 1, '2012-05-05 21:38:10', 1, 1),
(3076, 8, 58, 148, 202, '', 1, '2012-05-05 21:38:30', 1, 1),
(3077, 8, 58, 148, 246, '', 1, '2012-05-05 21:39:10', 1, 1),
(3078, 8, 58, 148, 245, '', 1, '2012-05-05 21:39:18', 1, 1),
(3079, 8, 58, 148, 247, '', 1, '2012-05-05 21:39:27', 1, 1),
(3080, 8, 58, 148, 248, '', 1, '2012-05-05 21:39:34', 1, 1),
(3081, 8, 58, 184, 81, '', 1, '2012-05-05 21:40:09', 1, 1),
(3082, 8, 58, 81, 184, '', 1, '2012-05-05 21:40:10', 1, 1),
(3083, 8, 58, 90, 184, '', 1, '2012-05-05 21:40:56', 1, 1),
(3085, 8, 58, 99, 184, '', 1, '2012-05-05 21:41:22', 1, 1),
(3086, 8, 58, 101, 184, '', 1, '2012-05-05 21:41:28', 1, 1),
(3087, 8, 58, 184, 102, '', 1, '2012-05-05 21:41:36', 1, 1),
(3088, 8, 58, 102, 184, '', 1, '2012-05-05 21:41:37', 1, 1),
(3089, 8, 58, 184, 107, '', 1, '2012-05-05 21:42:04', 1, 1),
(3090, 8, 58, 184, 108, '', 1, '2012-05-05 21:42:11', 1, 1),
(3091, 8, 58, 184, 121, '', 1, '2012-05-05 21:42:40', 1, 1),
(3092, 8, 58, 184, 122, '', 1, '2012-05-05 21:42:50', 1, 1),
(3093, 8, 58, 184, 123, '', 1, '2012-05-05 21:42:59', 1, 1),
(3094, 8, 58, 184, 134, '', 1, '2012-05-05 21:43:30', 1, 1),
(3095, 8, 58, 134, 184, '', 1, '2012-05-05 21:43:31', 1, 1),
(3096, 8, 58, 184, 138, '', 1, '2012-05-05 21:44:00', 1, 1),
(3097, 8, 58, 139, 184, '', 1, '2012-05-05 21:44:06', 1, 1),
(3098, 8, 58, 184, 142, '', 1, '2012-05-05 21:44:16', 1, 1),
(3099, 8, 58, 184, 144, '', 1, '2012-05-05 21:44:19', 1, 1),
(3100, 8, 58, 184, 146, '', 1, '2012-05-05 21:44:25', 1, 1),
(3101, 8, 58, 184, 149, '', 1, '2012-05-05 21:44:35', 1, 1),
(3102, 8, 58, 184, 156, '', 1, '2012-05-05 21:44:39', 1, 1),
(3103, 8, 58, 159, 184, '', 1, '2012-05-05 21:44:47', 1, 1),
(3104, 8, 58, 184, 161, '', 1, '2012-05-05 21:44:52', 1, 1),
(3105, 8, 58, 184, 162, '', 1, '2012-05-05 21:45:07', 1, 1),
(3106, 8, 58, 184, 163, '', 1, '2012-05-05 21:45:18', 1, 1),
(3107, 8, 58, 184, 166, '', 1, '2012-05-05 21:45:42', 1, 1),
(3108, 8, 58, 167, 184, '', 1, '2012-05-05 21:45:56', 1, 1),
(3109, 8, 58, 184, 169, '', 1, '2012-05-05 21:46:03', 1, 1),
(3110, 8, 58, 173, 184, '', -1, '2012-05-05 21:46:20', 1, 1),
(3111, 8, 58, 184, 174, '', 1, '2012-05-05 21:46:32', 1, 1),
(3112, 8, 58, 184, 175, '', 1, '2012-05-05 21:46:48', 1, 1),
(3113, 8, 58, 175, 184, '', 1, '2012-05-05 21:46:49', 1, 1),
(3114, 8, 58, 176, 184, '', 1, '2012-05-05 21:46:57', 1, 1),
(3115, 8, 58, 181, 184, '', 1, '2012-05-05 21:47:14', 1, 1),
(3117, 8, 58, 188, 184, '', 1, '2012-05-05 21:47:44', 1, 1),
(3118, 8, 58, 184, 189, '', 1, '2012-05-05 21:47:52', 1, 1),
(3119, 8, 58, 184, 191, '', 1, '2012-05-05 21:48:06', 1, 1),
(3120, 8, 58, 192, 184, '', 1, '2012-05-05 21:48:21', 1, 1),
(3121, 8, 58, 193, 184, '', 1, '2012-05-05 21:48:32', 1, 1),
(3122, 8, 58, 195, 184, '', 1, '2012-05-05 21:48:39', 1, 1),
(3123, 8, 58, 184, 209, '', 1, '2012-05-05 21:49:15', 1, 1),
(3124, 8, 58, 211, 184, '', 1, '2012-05-05 21:49:42', 1, 1),
(3125, 8, 58, 184, 213, '', 1, '2012-05-05 21:49:55', 1, 1),
(3126, 8, 58, 184, 218, '', 1, '2012-05-05 21:50:00', 1, 1),
(3127, 8, 58, 184, 219, '', 1, '2012-05-05 21:50:07', 1, 1),
(3128, 8, 58, 223, 184, '', 1, '2012-05-05 21:50:19', 1, 1),
(3129, 8, 58, 227, 184, '', 1, '2012-05-05 21:50:26', 1, 1),
(3130, 8, 58, 230, 184, '', 1, '2012-05-05 21:50:33', 1, 1),
(3131, 8, 58, 232, 184, '', 1, '2012-05-05 21:50:45', 1, 1),
(3132, 8, 58, 239, 184, '', 1, '2012-05-05 21:51:19', 1, 1),
(3133, 8, 58, 184, 242, '', 1, '2012-05-05 21:51:31', 1, 1),
(3134, 8, 58, 243, 184, '', 1, '2012-05-05 21:51:36', 1, 1),
(3135, 8, 58, 244, 184, '', 1, '2012-05-05 21:51:47', 1, 1),
(3136, 8, 58, 184, 245, '', 1, '2012-05-05 21:51:53', 1, 1),
(3137, 8, 58, 184, 246, '', 1, '2012-05-05 21:51:59', 1, 1),
(3139, 8, 58, 184, 248, '', 1, '2012-05-05 21:52:34', 1, 1),
(3140, 8, 58, 184, 249, '', 1, '2012-05-05 21:52:39', 1, 1),
(3141, 8, 58, 250, 184, '', 1, '2012-05-05 21:52:46', 1, 1),
(3142, 8, 58, 184, 252, '', 1, '2012-05-05 21:52:57', 1, 1),
(3143, 8, 58, 184, 253, '', 1, '2012-05-05 21:53:01', 1, 1),
(3144, 8, 58, 184, 254, '', 1, '2012-05-05 21:53:05', 1, 1),
(3145, 8, 58, 210, 81, '', -1, '2012-05-05 21:53:35', 1, 1),
(3146, 8, 58, 210, 99, '', -1, '2012-05-05 21:54:16', 1, 1),
(3147, 8, 58, 210, 101, '', -1, '2012-05-05 21:54:21', 1, 1),
(3148, 8, 58, 210, 104, '', -1, '2012-05-05 21:54:32', 1, 1),
(3149, 8, 58, 210, 107, '', -1, '2012-05-05 21:54:39', 1, 1),
(3150, 8, 58, 121, 210, '', -1, '2012-05-05 21:55:38', 1, 1),
(3151, 8, 58, 210, 142, '', -1, '2012-05-05 21:55:56', 1, 1),
(3152, 8, 58, 210, 144, '', -1, '2012-05-05 21:56:07', 1, 1),
(3153, 8, 58, 210, 149, '', -1, '2012-05-05 21:56:15', 1, 1),
(3154, 8, 58, 210, 175, '', -1, '2012-05-05 21:56:54', 1, 1),
(3155, 8, 58, 210, 176, '', -1, '2012-05-05 21:57:08', 1, 1),
(3156, 8, 58, 210, 189, '', -1, '2012-05-05 21:57:18', 1, 1),
(3157, 8, 58, 210, 200, '', -1, '2012-05-05 21:57:35', 1, 1),
(3158, 8, 58, 210, 211, '', -1, '2012-05-05 21:57:51', 1, 1),
(3159, 8, 58, 210, 213, '', -1, '2012-05-05 21:57:56', 1, 1),
(3160, 8, 58, 210, 218, '', -1, '2012-05-05 21:58:04', 1, 1),
(3161, 8, 58, 210, 219, '', -1, '2012-05-05 21:58:08', 1, 1),
(3162, 8, 58, 230, 210, '', -1, '2012-05-05 21:58:37', 1, 1),
(3163, 8, 58, 210, 244, '', -1, '2012-05-05 21:58:54', 1, 1),
(3164, 8, 58, 210, 245, '', -1, '2012-05-05 21:59:00', 1, 1),
(3166, 8, 58, 210, 246, '', -1, '2012-05-05 21:59:13', 1, 1),
(3167, 8, 58, 210, 250, '', -1, '2012-05-05 21:59:27', 1, 1),
(3168, 8, 58, 210, 252, '', -1, '2012-05-05 21:59:33', 1, 1),
(3169, 8, 58, 210, 254, '', -1, '2012-05-05 21:59:38', 1, 1),
(3170, 8, 58, 210, 253, '', -1, '2012-05-05 21:59:50', 1, 1),
(3171, 8, 58, 244, 81, '', 1, '2012-05-05 22:00:16', 1, 1),
(3172, 8, 58, 244, 90, '', 1, '2012-05-05 22:00:37', 1, 1),
(3173, 8, 58, 244, 102, '', 1, '2012-05-05 22:00:50', 1, 1),
(3174, 8, 58, 244, 104, '', 1, '2012-05-05 22:01:01', 1, 1),
(3175, 8, 58, 244, 120, '', 1, '2012-05-05 22:01:40', 1, 1),
(3176, 8, 58, 244, 131, '', 1, '2012-05-05 22:02:00', 1, 1),
(3177, 8, 58, 132, 244, '', 1, '2012-05-05 22:02:09', 1, 1),
(3178, 8, 58, 244, 138, '', 1, '2012-05-05 22:02:19', 1, 1),
(3179, 8, 58, 134, 244, '', 1, '2012-05-05 22:02:29', 1, 1),
(3180, 8, 58, 139, 244, '', 1, '2012-05-05 22:02:33', 1, 1),
(3182, 8, 58, 244, 142, '', 1, '2012-05-05 22:02:46', 1, 1),
(3183, 8, 58, 142, 244, '', 1, '2012-05-05 22:02:47', 1, 1),
(3184, 8, 58, 244, 144, '', 1, '2012-05-05 22:02:56', 1, 1),
(3185, 8, 58, 148, 244, '', 1, '2012-05-05 22:03:03', 1, 1),
(3186, 8, 58, 149, 244, '', 1, '2012-05-05 22:03:09', 1, 1),
(3187, 8, 58, 244, 159, '', 1, '2012-05-05 22:03:18', 1, 1),
(3188, 8, 58, 167, 244, '', 1, '2012-05-05 22:03:39', 1, 1),
(3190, 8, 58, 244, 169, '', 1, '2012-05-05 22:03:52', 1, 1),
(3191, 8, 58, 169, 244, '', 1, '2012-05-05 22:03:54', 1, 1),
(3192, 8, 58, 172, 244, '', 1, '2012-05-05 22:04:06', 1, 1),
(3193, 8, 58, 173, 244, '', -1, '2012-05-05 22:04:14', 1, 1),
(3194, 8, 58, 244, 174, '', 1, '2012-05-05 22:04:28', 1, 1),
(3195, 8, 58, 174, 244, '', 1, '2012-05-05 22:04:29', 1, 1),
(3196, 8, 58, 176, 244, '', 1, '2012-05-05 22:04:42', 1, 1),
(3197, 8, 58, 181, 244, '', 1, '2012-05-05 22:04:45', 1, 1),
(3198, 8, 58, 244, 185, '', 1, '2012-05-05 22:04:55', 1, 1),
(3199, 8, 58, 244, 189, '', 1, '2012-05-05 22:05:05', 1, 1),
(3200, 8, 58, 244, 190, '', 1, '2012-05-05 22:05:14', 1, 1),
(3202, 8, 58, 197, 244, '', 1, '2012-05-05 22:05:42', 1, 1),
(3203, 8, 58, 202, 244, '', 1, '2012-05-05 22:05:50', 1, 1),
(3204, 8, 58, 203, 244, '', 1, '2012-05-05 22:05:55', 1, 1),
(3205, 8, 58, 244, 205, '', 1, '2012-05-05 22:06:06', 1, 1),
(3206, 8, 58, 244, 218, '', 1, '2012-05-05 22:06:26', 1, 1),
(3207, 8, 58, 244, 219, '', 1, '2012-05-05 22:06:30', 1, 1),
(3208, 8, 58, 221, 244, '', 1, '2012-05-05 22:06:39', 1, 1),
(3209, 8, 58, 223, 244, '', 1, '2012-05-05 22:06:47', 1, 1),
(3210, 8, 58, 227, 244, '', 1, '2012-05-05 22:06:53', 1, 1),
(3211, 8, 58, 229, 244, '', 1, '2012-05-05 22:07:22', 1, 1),
(3212, 8, 58, 230, 244, '', 1, '2012-05-05 22:07:34', 1, 1),
(3213, 8, 58, 232, 244, '', 1, '2012-05-05 22:07:40', 1, 1),
(3214, 8, 58, 239, 244, '', 1, '2012-05-05 22:07:48', 1, 1),
(3215, 8, 58, 243, 244, '', 1, '2012-05-05 22:08:16', 1, 1),
(3216, 8, 58, 244, 246, '', 1, '2012-05-05 22:08:25', 1, 1),
(3217, 8, 58, 251, 244, '', 1, '2012-05-05 22:08:37', 1, 1),
(3218, 8, 54, 81, 192, '', 1, '2012-05-05 22:54:19', 1, 1),
(3219, 8, 54, 192, 138, '', 1, '2012-05-05 22:55:38', 1, 1),
(3220, 8, 54, 192, 142, '', 1, '2012-05-05 22:55:46', 1, 1),
(3221, 8, 54, 192, 149, '', 1, '2012-05-05 22:56:26', 1, 1),
(3222, 8, 54, 192, 193, '', 1, '2012-05-05 22:58:25', 1, 1),
(3223, 8, 54, 193, 192, '', 1, '2012-05-05 22:58:26', 1, 1),
(3224, 8, 54, 210, 192, '', -1, '2012-05-05 22:59:28', 1, 1),
(3225, 8, 54, 192, 213, '', 1, '2012-05-05 22:59:49', 1, 1),
(3226, 8, 54, 90, 249, '', 1, '2012-05-05 23:01:58', 1, 1),
(3227, 8, 54, 132, 249, '', 1, '2012-05-05 23:03:14', 1, 1),
(3228, 8, 54, 139, 249, '', 1, '2012-05-05 23:03:54', 1, 1),
(3229, 8, 54, 159, 249, '', 1, '2012-05-05 23:04:13', 1, 1),
(3230, 8, 54, 249, 161, '', 1, '2012-05-05 23:04:25', 1, 1),
(3231, 8, 54, 202, 249, '', 1, '2012-05-05 23:05:00', 1, 1),
(3232, 8, 54, 210, 249, '', -1, '2012-05-05 23:05:29', 1, 1),
(3234, 8, 54, 249, 218, '', 1, '2012-05-05 23:06:03', 1, 1),
(3235, 8, 54, 218, 249, '', 1, '2012-05-05 23:06:05', 1, 1),
(3236, 8, 54, 249, 245, '', 1, '2012-05-05 23:06:40', 1, 1),
(3237, 8, 54, 245, 249, '', 1, '2012-05-05 23:06:41', 1, 1),
(3238, 8, 54, 247, 249, '', 1, '2012-05-05 23:07:01', 1, 1),
(3239, 8, 54, 248, 249, '', 1, '2012-05-05 23:07:09', 1, 1),
(3240, 8, 54, 249, 246, '', 1, '2012-05-05 23:07:15', 1, 1),
(3241, 8, 54, 246, 249, '', 1, '2012-05-05 23:07:16', 1, 1),
(3242, 8, 54, 249, 252, '', 1, '2012-05-05 23:07:31', 1, 1),
(3243, 8, 54, 248, 189, '', 1, '2012-05-05 23:09:18', 1, 1),
(3244, 8, 54, 189, 241, '', 1, '2012-05-05 23:09:44', 1, 1),
(3245, 8, 54, 241, 189, '', 1, '2012-05-05 23:09:46', 1, 1),
(3246, 8, 54, 210, 189, '', -1, '2012-05-05 23:10:59', 1, 1),
(3247, 8, 54, 189, 205, '', 1, '2012-05-05 23:11:24', 1, 1),
(3248, 8, 54, 205, 189, '', 1, '2012-05-05 23:11:25', 1, 1),
(3249, 8, 54, 181, 189, '', 1, '2012-05-05 23:14:26', 1, 1),
(3250, 8, 54, 159, 189, '', 1, '2012-05-05 23:16:38', 1, 1),
(3251, 8, 54, 189, 146, '', 1, '2012-05-05 23:16:56', 1, 1),
(3252, 8, 54, 189, 104, '', 1, '2012-05-05 23:18:14', 1, 1),
(3253, 8, 54, 104, 189, '', 1, '2012-05-05 23:18:16', 1, 1),
(3255, 8, 54, 248, 200, '', 1, '2012-05-05 23:19:53', 1, 1),
(3256, 8, 54, 200, 245, '', 1, '2012-05-05 23:20:26', 1, 1),
(3257, 8, 54, 214, 200, '', 1, '2012-05-05 23:21:14', 1, 1),
(3258, 8, 54, 200, 213, '', 1, '2012-05-05 23:21:24', 1, 1),
(3259, 8, 54, 213, 200, '', 1, '2012-05-05 23:21:26', 1, 1),
(3260, 8, 54, 202, 200, '', 1, '2012-05-05 23:22:27', 1, 1),
(3261, 8, 54, 200, 189, '', 1, '2012-05-05 23:23:45', 1, 1),
(3262, 8, 54, 188, 200, '', 1, '2012-05-05 23:23:58', 1, 1),
(3263, 8, 54, 163, 200, '', 1, '2012-05-05 23:25:07', 1, 1),
(3264, 8, 54, 134, 200, '', 1, '2012-05-05 23:25:42', 1, 1),
(3265, 8, 54, 123, 200, '', 1, '2012-05-05 23:26:12', 1, 1),
(3267, 8, 54, 200, 120, '', 1, '2012-05-05 23:26:25', 1, 1),
(3268, 8, 54, 120, 200, '', 1, '2012-05-05 23:26:26', 1, 1),
(3269, 8, 54, 86, 200, '', 1, '2012-05-05 23:27:06', 1, 1),
(3270, 8, 54, 90, 213, '', 1, '2012-05-05 23:31:35', 1, 1),
(3272, 8, 54, 213, 81, '', 1, '2012-05-05 23:31:56', 1, 1),
(3273, 8, 54, 81, 213, '', 1, '2012-05-05 23:31:57', 1, 1),
(3274, 8, 54, 108, 213, '', 1, '2012-05-05 23:32:32', 1, 1),
(3275, 8, 54, 121, 213, '', 1, '2012-05-05 23:32:52', 1, 1),
(3276, 8, 54, 131, 213, '', 1, '2012-05-05 23:33:23', 1, 1),
(3277, 8, 54, 213, 144, '', 1, '2012-05-05 23:33:52', 1, 1),
(3278, 8, 54, 144, 213, '', 1, '2012-05-05 23:33:53', 1, 1),
(3279, 8, 54, 213, 146, '', 1, '2012-05-05 23:34:03', 1, 1),
(3280, 8, 54, 159, 213, '', 1, '2012-05-05 23:34:27', 1, 1),
(3281, 8, 54, 213, 163, '', 1, '2012-05-05 23:35:14', 1, 1),
(3282, 8, 54, 166, 213, '', 1, '2012-05-05 23:35:26', 1, 1),
(3283, 8, 54, 213, 175, '', 1, '2012-05-05 23:36:07', 1, 1),
(3284, 8, 54, 175, 213, '', 1, '2012-05-05 23:36:09', 1, 1),
(3285, 8, 54, 184, 213, '', 1, '2012-05-05 23:37:09', 1, 1),
(3286, 8, 54, 186, 213, '', 1, '2012-05-05 23:37:37', 1, 1),
(3287, 8, 54, 214, 213, '', 1, '2012-05-05 23:40:27', 1, 1),
(3288, 8, 54, 208, 213, '', 1, '2012-05-05 23:40:54', 1, 1),
(3289, 8, 54, 229, 213, '', 1, '2012-05-05 23:41:31', 1, 1),
(3290, 8, 54, 242, 213, '', 1, '2012-05-05 23:42:14', 1, 1),
(3291, 8, 54, 244, 213, '', 1, '2012-05-05 23:42:23', 1, 1),
(3292, 8, 54, 213, 245, '', 1, '2012-05-05 23:42:32', 1, 1),
(3293, 8, 54, 245, 213, '', 1, '2012-05-05 23:42:37', 1, 1),
(3294, 8, 54, 213, 254, '', 1, '2012-05-05 23:43:09', 1, 1),
(3295, 8, 54, 99, 184, '', 1, '2012-05-05 23:45:43', 1, 1),
(3296, 8, 54, 101, 184, '', 1, '2012-05-05 23:45:48', 1, 1),
(3298, 8, 54, 134, 184, '', 1, '2012-05-05 23:46:59', 1, 1),
(3299, 8, 54, 131, 184, '', 1, '2012-05-05 23:47:37', 1, 1),
(3300, 8, 54, 184, 161, '', 1, '2012-05-05 23:48:35', 1, 1),
(3301, 8, 54, 184, 200, '', 1, '2012-05-05 23:50:43', 1, 1),
(3302, 8, 54, 184, 209, '', 1, '2012-05-05 23:51:21', 1, 1),
(3303, 8, 54, 227, 184, '', 1, '2012-05-05 23:51:45', 1, 1),
(3304, 8, 54, 184, 242, '', 1, '2012-05-05 23:52:24', 1, 1),
(3305, 8, 54, 184, 253, '', 1, '2012-05-05 23:53:14', 1, 1),
(3306, 8, 54, 184, 254, '', 1, '2012-05-05 23:53:43', 1, 1),
(3308, 8, 51, 192, 96, '', 1, '2012-05-06 05:56:58', 1, 1),
(3309, 8, 51, 192, 104, '', 1, '2012-05-06 05:57:34', 1, 1),
(3311, 8, 51, 192, 121, '', 1, '2012-05-06 06:03:47', 1, 1),
(3312, 8, 51, 121, 192, '', 1, '2012-05-06 06:03:45', 1, 1),
(3313, 8, 51, 134, 192, '', -1, '2012-05-06 06:04:53', 1, 1),
(3314, 8, 51, 192, 156, '', 1, '2012-05-06 06:06:28', 1, 1),
(3316, 8, 51, 175, 192, '', 1, '2012-05-06 06:07:59', 1, 1),
(3317, 8, 51, 192, 184, '', 1, '2012-05-06 06:10:19', 1, 1),
(3318, 8, 51, 193, 192, '', 1, '2012-05-06 06:10:38', 1, 1),
(3321, 8, 51, 192, 203, '', 1, '2012-05-06 06:12:31', 1, 1),
(3322, 8, 51, 223, 192, '', 1, '2012-05-06 06:12:58', 1, 1),
(3323, 8, 51, 192, 236, '', 1, '2012-05-06 06:13:27', 1, 1),
(3324, 8, 51, 192, 243, '', 1, '2012-05-06 06:13:38', 1, 1),
(3325, 8, 51, 192, 252, '', 1, '2012-05-06 06:14:01', 1, 1),
(3326, 8, 51, 250, 81, '', 1, '2012-05-06 06:17:31', 1, 1),
(3327, 8, 51, 81, 250, '', 1, '2012-05-06 06:17:32', 1, 1),
(3328, 8, 51, 250, 96, '', 1, '2012-05-06 06:17:53', 1, 1),
(3329, 8, 51, 121, 250, '', 1, '2012-05-06 06:18:24', 1, 1),
(3330, 8, 51, 144, 250, '', 1, '2012-05-06 06:19:23', 1, 1),
(3332, 8, 51, 250, 156, '', 1, '2012-05-06 06:20:24', 1, 1),
(3333, 8, 51, 250, 166, '', 1, '2012-05-06 06:21:14', 1, 1),
(3334, 8, 51, 250, 172, '', 1, '2012-05-06 06:21:36', 1, 1),
(3335, 8, 51, 172, 250, '', 1, '2012-05-06 06:21:37', 1, 1),
(3336, 8, 51, 176, 250, '', 1, '2012-05-06 06:22:27', 1, 1),
(3337, 8, 51, 250, 190, '', 1, '2012-05-06 06:22:50', 1, 1),
(3338, 8, 51, 193, 250, '', 1, '2012-05-06 06:23:20', 1, 1),
(3339, 8, 51, 250, 203, '', 1, '2012-05-06 06:23:34', 1, 1),
(3340, 8, 51, 250, 233, '', 1, '2012-05-06 06:24:06', 1, 1),
(3341, 8, 51, 250, 249, '', 1, '2012-05-06 06:24:21', 1, 1),
(3342, 8, 51, 247, 162, '', -9, '0000-00-00 00:00:00', 1, 1),
(3343, 8, 51, 248, 162, '', -9, '0000-00-00 00:00:00', 1, 1),
(3344, 8, 51, 162, 254, '', 1, '2012-05-06 06:38:54', 1, 1),
(3345, 8, 51, 243, 162, '', -1, '2012-05-06 06:41:00', 1, 1),
(3346, 8, 51, 233, 162, '', 1, '2012-05-06 06:41:12', 1, 1),
(3347, 8, 51, 162, 219, '', 1, '2012-05-06 06:41:32', 1, 1),
(3348, 8, 46, 120, 81, '', -1, '2012-05-06 07:19:23', 1, 1),
(3349, 8, 46, 120, 85, '', 1, '2012-05-06 07:19:38', 1, 1),
(3350, 8, 46, 90, 120, '', 1, '2012-05-06 07:19:58', 1, 1),
(3351, 8, 46, 120, 96, '', 1, '2012-05-06 07:20:34', 1, 1),
(3352, 8, 46, 101, 120, '', 1, '2012-05-06 07:21:01', 1, 1),
(3353, 8, 46, 120, 104, '', 1, '2012-05-06 07:21:15', 1, 1),
(3354, 8, 46, 104, 120, '', 1, '2012-05-06 07:21:16', 1, 1),
(3355, 8, 46, 120, 107, '', 1, '2012-05-06 07:21:23', 1, 1),
(3356, 8, 46, 107, 120, '', 1, '2012-05-06 07:21:24', 1, 1),
(3357, 8, 46, 108, 120, '', 1, '2012-05-06 07:23:02', 1, 1),
(3358, 8, 46, 111, 120, '', 1, '2012-05-06 07:23:12', 1, 1),
(3359, 8, 46, 120, 121, '', 1, '2012-05-06 07:23:18', 1, 1),
(3360, 8, 46, 121, 120, '', 1, '2012-05-06 07:23:24', 1, 1),
(3361, 8, 46, 120, 122, '', 1, '2012-05-06 07:23:37', 1, 1),
(3362, 8, 46, 120, 132, '', 1, '2012-05-06 07:24:45', 1, 1),
(3363, 8, 46, 132, 120, '', 1, '2012-05-06 07:24:46', 1, 1),
(3364, 8, 46, 120, 139, '', 1, '2012-05-06 07:25:08', 1, 1),
(3365, 8, 46, 139, 120, '', 1, '2012-05-06 07:25:10', 1, 1),
(3366, 8, 46, 120, 142, '', 1, '2012-05-06 07:25:17', 1, 1),
(3367, 8, 46, 142, 120, '', 1, '2012-05-06 07:25:18', 1, 1),
(3368, 8, 46, 120, 148, '', 1, '2012-05-06 07:25:49', 1, 1),
(3369, 8, 46, 148, 120, '', 1, '2012-05-06 07:25:50', 1, 1),
(3370, 8, 46, 120, 149, '', -1, '2012-05-06 07:26:00', 1, 1),
(3371, 8, 46, 156, 120, '', 1, '2012-05-06 07:28:40', 1, 1),
(3372, 8, 46, 159, 120, '', 1, '2012-05-06 07:28:50', 1, 1),
(3373, 8, 46, 162, 120, '', 1, '2012-05-06 07:29:01', 1, 1),
(3374, 8, 46, 166, 120, '', 1, '2012-05-06 07:29:09', 1, 1),
(3375, 8, 46, 120, 169, '', 1, '2012-05-06 07:30:34', 1, 1),
(3376, 8, 46, 169, 120, '', 1, '2012-05-06 07:30:35', 1, 1),
(3377, 8, 46, 172, 120, '', 1, '2012-05-06 07:30:48', 1, 1),
(3378, 8, 46, 173, 120, '', 1, '2012-05-06 07:31:14', 1, 1),
(3379, 8, 46, 174, 120, '', -1, '2012-05-06 07:31:21', 1, 1),
(3380, 8, 46, 176, 120, '', 1, '2012-05-06 07:32:16', 1, 1),
(3381, 8, 46, 120, 181, '', 1, '2012-05-06 07:32:26', 1, 1),
(3382, 8, 46, 181, 120, '', 1, '2012-05-06 07:32:27', 1, 1),
(3383, 8, 46, 120, 184, '', 1, '2012-05-06 07:42:42', 1, 1),
(3384, 8, 46, 184, 120, '', 1, '2012-05-06 07:42:44', 1, 1),
(3388, 8, 46, 188, 120, '', 1, '2012-05-06 07:43:30', 1, 1),
(3389, 8, 46, 120, 189, '', 1, '2012-05-06 07:43:35', 1, 1),
(3390, 8, 46, 189, 120, '', 1, '2012-05-06 07:43:40', 1, 1),
(3391, 8, 46, 120, 190, '', 1, '2012-05-06 07:43:47', 1, 1),
(3392, 8, 46, 190, 120, '', 1, '2012-05-06 07:43:49', 1, 1),
(3393, 8, 46, 120, 191, '', 1, '2012-05-06 07:43:55', 1, 1),
(3394, 8, 46, 195, 120, '', 1, '2012-05-06 07:44:20', 1, 1),
(3397, 8, 46, 120, 197, '', 1, '2012-05-06 07:44:41', 1, 1),
(3398, 8, 46, 197, 120, '', 1, '2012-05-06 07:44:43', 1, 1),
(3399, 8, 46, 120, 202, '', 1, '2012-05-06 07:44:53', 1, 1),
(3400, 8, 46, 202, 120, '', 1, '2012-05-06 07:44:55', 1, 1),
(3403, 8, 46, 120, 205, '', 1, '2012-05-06 07:45:29', 1, 1),
(3404, 8, 46, 205, 120, '', 1, '2012-05-06 07:45:30', 1, 1),
(3405, 8, 46, 209, 120, '', 1, '2012-05-06 07:45:46', 1, 1),
(3406, 8, 46, 210, 120, '', -1, '2012-05-06 07:46:02', 1, 1),
(3407, 8, 46, 120, 213, '', 1, '2012-05-06 07:46:11', 1, 1),
(3408, 8, 46, 120, 218, '', 1, '2012-05-06 07:46:20', 1, 1),
(3409, 8, 46, 120, 219, '', 1, '2012-05-06 07:46:26', 1, 1),
(3410, 8, 46, 229, 120, '', -1, '2012-05-06 07:48:06', 1, 1),
(3411, 8, 46, 120, 230, '', 1, '2012-05-06 07:48:27', 1, 1),
(3412, 8, 46, 120, 236, '', 1, '2012-05-06 07:51:38', 1, 1),
(3413, 8, 46, 233, 120, '', 1, '2012-05-06 07:51:43', 1, 1),
(3414, 8, 46, 120, 241, '', -1, '2012-05-06 07:52:09', 1, 1),
(3415, 8, 46, 120, 243, '', 1, '2012-05-06 07:52:20', 1, 1),
(3416, 8, 46, 243, 120, '', 1, '2012-05-06 07:52:22', 1, 1),
(3419, 8, 46, 120, 244, '', 1, '2012-05-06 07:52:37', 1, 1),
(3421, 8, 46, 120, 245, '', 1, '2012-05-06 07:52:47', 1, 1),
(3422, 8, 46, 120, 246, '', 1, '2012-05-06 07:52:56', 1, 1),
(3423, 8, 46, 246, 120, '', 1, '2012-05-06 07:52:57', 1, 1),
(3424, 8, 46, 120, 247, '', 1, '2012-05-06 07:54:19', 1, 1),
(3425, 8, 46, 120, 248, '', 1, '2012-05-06 07:54:31', 1, 1),
(3426, 8, 46, 120, 249, '', 1, '2012-05-06 07:54:57', 1, 1),
(3427, 8, 46, 251, 120, '', 1, '2012-05-06 07:55:17', 1, 1),
(3428, 8, 54, 219, 104, '', 1, '2012-05-06 10:34:23', 1, 1),
(3429, 8, 54, 104, 219, '', 1, '2012-05-06 10:34:24', 1, 1),
(3430, 8, 54, 219, 107, '', 1, '2012-05-06 10:34:37', 1, 1),
(3431, 8, 54, 107, 219, '', 1, '2012-05-06 10:34:38', 1, 1),
(3432, 8, 54, 219, 96, '', 1, '2012-05-06 10:35:27', 1, 1),
(3433, 8, 54, 101, 219, '', 1, '2012-05-06 10:35:35', 1, 1),
(3434, 8, 54, 219, 138, '', 1, '2012-05-06 10:36:27', 1, 1),
(3435, 8, 54, 219, 142, '', 1, '2012-05-06 10:36:33', 1, 1),
(3436, 8, 54, 162, 219, '', 1, '2012-05-06 10:36:58', 1, 1),
(3437, 8, 54, 176, 219, '', 1, '2012-05-06 10:37:28', 1, 1),
(3438, 8, 54, 185, 219, '', 1, '2012-05-06 10:37:50', 1, 1),
(3439, 8, 54, 195, 219, '', 1, '2012-05-06 10:38:21', 1, 1),
(3440, 8, 54, 210, 219, '', -1, '2012-05-06 10:39:00', 1, 1),
(3441, 8, 54, 211, 219, '', 1, '2012-05-06 10:39:10', 1, 1),
(3442, 8, 54, 230, 219, '', 1, '2012-05-06 10:39:58', 1, 1),
(3443, 8, 54, 219, 241, '', 1, '2012-05-06 10:40:32', 1, 1),
(3444, 8, 54, 229, 254, '', 1, '2012-05-06 10:41:46', 1, 1),
(3445, 8, 54, 251, 229, '', 1, '2012-05-06 10:42:03', 1, 1),
(3446, 8, 54, 242, 229, '', 1, '2012-05-06 10:42:55', 1, 1),
(3447, 8, 54, 229, 244, '', 1, '2012-05-06 10:43:14', 1, 1),
(3448, 8, 54, 244, 229, '', 1, '2012-05-06 10:43:15', 1, 1),
(3450, 8, 54, 229, 245, '', 1, '2012-05-06 10:43:48', 1, 1),
(3451, 8, 54, 245, 229, '', 1, '2012-05-06 10:43:49', 1, 1),
(3452, 8, 54, 239, 229, '', 1, '2012-05-06 10:44:11', 1, 1),
(3453, 8, 54, 232, 229, '', 1, '2012-05-06 10:44:22', 1, 1),
(3454, 8, 54, 223, 229, '', 1, '2012-05-06 10:44:36', 1, 1),
(3455, 8, 54, 214, 229, '', 1, '2012-05-06 10:44:58', 1, 1),
(3456, 8, 54, 211, 229, '', 1, '2012-05-06 10:45:03', 1, 1),
(3457, 8, 54, 229, 205, '', 1, '2012-05-06 10:45:43', 1, 1),
(3458, 8, 54, 197, 229, '', 1, '2012-05-06 10:46:10', 1, 1),
(3459, 8, 54, 186, 229, '', 1, '2012-05-06 10:46:32', 1, 1),
(3460, 8, 54, 229, 175, '', 1, '2012-05-06 10:46:56', 1, 1),
(3461, 8, 54, 175, 229, '', 1, '2012-05-06 10:46:57', 1, 1),
(3462, 8, 54, 229, 174, '', 1, '2012-05-06 10:47:13', 1, 1),
(3463, 8, 54, 174, 229, '', 1, '2012-05-06 10:47:15', 1, 1),
(3464, 8, 54, 229, 169, '', 1, '2012-05-06 10:47:42', 1, 1),
(3465, 8, 54, 229, 161, '', 1, '2012-05-06 10:48:03', 1, 1),
(3466, 8, 54, 229, 156, '', 1, '2012-05-06 10:48:12', 1, 1),
(3467, 8, 54, 229, 149, '', 1, '2012-05-06 10:48:23', 1, 1),
(3468, 8, 54, 229, 142, '', 1, '2012-05-06 10:48:40', 1, 1),
(3469, 8, 54, 229, 138, '', 1, '2012-05-06 10:48:47', 1, 1),
(3470, 8, 54, 123, 229, '', 1, '2012-05-06 10:49:05', 1, 1),
(3471, 8, 54, 101, 229, '', 1, '2012-05-06 10:49:37', 1, 1),
(3472, 8, 54, 99, 229, '', 1, '2012-05-06 10:49:44', 1, 1),
(3473, 8, 54, 81, 175, '', 1, '2012-05-06 10:53:31', 1, 1),
(3474, 8, 54, 90, 175, '', 1, '2012-05-06 10:53:46', 1, 1),
(3475, 8, 54, 99, 175, '', 1, '2012-05-06 10:54:01', 1, 1),
(3476, 8, 54, 101, 175, '', 1, '2012-05-06 10:54:14', 1, 1),
(3477, 8, 54, 175, 107, '', 1, '2012-05-06 11:12:50', 1, 1),
(3478, 8, 54, 102, 175, '', 1, '2012-05-06 11:13:00', 1, 1),
(3479, 8, 54, 133, 175, '', 1, '2012-05-06 11:13:44', 1, 1),
(3480, 8, 54, 134, 175, '', 1, '2012-05-06 11:13:47', 1, 1),
(3481, 8, 54, 175, 144, '', 1, '2012-05-06 11:14:13', 1, 1),
(3482, 8, 54, 175, 156, '', 1, '2012-05-06 11:14:27', 1, 1),
(3483, 8, 54, 159, 175, '', 1, '2012-05-06 11:14:32', 1, 1),
(3484, 8, 54, 175, 162, '', 1, '2012-05-06 11:14:46', 1, 1),
(3485, 8, 54, 174, 175, '', 1, '2012-05-06 11:15:17', 1, 1),
(3486, 8, 54, 184, 175, '', 1, '2012-05-06 11:15:30', 1, 1),
(3487, 8, 54, 186, 175, '', 1, '2012-05-06 11:15:45', 1, 1),
(3488, 8, 54, 175, 189, '', 1, '2012-05-06 11:15:54', 1, 1),
(3489, 8, 54, 175, 191, '', 1, '2012-05-06 11:16:03', 1, 1),
(3490, 8, 54, 191, 175, '', 1, '2012-05-06 11:16:04', 1, 1),
(3491, 8, 54, 208, 175, '', 1, '2012-05-06 11:16:32', 1, 1),
(3492, 8, 54, 209, 175, '', 1, '2012-05-06 11:16:48', 1, 1),
(3493, 8, 54, 210, 175, '', -1, '2012-05-06 11:16:51', 1, 1),
(3494, 8, 54, 223, 175, '', 1, '2012-05-06 11:17:15', 1, 1),
(3495, 8, 54, 232, 175, '', 1, '2012-05-06 11:17:24', 1, 1),
(3496, 8, 54, 175, 242, '', 1, '2012-05-06 11:17:48', 1, 1),
(3497, 8, 54, 242, 175, '', 1, '2012-05-06 11:17:49', 1, 1),
(3498, 8, 54, 175, 245, '', 1, '2012-05-06 11:18:18', 1, 1),
(3499, 8, 54, 175, 246, '', 1, '2012-05-06 11:18:28', 1, 1),
(3500, 8, 54, 251, 175, '', 1, '2012-05-06 11:19:33', 1, 1),
(3501, 8, 54, 175, 253, '', 1, '2012-05-06 11:19:45', 1, 1),
(3502, 8, 54, 175, 254, '', 1, '2012-05-06 11:19:52', 1, 1),
(3503, 8, 54, 188, 96, '', 1, '2012-05-06 11:42:45', 1, 1),
(3504, 8, 54, 223, 188, '', 1, '2012-05-06 11:44:02', 1, 1),
(3505, 8, 54, 188, 221, '', 1, '2012-05-06 11:44:15', 1, 1),
(3506, 8, 54, 250, 156, '', 1, '2012-05-06 11:45:33', 1, 1),
(3507, 8, 54, 156, 245, '', 1, '2012-05-06 11:46:04', 1, 1),
(3508, 8, 54, 156, 252, '', 1, '2012-05-06 11:46:14', 1, 1),
(3509, 8, 54, 242, 156, '', 1, '2012-05-06 11:46:26', 1, 1),
(3510, 8, 54, 233, 156, '', 1, '2012-05-06 11:46:44', 1, 1),
(3511, 8, 54, 236, 156, '', 1, '2012-05-06 11:46:50', 1, 1),
(3512, 8, 54, 223, 156, '', 1, '2012-05-06 11:47:01', 1, 1),
(3513, 8, 54, 156, 221, '', 1, '2012-05-06 11:47:14', 1, 1),
(3514, 8, 54, 211, 156, '', 1, '2012-05-06 11:47:35', 1, 1),
(3515, 8, 54, 209, 156, '', 1, '2012-05-06 11:47:44', 1, 1),
(3516, 8, 54, 197, 156, '', 1, '2012-05-06 11:48:32', 1, 1),
(3517, 8, 54, 193, 156, '', 1, '2012-05-06 11:48:40', 1, 1),
(3518, 8, 54, 184, 156, '', -1, '2012-05-06 11:50:16', 1, 1),
(3519, 8, 54, 191, 156, '', 1, '2012-05-06 11:50:40', 1, 1),
(3520, 8, 54, 156, 172, '', 1, '2012-05-06 11:51:24', 1, 1),
(3521, 8, 54, 172, 156, '', 1, '2012-05-06 11:51:25', 1, 1),
(3522, 8, 54, 156, 149, '', 1, '2012-05-06 11:51:53', 1, 1),
(3523, 8, 54, 144, 156, '', 1, '2012-05-06 11:52:09', 1, 1),
(3524, 8, 54, 132, 156, '', -1, '2012-05-06 11:52:26', 1, 1),
(3525, 8, 54, 156, 120, '', 1, '2012-05-06 11:53:41', 1, 1),
(3526, 8, 54, 81, 156, '', -1, '2012-05-06 11:53:49', 1, 1),
(3528, 8, 54, 174, 81, '', 1, '2012-05-06 12:00:10', 1, 1),
(3529, 8, 54, 81, 174, '', 1, '2012-05-06 12:00:11', 1, 1),
(3530, 8, 54, 101, 174, '', 1, '2012-05-06 12:00:31', 1, 1),
(3531, 8, 54, 174, 104, '', 1, '2012-05-06 12:00:45', 1, 1),
(3532, 8, 54, 90, 174, '', 1, '2012-05-06 12:00:51', 1, 1),
(3533, 8, 54, 174, 122, '', 1, '2012-05-06 12:01:48', 1, 1),
(3534, 8, 54, 122, 174, '', 1, '2012-05-06 12:01:49', 1, 1),
(3536, 8, 54, 174, 108, '', 1, '2012-05-06 12:02:12', 1, 1),
(3537, 8, 54, 108, 174, '', 1, '2012-05-06 12:02:13', 1, 1),
(3538, 8, 54, 174, 133, '', 1, '2012-05-06 12:02:31', 1, 1),
(3539, 8, 54, 174, 134, '', 1, '2012-05-06 12:02:35', 1, 1),
(3540, 8, 54, 174, 138, '', 1, '2012-05-06 12:02:44', 1, 1),
(3542, 8, 54, 174, 149, '', 1, '2012-05-06 12:03:20', 1, 1),
(3543, 8, 54, 174, 163, '', 1, '2012-05-06 12:03:52', 1, 1),
(3544, 8, 54, 163, 174, '', 1, '2012-05-06 12:03:53', 1, 1),
(3545, 8, 54, 174, 173, '', 1, '2012-05-06 12:04:25', 1, 1),
(3546, 8, 54, 173, 174, '', 1, '2012-05-06 12:04:26', 1, 1),
(3547, 8, 54, 174, 188, '', 1, '2012-05-06 12:06:19', 1, 1),
(3548, 8, 54, 174, 189, '', 1, '2012-05-06 12:06:30', 1, 1),
(3549, 8, 54, 174, 190, '', 1, '2012-05-06 12:06:38', 1, 1),
(3550, 8, 54, 197, 174, '', 1, '2012-05-06 12:06:54', 1, 1),
(3551, 8, 54, 174, 200, '', 1, '2012-05-06 12:07:04', 1, 1),
(3552, 8, 54, 200, 174, '', 1, '2012-05-06 12:07:05', 1, 1),
(3553, 8, 54, 174, 205, '', 1, '2012-05-06 12:07:25', 1, 1),
(3554, 8, 54, 174, 208, '', 1, '2012-05-06 12:07:36', 1, 1),
(3555, 8, 54, 208, 174, '', 1, '2012-05-06 12:07:37', 1, 1),
(3556, 8, 54, 211, 174, '', 1, '2012-05-06 12:07:53', 1, 1),
(3557, 8, 54, 174, 214, '', 1, '2012-05-06 12:08:04', 1, 1),
(3558, 8, 54, 214, 174, '', 1, '2012-05-06 12:08:06', 1, 1),
(3559, 8, 54, 174, 232, '', 1, '2012-05-06 12:08:25', 1, 1),
(3560, 8, 54, 232, 174, '', 1, '2012-05-06 12:08:27', 1, 1),
(3561, 8, 54, 174, 241, '', 1, '2012-05-06 12:08:48', 1, 1),
(3562, 8, 54, 174, 244, '', 1, '2012-05-06 12:09:06', 1, 1),
(3563, 8, 54, 244, 174, '', 1, '2012-05-06 12:09:07', 1, 1),
(3564, 8, 54, 174, 245, '', 1, '2012-05-06 12:09:17', 1, 1),
(3565, 8, 54, 174, 246, '', 1, '2012-05-06 12:09:23', 1, 1),
(3566, 8, 54, 174, 247, '', 1, '2012-05-06 12:09:35', 1, 1),
(3567, 8, 54, 174, 249, '', 1, '2012-05-06 12:09:49', 1, 1),
(3568, 8, 54, 251, 174, '', 1, '2012-05-06 12:10:02', 1, 1),
(3569, 8, 54, 174, 254, '', 1, '2012-05-06 12:10:13', 1, 1),
(3570, 8, 54, 174, 253, '', 1, '2012-05-06 12:10:19', 1, 1),
(3573, 8, 55, 81, 213, '', 1, '2012-05-06 13:22:14', 1, 1),
(3574, 8, 55, 85, 213, '', -9, '0000-00-00 00:00:00', 1, 1),
(3575, 8, 60, 239, 81, '', 1, '2012-05-06 20:47:31', 1, 1),
(3576, 8, 60, 239, 96, '', -1, '2012-05-06 20:49:26', 1, 1),
(3577, 8, 60, 96, 239, '', 1, '2012-05-06 20:49:55', 1, 1),
(3578, 8, 58, 81, 131, '', 1, '2012-05-06 20:52:20', 1, 1),
(3579, 8, 58, 86, 131, '', 1, '2012-05-06 20:52:34', 1, 1),
(3580, 8, 58, 90, 131, '', 1, '2012-05-06 20:52:39', 1, 1),
(3581, 8, 58, 99, 131, '', 1, '2012-05-06 20:52:53', 1, 1),
(3582, 8, 58, 101, 131, '', 1, '2012-05-06 20:53:00', 1, 1),
(3583, 8, 58, 102, 131, '', 1, '2012-05-06 20:53:07', 1, 1),
(3584, 8, 58, 131, 108, '', 1, '2012-05-06 20:53:29', 1, 1),
(3585, 8, 58, 134, 131, '', 1, '2012-05-06 20:54:26', 1, 1),
(3586, 8, 58, 131, 138, '', 1, '2012-05-06 20:54:32', 1, 1),
(3587, 8, 58, 131, 144, '', 1, '2012-05-06 20:54:40', 1, 1),
(3588, 8, 58, 131, 149, '', 1, '2012-05-06 20:54:59', 1, 1),
(3589, 8, 58, 159, 131, '', 1, '2012-05-06 20:55:18', 1, 1),
(3591, 8, 58, 131, 163, '', 1, '2012-05-06 20:55:34', 1, 1),
(3592, 8, 60, 239, 254, '', 1, '2012-05-06 21:03:04', 1, 1),
(3593, 8, 60, 239, 253, '', 1, '2012-05-06 21:03:22', 1, 1),
(3594, 8, 60, 253, 239, '', -1, '2012-05-06 21:03:24', 1, 1),
(3595, 8, 60, 239, 252, '', 1, '2012-05-06 21:03:48', 1, 1),
(3598, 8, 60, 239, 248, '', 1, '2012-05-06 21:04:32', 1, 1),
(3599, 8, 60, 239, 86, '', 1, '2012-05-06 21:11:13', 1, 1),
(3600, 8, 60, 239, 90, '', 1, '2012-05-06 21:11:25', 1, 1),
(3601, 8, 60, 239, 99, '', -9, '0000-00-00 00:00:00', 1, 1),
(3602, 8, 60, 99, 239, '', -9, '0000-00-00 00:00:00', 1, 1),
(3603, 8, 60, 239, 111, '', 1, '2012-05-06 21:12:49', 1, 1),
(3604, 8, 60, 239, 120, '', 1, '2012-05-06 21:13:09', 1, 1),
(3605, 8, 60, 120, 239, '', -1, '2012-05-06 21:13:10', 1, 1),
(3606, 8, 60, 239, 121, '', -9, '0000-00-00 00:00:00', 1, 1),
(3607, 8, 60, 121, 239, '', -9, '0000-00-00 00:00:00', 1, 1),
(3608, 8, 60, 239, 122, '', -9, '0000-00-00 00:00:00', 1, 1),
(3609, 8, 60, 122, 239, '', -9, '0000-00-00 00:00:00', 1, 1),
(3610, 8, 60, 239, 132, '', 1, '2012-05-06 21:13:39', 1, 1),
(3611, 8, 60, 239, 131, '', 1, '2012-05-06 21:13:48', 1, 1),
(3612, 8, 60, 239, 133, '', 1, '2012-05-06 21:13:54', 1, 1),
(3613, 8, 60, 239, 134, '', 1, '2012-05-06 21:14:05', 1, 1),
(3614, 8, 60, 239, 138, '', -9, '0000-00-00 00:00:00', 1, 1),
(3615, 8, 60, 138, 239, '', -9, '0000-00-00 00:00:00', 1, 1),
(3617, 8, 60, 239, 139, '', 1, '2012-05-06 21:14:38', 1, 1),
(3618, 8, 60, 139, 239, '', -1, '2012-05-06 21:14:35', 1, 1),
(3621, 8, 60, 239, 142, '', 1, '2012-05-06 21:15:16', 1, 1),
(3622, 8, 60, 142, 239, '', 1, '2012-05-06 21:15:19', 1, 1),
(3623, 8, 60, 239, 250, '', 1, '2012-05-06 21:16:09', 1, 1),
(3624, 8, 60, 239, 249, '', -9, '0000-00-00 00:00:00', 1, 1),
(3625, 8, 60, 239, 247, '', 1, '2012-05-06 21:16:31', 1, 1),
(3626, 8, 60, 239, 245, '', 1, '2012-05-06 21:16:45', 1, 1),
(3627, 8, 60, 239, 243, '', 1, '2012-05-06 21:16:53', 1, 1),
(3628, 8, 60, 239, 242, '', 1, '2012-05-06 21:17:05', 1, 1),
(3629, 8, 60, 239, 241, '', 1, '2012-05-06 21:17:08', 1, 1),
(3630, 8, 60, 239, 236, '', 1, '2012-05-06 21:17:14', 1, 1),
(3631, 8, 58, 131, 156, '', 1, '2012-05-06 21:17:29', 1, 1),
(3632, 8, 60, 239, 161, '', 1, '2012-05-06 21:17:31', 1, 1),
(3633, 8, 60, 239, 162, '', 1, '2012-05-06 21:17:37', 1, 1),
(3634, 8, 60, 239, 163, '', 1, '2012-05-06 21:17:47', 1, 1),
(3635, 8, 58, 131, 166, '', 1, '2012-05-06 21:17:55', 1, 1),
(3636, 8, 58, 167, 131, '', 1, '2012-05-06 21:18:02', 1, 1),
(3637, 8, 58, 131, 169, '', 1, '2012-05-06 21:18:14', 1, 1),
(3638, 8, 58, 184, 131, '', 1, '2012-05-06 21:18:54', 1, 1),
(3639, 8, 58, 131, 189, '', 1, '2012-05-06 21:19:08', 1, 1),
(3640, 8, 58, 131, 191, '', 1, '2012-05-06 21:19:17', 1, 1),
(3641, 8, 58, 131, 209, '', 1, '2012-05-06 21:19:40', 1, 1),
(3642, 8, 58, 210, 131, '', -1, '2012-05-06 21:19:46', 1, 1),
(3643, 8, 58, 214, 131, '', 1, '2012-05-06 21:42:33', 1, 1),
(3644, 8, 58, 230, 131, '', 1, '2012-05-06 21:43:04', 1, 1),
(3645, 8, 58, 247, 131, '', 1, '2012-05-06 21:43:24', 1, 1),
(3646, 8, 58, 248, 131, '', 1, '2012-05-06 21:43:28', 1, 1),
(3647, 8, 58, 131, 249, '', 1, '2012-05-06 21:43:38', 1, 1),
(3648, 8, 58, 131, 250, '', 1, '2012-05-06 21:43:56', 1, 1),
(3649, 8, 58, 250, 131, '', 1, '2012-05-06 21:43:57', 1, 1),
(3650, 8, 58, 242, 254, '', 1, '2012-05-06 21:44:36', 1, 1),
(3651, 8, 58, 242, 253, '', 1, '2012-05-06 21:44:40', 1, 1),
(3652, 8, 58, 242, 252, '', 1, '2012-05-06 21:44:43', 1, 1),
(3653, 8, 58, 251, 242, '', 1, '2012-05-06 21:45:00', 1, 1),
(3654, 8, 58, 250, 242, '', 1, '2012-05-06 21:45:07', 1, 1),
(3655, 8, 58, 242, 245, '', 1, '2012-05-06 21:45:26', 1, 1),
(3656, 8, 58, 230, 242, '', 1, '2012-05-06 21:45:48', 1, 1),
(3657, 8, 58, 229, 242, '', 1, '2012-05-06 21:45:53', 1, 1),
(3658, 8, 58, 227, 242, '', 1, '2012-05-06 21:46:05', 1, 1),
(3659, 8, 58, 242, 219, '', 1, '2012-05-06 21:46:15', 1, 1),
(3660, 8, 58, 242, 213, '', 1, '2012-05-06 21:46:34', 1, 1),
(3661, 8, 58, 211, 242, '', 1, '2012-05-06 21:46:41', 1, 1),
(3662, 8, 58, 210, 242, '', -1, '2012-05-06 21:46:47', 1, 1),
(3663, 8, 58, 242, 209, '', 1, '2012-05-06 21:46:55', 1, 1),
(3664, 8, 58, 203, 242, '', 1, '2012-05-06 21:47:20', 1, 1),
(3665, 8, 58, 195, 242, '', 1, '2012-05-06 21:47:42', 1, 1),
(3666, 8, 58, 193, 242, '', 1, '2012-05-06 21:48:06', 1, 1),
(3667, 8, 58, 242, 191, '', 1, '2012-05-06 21:48:16', 1, 1),
(3668, 8, 58, 242, 189, '', 1, '2012-05-06 21:48:27', 1, 1),
(3669, 8, 58, 242, 188, '', 1, '2012-05-06 21:48:52', 1, 1),
(3670, 8, 58, 188, 242, '', 1, '2012-05-06 21:48:54', 1, 1),
(3671, 8, 58, 176, 242, '', 1, '2012-05-06 21:49:38', 1, 1),
(3672, 8, 58, 175, 242, '', 1, '2012-05-06 21:49:44', 1, 1),
(3673, 8, 58, 173, 242, '', -1, '2012-05-06 21:49:49', 1, 1),
(3674, 8, 58, 167, 242, '', 1, '2012-05-06 21:50:17', 1, 1),
(3675, 8, 58, 242, 166, '', 1, '2012-05-06 21:50:28', 1, 1),
(3676, 8, 58, 242, 163, '', 1, '2012-05-06 21:50:36', 1, 1),
(3677, 8, 58, 242, 162, '', 1, '2012-05-06 21:50:47', 1, 1),
(3678, 8, 58, 242, 161, '', 1, '2012-05-06 21:50:55', 1, 1),
(3679, 8, 58, 242, 156, '', 1, '2012-05-06 21:51:06', 1, 1),
(3680, 8, 58, 242, 146, '', 1, '2012-05-06 21:51:15', 1, 1),
(3681, 8, 58, 242, 144, '', 1, '2012-05-06 21:51:30', 1, 1),
(3682, 8, 58, 144, 242, '', 1, '2012-05-06 21:51:31', 1, 1),
(3683, 8, 58, 131, 242, '', 1, '2012-05-06 21:51:58', 1, 1),
(3684, 8, 58, 134, 242, '', 1, '2012-05-06 21:52:17', 1, 1),
(3685, 8, 58, 133, 242, '', 1, '2012-05-06 21:52:19', 1, 1),
(3686, 8, 58, 242, 108, '', 1, '2012-05-06 21:52:33', 1, 1),
(3687, 8, 58, 242, 107, '', 1, '2012-05-06 21:52:38', 1, 1),
(3688, 8, 58, 102, 242, '', 1, '2012-05-06 21:52:52', 1, 1),
(3689, 8, 58, 101, 242, '', 1, '2012-05-06 21:52:59', 1, 1),
(3690, 8, 58, 99, 242, '', 1, '2012-05-06 21:53:05', 1, 1),
(3691, 8, 58, 96, 242, '', 1, '2012-05-06 21:53:09', 1, 1),
(3692, 8, 58, 90, 242, '', 1, '2012-05-06 21:53:15', 1, 1),
(3693, 8, 58, 232, 81, '', 1, '2012-05-06 21:54:06', 1, 1),
(3694, 8, 58, 232, 86, '', 1, '2012-05-06 21:54:15', 1, 1),
(3695, 8, 58, 90, 232, '', 1, '2012-05-06 21:54:21', 1, 1),
(3696, 8, 58, 101, 232, '', 1, '2012-05-06 21:54:44', 1, 1),
(3697, 8, 58, 102, 232, '', 1, '2012-05-06 21:54:50', 1, 1),
(3699, 8, 58, 232, 104, '', 1, '2012-05-06 21:55:13', 1, 1),
(3700, 8, 58, 232, 107, '', 1, '2012-05-06 21:55:22', 1, 1),
(3701, 8, 58, 232, 108, '', 1, '2012-05-06 21:55:26', 1, 1),
(3702, 8, 58, 111, 232, '', 1, '2012-05-06 21:55:46', 1, 1),
(3703, 8, 58, 232, 131, '', 1, '2012-05-06 21:56:20', 1, 1),
(3704, 8, 58, 232, 134, '', 1, '2012-05-06 21:56:35', 1, 1),
(3705, 8, 58, 232, 142, '', 1, '2012-05-06 21:57:00', 1, 1),
(3706, 8, 58, 232, 144, '', 1, '2012-05-06 21:57:06', 1, 1),
(3707, 8, 58, 232, 146, '', 1, '2012-05-06 21:57:13', 1, 1),
(3708, 8, 58, 232, 156, '', 1, '2012-05-06 21:57:34', 1, 1),
(3709, 8, 58, 232, 161, '', 1, '2012-05-06 21:57:49', 1, 1),
(3710, 8, 58, 232, 162, '', 1, '2012-05-06 21:57:58', 1, 1),
(3711, 8, 58, 232, 163, '', 1, '2012-05-06 21:58:04', 1, 1),
(3712, 8, 58, 232, 166, '', 1, '2012-05-06 21:58:09', 1, 1),
(3713, 8, 58, 232, 169, '', 1, '2012-05-06 21:58:20', 1, 1),
(3714, 8, 58, 173, 232, '', -1, '2012-05-06 21:58:37', 1, 1),
(3715, 8, 58, 232, 174, '', 1, '2012-05-06 21:58:49', 1, 1),
(3716, 8, 58, 232, 175, '', 1, '2012-05-06 21:58:57', 1, 1),
(3717, 8, 58, 232, 189, '', 1, '2012-05-06 21:59:13', 1, 1),
(3718, 8, 58, 232, 200, '', 1, '2012-05-06 22:00:08', 1, 1),
(3719, 8, 58, 232, 209, '', 1, '2012-05-06 22:00:25', 1, 1),
(3720, 8, 58, 211, 232, '', 1, '2012-05-06 22:00:42', 1, 1),
(3721, 8, 58, 232, 213, '', 1, '2012-05-06 22:00:50', 1, 1),
(3722, 8, 58, 232, 214, '', 1, '2012-05-06 22:00:53', 1, 1),
(3723, 8, 58, 232, 218, '', 1, '2012-05-06 22:00:59', 1, 1),
(3724, 8, 58, 232, 219, '', 1, '2012-05-06 22:01:02', 1, 1),
(3725, 8, 58, 229, 232, '', 1, '2012-05-06 22:01:36', 1, 1),
(3726, 8, 58, 232, 245, '', 1, '2012-05-06 22:02:22', 1, 1),
(3727, 8, 58, 232, 246, '', 1, '2012-05-06 22:02:30', 1, 1),
(3728, 8, 58, 232, 247, '', 1, '2012-05-06 22:02:38', 1, 1),
(3729, 8, 58, 232, 248, '', 1, '2012-05-06 22:02:42', 1, 1),
(3730, 8, 58, 232, 249, '', 1, '2012-05-06 22:02:46', 1, 1),
(3731, 8, 58, 250, 232, '', 1, '2012-05-06 22:02:57', 1, 1),
(3732, 8, 58, 251, 232, '', 1, '2012-05-06 22:03:03', 1, 1),
(3733, 8, 58, 232, 252, '', 1, '2012-05-06 22:03:10', 1, 1),
(3734, 8, 58, 232, 253, '', 1, '2012-05-06 22:03:13', 1, 1),
(3735, 8, 58, 232, 254, '', 1, '2012-05-06 22:03:16', 1, 1),
(3736, 8, 58, 85, 162, '', 1, '2012-05-06 22:04:11', 1, 1),
(3737, 8, 58, 86, 162, '', 1, '2012-05-06 22:04:17', 1, 1),
(3738, 8, 58, 90, 162, '', 1, '2012-05-06 22:04:19', 1, 1),
(3739, 8, 58, 96, 162, '', 1, '2012-05-06 22:04:27', 1, 1),
(3740, 8, 58, 99, 162, '', 1, '2012-05-06 22:04:32', 1, 1),
(3741, 8, 58, 101, 162, '', 1, '2012-05-06 22:04:35', 1, 1),
(3742, 8, 58, 102, 162, '', 1, '2012-05-06 22:04:38', 1, 1),
(3743, 8, 58, 107, 162, '', 1, '2012-05-06 22:04:45', 1, 1),
(3744, 8, 58, 108, 162, '', 1, '2012-05-06 22:04:50', 1, 1),
(3745, 8, 58, 111, 162, '', 1, '2012-05-06 22:04:54', 1, 1),
(3746, 8, 58, 131, 162, '', 1, '2012-05-06 22:05:45', 1, 1),
(3747, 8, 58, 133, 162, '', 1, '2012-05-06 22:05:54', 1, 1),
(3748, 8, 58, 134, 162, '', 1, '2012-05-06 22:05:58', 1, 1),
(3749, 8, 58, 138, 162, '', 1, '2012-05-06 22:06:03', 1, 1),
(3750, 8, 58, 162, 144, '', 1, '2012-05-06 22:07:13', 1, 1),
(3751, 8, 58, 162, 146, '', 1, '2012-05-06 22:07:29', 1, 1),
(3752, 8, 58, 162, 149, '', 1, '2012-05-06 22:07:36', 1, 1),
(3753, 8, 58, 162, 156, '', 1, '2012-05-06 22:07:42', 1, 1),
(3754, 8, 58, 159, 162, '', 1, '2012-05-06 22:07:52', 1, 1),
(3755, 8, 58, 162, 161, '', 1, '2012-05-06 22:07:59', 1, 1),
(3756, 8, 58, 167, 162, '', 1, '2012-05-06 22:08:12', 1, 1),
(3757, 8, 58, 162, 169, '', 1, '2012-05-06 22:08:18', 1, 1),
(3758, 8, 58, 175, 162, '', 1, '2012-05-06 22:08:40', 1, 1),
(3759, 8, 58, 181, 162, '', 1, '2012-05-06 22:08:53', 1, 1),
(3760, 8, 58, 188, 162, '', 1, '2012-05-06 22:09:05', 1, 1),
(3761, 8, 58, 162, 189, '', 1, '2012-05-06 22:09:10', 1, 1),
(3762, 8, 58, 162, 190, '', 1, '2012-05-06 22:09:26', 1, 1),
(3763, 8, 58, 193, 162, '', 1, '2012-05-06 22:09:41', 1, 1),
(3764, 8, 58, 195, 162, '', 1, '2012-05-06 22:09:53', 1, 1),
(3765, 8, 58, 205, 162, '', 1, '2012-05-06 22:10:15', 1, 1),
(3766, 8, 58, 211, 162, '', 1, '2012-05-06 22:10:50', 1, 1),
(3767, 8, 58, 213, 162, '', 1, '2012-05-06 22:11:01', 1, 1),
(3768, 8, 58, 162, 219, '', 1, '2012-05-06 22:11:12', 1, 1),
(3769, 8, 58, 162, 245, '', 1, '2012-05-06 22:11:57', 1, 1),
(3770, 8, 58, 162, 246, '', 1, '2012-05-06 22:12:10', 1, 1),
(3771, 8, 58, 247, 162, '', 1, '2012-05-06 22:12:26', 1, 1),
(3772, 8, 58, 248, 162, '', 1, '2012-05-06 22:12:29', 1, 1),
(3773, 8, 58, 162, 249, '', 1, '2012-05-06 22:12:35', 1, 1),
(3774, 8, 58, 250, 162, '', 1, '2012-05-06 22:12:41', 1, 1),
(3775, 8, 58, 251, 162, '', 1, '2012-05-06 22:12:46', 1, 1),
(3776, 8, 69, 121, 81, '', 1, '2012-05-07 06:04:17', 1, 1),
(3777, 8, 71, 81, 247, '', 1, '2012-05-07 10:11:42', 1, 1),
(3778, 8, 71, 247, 96, '', 1, '2012-05-07 10:12:37', 1, 1),
(3781, 8, 71, 108, 247, '', 1, '2012-05-07 10:13:59', 1, 1),
(3782, 8, 71, 111, 247, '', 1, '2012-05-07 10:14:17', 1, 1),
(3783, 8, 71, 120, 247, '', 1, '2012-05-07 10:14:34', 1, 1),
(3784, 8, 71, 121, 247, 'In some of the research I have seen, a lot of the hesitancy of sharing data is due to the amount of effort needed to effectively manage who our data is shared with. From opening several different email accounts and facebook profiles to using Tor to participate in alrger anonymous communities like Anonymous, this is in my opinion the most important hurdle to getting folks to create and share data.\n\nAlso, I think creating data is incredibly easy. Sharing data well is the hard thing to manage that is more interesting.', 1, '2012-05-07 10:15:32', 1, 1),
(3785, 8, 71, 133, 247, '', 1, '2012-05-07 10:19:34', 1, 1),
(3786, 8, 71, 134, 247, '', 1, '2012-05-07 10:19:45', 1, 1),
(3787, 8, 71, 138, 247, '', 1, '2012-05-07 10:19:59', 1, 1),
(3789, 8, 71, 148, 247, '', 1, '2012-05-07 10:21:05', 1, 1),
(3790, 8, 71, 156, 247, '', 1, '2012-05-07 10:21:18', 1, 1),
(3791, 8, 71, 159, 247, '', 1, '2012-05-07 10:21:29', 1, 1),
(3792, 8, 71, 172, 247, '', 1, '2012-05-07 10:21:56', 1, 1),
(3793, 8, 71, 174, 247, '', 1, '2012-05-07 10:22:13', 1, 1),
(3794, 8, 71, 184, 247, '', 1, '2012-05-07 10:22:30', 1, 1),
(3795, 8, 71, 185, 247, '', 1, '2012-05-07 10:22:44', 1, 1),
(3796, 8, 71, 247, 104, '', 1, '2012-05-07 10:23:24', 1, 1),
(3797, 8, 71, 247, 107, '', 1, '2012-05-07 10:23:40', 1, 1),
(3798, 8, 71, 247, 142, '', 1, '2012-05-07 10:24:20', 1, 1),
(3799, 8, 71, 247, 146, '', 1, '2012-05-07 10:24:23', 1, 1),
(3800, 8, 71, 247, 163, '', 1, '2012-05-07 10:25:07', 1, 1),
(3801, 8, 71, 247, 162, '', 1, '2012-05-07 10:25:18', 1, 1),
(3802, 8, 71, 247, 169, '', 1, '2012-05-07 10:25:29', 1, 1),
(3803, 8, 71, 247, 188, '', 1, '2012-05-07 10:25:54', 1, 1),
(3804, 8, 71, 247, 189, '', 1, '2012-05-07 10:26:00', 1, 1),
(3805, 8, 71, 247, 200, '', 1, '2012-05-07 10:28:18', 1, 1),
(3806, 8, 71, 247, 214, 'I''m assuming in many of my answers that analysis of raw data creates a 2nd level of data that then feeds the system and can be combined again. Meaning that the Creation and Collection of data is not something only done by hardware and software sensors but by the algorithms that are employed to analyze larger datasets. Its a big recursive loop.', 1, '2012-05-07 10:29:09', 1, 1),
(3807, 8, 71, 202, 247, '', 1, '2012-05-07 10:35:24', 1, 1),
(3808, 8, 71, 247, 203, '', 1, '2012-05-07 10:35:46', 1, 1),
(3809, 8, 71, 247, 205, '', 1, '2012-05-07 10:36:01', 1, 1),
(3810, 8, 71, 247, 219, '', 1, '2012-05-07 10:37:39', 1, 1),
(3811, 8, 71, 223, 247, '', 1, '2012-05-07 10:37:52', 1, 1),
(3812, 8, 71, 229, 247, '', 1, '2012-05-07 10:38:07', 1, 1),
(3813, 8, 71, 239, 247, '', 1, '2012-05-07 10:38:22', 1, 1),
(3814, 8, 71, 247, 243, '', 1, '2012-05-07 10:38:31', 1, 1),
(3815, 8, 71, 247, 245, 'Its easier to figure out how to do things if there is a community of people around to help the newbies become active participants.', 1, '2012-05-07 10:42:43', 1, 1),
(3816, 8, 71, 247, 254, '', 1, '2012-05-07 10:43:53', 1, 1),
(3817, 8, 71, 251, 81, '', 1, '2012-05-07 11:29:27', 1, 1),
(3818, 8, 71, 81, 251, '', 1, '2012-05-07 11:29:28', 1, 1),
(3819, 8, 71, 101, 251, '', 1, '2012-05-07 11:30:51', 1, 1),
(3820, 8, 71, 251, 102, '', 1, '2012-05-07 11:31:47', 1, 1),
(3821, 8, 71, 102, 251, '', 1, '2012-05-07 11:31:49', 1, 1),
(3822, 8, 71, 251, 104, '', 1, '2012-05-07 11:46:44', 1, 1),
(3823, 8, 71, 251, 107, '', 1, '2012-05-07 11:47:11', 1, 1),
(3824, 8, 71, 251, 108, '', 1, '2012-05-07 11:47:19', 1, 1),
(3825, 8, 71, 251, 123, '', 1, '2012-05-07 11:48:23', 1, 1),
(3826, 8, 71, 251, 132, '', 1, '2012-05-07 11:48:35', 1, 1),
(3827, 8, 71, 133, 251, 'Without meta-data, data is unclear and deriving meaning from it is complex.', 1, '2012-05-07 11:48:44', 1, 1),
(3828, 8, 71, 251, 134, '', 1, '2012-05-07 11:49:20', 1, 1),
(3829, 8, 71, 251, 138, '', 1, '2012-05-07 11:49:24', 1, 1),
(3830, 8, 53, 107, 253, '', 1, '2012-05-07 11:50:36', 1, 1),
(3831, 8, 53, 108, 253, '', 1, '2012-05-07 11:50:44', 1, 1),
(3832, 8, 53, 111, 253, '', 1, '2012-05-07 11:50:50', 1, 1),
(3833, 8, 71, 251, 142, '', 1, '2012-05-07 11:51:01', 1, 1),
(3834, 8, 71, 251, 146, '', 1, '2012-05-07 11:51:03', 1, 1),
(3835, 8, 71, 251, 144, '', 1, '2012-05-07 11:51:11', 1, 1),
(3836, 8, 53, 122, 253, '', 1, '2012-05-07 11:51:23', 1, 1),
(3837, 8, 71, 251, 149, '', 1, '2012-05-07 11:51:26', 1, 1),
(3838, 8, 53, 138, 253, '', 1, '2012-05-07 11:51:53', 1, 1),
(3840, 8, 71, 251, 163, '', 1, '2012-05-07 11:51:59', 1, 1),
(3841, 8, 71, 251, 166, '', 1, '2012-05-07 11:52:09', 1, 1),
(3842, 8, 53, 253, 142, '', 1, '2012-05-07 11:52:18', 1, 1),
(3843, 8, 71, 251, 167, '', 1, '2012-05-07 11:52:30', 1, 1),
(3844, 8, 71, 167, 251, '', 1, '2012-05-07 11:52:31', 1, 1),
(3845, 8, 53, 144, 253, '', 1, '2012-05-07 11:52:31', 1, 1),
(3846, 8, 71, 174, 251, '', -1, '2012-05-07 11:52:51', 1, 1),
(3848, 8, 71, 251, 186, '', 1, '2012-05-07 11:53:29', 1, 1),
(3849, 8, 71, 186, 251, '', 1, '2012-05-07 11:53:30', 1, 1),
(3850, 8, 53, 169, 253, '', 1, '2012-05-07 11:53:31', 1, 1),
(3851, 8, 71, 251, 189, '', 1, '2012-05-07 11:53:40', 1, 1),
(3852, 8, 71, 251, 190, '', 1, '2012-05-07 11:54:18', 1, 1),
(3853, 8, 71, 192, 251, 'Data quality from sensors is not determined just by the type of sensor used to collect it, but by the individual owner and their ability to use that sensor properly. Reputation is the way that humans and now their data can ensure what data is trusted at what level.', 1, '2012-05-07 11:54:31', 1, 1),
(3854, 8, 71, 251, 200, '', 1, '2012-05-07 11:56:01', 1, 1),
(3856, 8, 71, 251, 205, '', 1, '2012-05-07 11:57:00', 1, 1),
(3857, 8, 71, 205, 251, 'PEople will put effort into clarigying and making data collection better the more useful it is to them.', 1, '2012-05-07 11:57:01', 1, 1),
(3858, 8, 53, 176, 253, '', 1, '2012-05-07 11:58:34', 1, 1),
(3859, 8, 71, 251, 213, '', 1, '2012-05-08 21:22:08', 1, 1),
(3860, 8, 71, 251, 219, '', 1, '2012-05-07 11:59:00', 1, 1),
(3861, 8, 71, 223, 251, '', -1, '2012-05-07 12:00:11', 1, 1),
(3862, 8, 71, 251, 232, '', 1, '2012-05-07 12:00:30', 1, 1),
(3863, 8, 71, 233, 251, '', -1, '2012-05-07 12:00:35', 1, 1),
(3864, 8, 71, 236, 251, '', -1, '2012-05-07 12:00:45', 1, 1),
(3866, 8, 71, 251, 241, '', 1, '2012-05-07 12:01:05', 1, 1),
(3867, 8, 53, 253, 181, '', 1, '2012-05-07 12:01:06', 1, 1),
(3868, 8, 53, 181, 253, '', 1, '2012-05-07 12:01:08', 1, 1),
(3869, 8, 71, 251, 243, '', 1, '2012-05-07 12:01:12', 1, 1);
INSERT INTO `userLinks` (`id`, `projectId`, `userId`, `issueFromId`, `issueToId`, `comment`, `sign`, `modified`, `num_observers`, `tot_observers`) VALUES
(3870, 8, 53, 184, 253, '', 1, '2012-05-07 12:01:15', 1, 1),
(3872, 8, 71, 251, 244, '', 1, '2012-05-07 12:01:22', 1, 1),
(3873, 8, 71, 251, 245, '', 1, '2012-05-07 12:01:26', 1, 1),
(3874, 8, 53, 193, 253, '', 1, '2012-05-07 12:01:43', 1, 1),
(3875, 8, 71, 251, 249, '', 1, '2012-05-07 12:01:49', 1, 1),
(3876, 8, 71, 254, 251, '', 1, '2012-05-07 12:02:52', 1, 1),
(3877, 8, 53, 253, 221, '', 1, '2012-05-07 12:03:00', 1, 1),
(3878, 8, 53, 221, 253, '', 1, '2012-05-07 12:03:02', 1, 1),
(3879, 8, 71, 81, 243, '', 1, '2012-05-07 12:03:19', 1, 1),
(3880, 8, 53, 230, 253, '', 1, '2012-05-07 12:03:23', 1, 1),
(3881, 8, 53, 245, 253, '', 1, '2012-05-07 12:03:47', 1, 1),
(3882, 8, 71, 243, 85, 'This is not a linear relationship, but rather one where there is probably a critical mass for any community around data where you need a set number of people before everyone starts getting tangible rewards. And then another number where adding more people starts showing diminishing returns.\n\nOne can even argue that once the number gets too large it becomes useless.', 1, '2012-05-07 12:03:49', 1, 1),
(3883, 8, 53, 250, 253, '', 1, '2012-05-07 12:04:03', 1, 1),
(3884, 8, 53, 252, 253, '', 1, '2012-05-07 12:04:11', 1, 1),
(3885, 8, 53, 81, 146, '', 1, '2012-05-07 12:05:29', 1, 1),
(3886, 8, 71, 86, 243, '', 1, '2012-05-07 12:05:46', 1, 1),
(3887, 8, 71, 90, 243, '', 1, '2012-05-07 12:07:02', 1, 1),
(3888, 8, 53, 85, 146, '', 1, '2012-05-07 12:07:19', 1, 1),
(3889, 8, 53, 86, 146, '', 1, '2012-05-07 12:07:28', 1, 1),
(3890, 8, 53, 96, 146, '', 1, '2012-05-07 12:07:34', 1, 1),
(3891, 8, 53, 101, 146, '', 1, '2012-05-07 12:07:39', 1, 1),
(3892, 8, 53, 102, 146, '', 1, '2012-05-07 12:07:42', 1, 1),
(3893, 8, 53, 146, 104, '', 1, '2012-05-07 12:07:48', 1, 1),
(3894, 8, 53, 104, 146, '', 1, '2012-05-07 12:07:50', 1, 1),
(3895, 8, 53, 107, 146, '', 1, '2012-05-07 12:07:54', 1, 1),
(3896, 8, 71, 243, 96, '', 1, '2012-05-07 12:07:56', 1, 1),
(3897, 8, 71, 96, 243, '', 1, '2012-05-07 12:07:57', 1, 1),
(3898, 8, 53, 111, 146, '', 1, '2012-05-07 12:08:01', 1, 1),
(3899, 8, 53, 121, 146, '', 1, '2012-05-07 12:08:12', 1, 1),
(3900, 8, 71, 104, 243, '', 1, '2012-05-07 12:08:28', 1, 1),
(3901, 8, 53, 133, 146, '', 1, '2012-05-07 12:08:30', 1, 1),
(3902, 8, 53, 134, 146, '', 1, '2012-05-07 12:08:34', 1, 1),
(3903, 8, 71, 243, 107, '', 1, '2012-05-07 12:08:47', 1, 1),
(3904, 8, 53, 144, 146, '', 1, '2012-05-07 12:08:45', 1, 1),
(3905, 8, 71, 111, 243, '', 1, '2012-05-07 12:08:56', 1, 1),
(3906, 8, 53, 156, 146, '', 1, '2012-05-07 12:09:00', 1, 1),
(3907, 8, 71, 120, 243, '', 1, '2012-05-07 12:09:11', 1, 1),
(3908, 8, 71, 121, 243, '', 1, '2012-05-07 12:09:18', 1, 1),
(3910, 8, 53, 146, 161, '', 1, '2012-05-07 12:09:43', 1, 1),
(3911, 8, 53, 161, 146, '', 1, '2012-05-07 12:09:44', 1, 1),
(3912, 8, 53, 162, 146, '', 1, '2012-05-07 12:09:55', 1, 1),
(3913, 8, 53, 163, 146, '', 1, '2012-05-07 12:10:05', 1, 1),
(3915, 8, 53, 167, 146, '', 1, '2012-05-07 12:10:13', 1, 1),
(3916, 8, 53, 169, 146, '', 1, '2012-05-07 12:10:19', 1, 1),
(3917, 8, 53, 172, 146, '', 1, '2012-05-07 12:10:22', 1, 1),
(3918, 8, 71, 243, 138, '', 1, '2012-05-07 12:19:22', 1, 1),
(3919, 8, 71, 138, 243, '', 1, '2012-05-07 12:19:23', 1, 1),
(3920, 8, 53, 184, 146, '', 1, '2012-05-07 12:10:55', 1, 1),
(3921, 8, 53, 188, 146, '', 1, '2012-05-07 12:11:08', 1, 1),
(3922, 8, 53, 190, 146, '', 1, '2012-05-07 12:11:16', 1, 1),
(3923, 8, 53, 209, 146, '', 1, '2012-05-07 12:12:05', 1, 1),
(3924, 8, 53, 146, 210, '', -1, '2012-05-07 12:12:15', 1, 1),
(3925, 8, 53, 211, 146, '', 1, '2012-05-07 12:12:22', 1, 1),
(3926, 8, 53, 213, 146, '', 1, '2012-05-07 12:12:27', 1, 1),
(3928, 8, 53, 146, 218, '', 1, '2012-05-07 12:12:42', 1, 1),
(3929, 8, 53, 146, 219, '', 1, '2012-05-07 12:12:49', 1, 1),
(3930, 8, 53, 223, 146, '', 1, '2012-05-07 12:12:56', 1, 1),
(3931, 8, 53, 233, 146, '', 1, '2012-05-07 12:13:08', 1, 1),
(3932, 8, 53, 236, 146, '', 1, '2012-05-07 12:13:14', 1, 1),
(3933, 8, 53, 242, 146, '', 1, '2012-05-07 12:13:23', 1, 1),
(3934, 8, 53, 243, 146, '', 1, '2012-05-07 12:13:26', 1, 1),
(3936, 8, 53, 146, 245, '', 1, '2012-05-07 12:13:39', 1, 1),
(3937, 8, 53, 245, 146, '', 1, '2012-05-07 12:13:40', 1, 1),
(3939, 8, 53, 146, 248, '', 1, '2012-05-07 12:14:05', 1, 1),
(3940, 8, 53, 248, 146, '', 1, '2012-05-07 12:14:06', 1, 1),
(3941, 8, 53, 250, 146, '', 1, '2012-05-07 12:14:14', 1, 1),
(3942, 8, 53, 96, 156, '', 1, '2012-05-07 12:15:25', 1, 1),
(3943, 8, 53, 99, 156, '', 1, '2012-05-07 12:15:31', 1, 1),
(3944, 8, 53, 121, 156, '', 1, '2012-05-07 12:15:53', 1, 1),
(3945, 8, 53, 142, 156, '', -1, '2012-05-07 12:16:36', 1, 1),
(3946, 8, 53, 144, 156, '', 1, '2012-05-07 12:16:44', 1, 1),
(3947, 8, 53, 167, 156, '', 1, '2012-05-07 12:17:14', 1, 1),
(3948, 8, 53, 172, 156, '', 1, '2012-05-07 12:17:19', 1, 1),
(3949, 8, 53, 181, 156, '', -1, '2012-05-07 12:17:40', 1, 1),
(3950, 8, 53, 184, 156, '', -1, '2012-05-07 12:17:51', 1, 1),
(3951, 8, 53, 185, 156, '', -1, '2012-05-07 12:17:56', 1, 1),
(3952, 8, 53, 191, 156, '', 1, '2012-05-07 12:18:07', 1, 1),
(3953, 8, 53, 192, 156, '', 1, '2012-05-07 12:18:12', 1, 1),
(3954, 8, 53, 193, 156, '', 1, '2012-05-07 12:18:16', 1, 1),
(3955, 8, 71, 134, 243, '', 1, '2012-05-07 12:18:20', 1, 1),
(3956, 8, 53, 213, 156, '', 1, '2012-05-07 12:18:54', 1, 1),
(3957, 8, 53, 223, 156, '', 1, '2012-05-07 12:19:10', 1, 1),
(3958, 8, 53, 233, 156, '', 1, '2012-05-07 12:19:28', 1, 1),
(3959, 8, 53, 236, 156, '', 1, '2012-05-07 12:19:32', 1, 1),
(3960, 8, 71, 139, 243, '', 1, '2012-05-07 12:19:38', 1, 1),
(3961, 8, 53, 242, 156, '', 1, '2012-05-07 12:19:40', 1, 1),
(3963, 8, 53, 246, 156, '', -1, '2012-05-07 12:19:49', 1, 1),
(3966, 8, 53, 249, 156, '', 1, '2012-05-07 12:19:59', 1, 1),
(3967, 8, 53, 250, 156, '', 1, '2012-05-07 12:20:04', 1, 1),
(3968, 8, 71, 243, 148, '', 1, '2012-05-07 12:20:07', 1, 1),
(3969, 8, 71, 148, 243, '', 1, '2012-05-07 12:20:08', 1, 1),
(3970, 8, 71, 243, 142, '', 1, '2012-05-07 12:20:20', 1, 1),
(3971, 8, 71, 142, 243, '', 1, '2012-05-07 12:20:21', 1, 1),
(3972, 8, 71, 243, 146, '', 1, '2012-05-07 12:20:27', 1, 1),
(3973, 8, 71, 146, 243, '', 1, '2012-05-07 12:20:28', 1, 1),
(3974, 8, 53, 81, 246, '', 1, '2012-05-07 12:20:36', 1, 1),
(3975, 8, 71, 243, 156, '', -1, '2012-05-07 12:20:44', 1, 1),
(3976, 8, 71, 159, 243, '', 1, '2012-05-07 12:20:59', 1, 1),
(3977, 8, 53, 246, 85, '', 1, '2012-05-07 12:20:59', 1, 1),
(3978, 8, 53, 246, 96, '', 1, '2012-05-07 12:21:08', 1, 1),
(3980, 8, 53, 101, 246, '', 1, '2012-05-07 12:21:19', 1, 1),
(3981, 8, 71, 243, 162, '', 1, '2012-05-07 12:21:21', 1, 1),
(3982, 8, 71, 162, 243, '', 1, '2012-05-07 12:21:23', 1, 1),
(3983, 8, 53, 102, 246, '', 1, '2012-05-07 12:21:22', 1, 1),
(3984, 8, 53, 246, 104, '', 1, '2012-05-07 12:21:32', 1, 1),
(3985, 8, 53, 104, 246, '', 1, '2012-05-07 12:21:33', 1, 1),
(3986, 8, 71, 243, 163, '', 1, '2012-05-07 12:21:38', 1, 1),
(3987, 8, 71, 163, 243, '', 1, '2012-05-07 12:21:39', 1, 1),
(3990, 8, 53, 246, 131, '', 1, '2012-05-07 12:22:05', 1, 1),
(3991, 8, 53, 246, 144, '', 1, '2012-05-07 12:22:23', 1, 1),
(3992, 8, 53, 246, 149, '', 1, '2012-05-07 12:22:33', 1, 1),
(3993, 8, 53, 246, 162, '', 1, '2012-05-07 12:22:48', 1, 1),
(3994, 8, 53, 246, 166, '', 1, '2012-05-07 12:23:03', 1, 1),
(3995, 8, 53, 169, 246, '', 1, '2012-05-07 12:23:11', 1, 1),
(3996, 8, 53, 172, 246, '', 1, '2012-05-07 12:23:17', 1, 1),
(3997, 8, 53, 246, 189, '', 1, '2012-05-07 12:23:53', 1, 1),
(3998, 8, 71, 166, 243, '', 1, '2012-05-07 12:23:54', 1, 1),
(3999, 8, 71, 167, 243, '', 1, '2012-05-07 12:24:06', 1, 1),
(4000, 8, 53, 246, 205, '', 1, '2012-05-07 12:24:23', 1, 1),
(4001, 8, 53, 246, 208, '', 1, '2012-05-07 12:24:27', 1, 1),
(4002, 8, 53, 246, 210, '', 1, '2012-05-07 12:24:36', 1, 1),
(4004, 8, 53, 246, 218, '', 1, '2012-05-07 12:24:56', 1, 1),
(4005, 8, 71, 173, 243, '', 1, '2012-05-07 12:25:05', 1, 1),
(4006, 8, 53, 223, 246, '', 1, '2012-05-07 12:25:11', 1, 1),
(4007, 8, 53, 233, 246, '', 1, '2012-05-07 12:25:25', 1, 1),
(4008, 8, 53, 236, 246, '', 1, '2012-05-07 12:25:30', 1, 1),
(4009, 8, 53, 242, 246, '', 1, '2012-05-07 12:25:40', 1, 1),
(4010, 8, 53, 244, 246, '', 1, '2012-05-07 12:25:48', 1, 1),
(4011, 8, 71, 181, 243, '', 1, '2012-05-07 12:25:51', 1, 1),
(4013, 8, 53, 246, 247, '', 1, '2012-05-07 12:26:01', 1, 1),
(4014, 8, 53, 247, 246, '', 1, '2012-05-07 12:26:02', 1, 1),
(4015, 8, 71, 185, 243, '', 1, '2012-05-07 12:26:04', 1, 1),
(4016, 8, 53, 246, 248, '', 1, '2012-05-07 12:26:10', 1, 1),
(4017, 8, 53, 248, 246, '', 1, '2012-05-07 12:26:11', 1, 1),
(4018, 8, 71, 188, 243, '', 1, '2012-05-07 12:26:15', 1, 1),
(4019, 8, 53, 246, 249, '', 1, '2012-05-07 12:26:20', 1, 1),
(4020, 8, 71, 189, 243, '', 1, '2012-05-07 12:26:28', 1, 1),
(4021, 8, 53, 246, 254, '', 1, '2012-05-07 12:26:33', 1, 1),
(4022, 8, 71, 190, 243, '', 1, '2012-05-07 12:26:38', 1, 1),
(4023, 8, 71, 192, 243, '', 1, '2012-05-07 12:26:49', 1, 1),
(4024, 8, 71, 197, 243, '', 1, '2012-05-07 12:26:59', 1, 1),
(4025, 8, 71, 202, 243, '', 1, '2012-05-07 12:27:48', 1, 1),
(4026, 8, 71, 205, 243, '', 1, '2012-05-07 12:28:01', 1, 1),
(4027, 8, 71, 209, 243, '', 1, '2012-05-07 12:29:23', 1, 1),
(4028, 8, 71, 213, 243, '', 1, '2012-05-07 12:29:36', 1, 1),
(4029, 8, 71, 218, 243, '', 1, '2012-05-07 12:29:42', 1, 1),
(4030, 8, 71, 219, 243, '', 1, '2012-05-07 12:30:09', 1, 1),
(4032, 8, 71, 243, 229, '', 1, '2012-05-07 12:30:57', 1, 1),
(4033, 8, 71, 229, 243, '', 1, '2012-05-07 12:31:00', 1, 1),
(4034, 8, 71, 230, 243, '', 1, '2012-05-07 12:31:07', 1, 1),
(4035, 8, 71, 233, 243, '', 1, '2012-05-07 12:31:20', 1, 1),
(4037, 8, 71, 236, 243, '', 1, '2012-05-07 12:31:30', 1, 1),
(4038, 8, 71, 241, 243, '', 1, '2012-05-07 12:31:36', 1, 1),
(4039, 8, 71, 243, 239, '', -1, '2012-05-07 12:31:52', 1, 1),
(4040, 8, 71, 239, 243, '', 1, '2012-05-07 12:31:53', 1, 1),
(4041, 8, 53, 193, 96, '', -1, '2012-05-07 12:36:20', 1, 1),
(4042, 8, 71, 243, 254, '', 1, '2012-05-07 12:37:47', 1, 1),
(4043, 8, 53, 104, 193, '', 1, '2012-05-07 12:36:45', 1, 1),
(4044, 8, 53, 121, 193, '', 1, '2012-05-07 12:36:59', 1, 1),
(4045, 8, 71, 81, 96, '', 1, '2012-05-07 12:38:44', 1, 1),
(4046, 8, 71, 85, 96, '', 1, '2012-05-07 12:38:51', 1, 1),
(4047, 8, 71, 86, 96, '', 1, '2012-05-07 12:38:59', 1, 1),
(4048, 8, 53, 193, 122, '', 1, '2012-05-07 12:39:03', 1, 1),
(4050, 8, 53, 193, 162, '', 1, '2012-05-07 12:40:03', 1, 1),
(4051, 8, 53, 193, 167, '', 1, '2012-05-07 12:40:16', 1, 1),
(4052, 8, 53, 172, 193, '', 1, '2012-05-07 12:40:25', 1, 1),
(4053, 8, 53, 181, 193, '', 1, '2012-05-07 12:40:41', 1, 1),
(4054, 8, 53, 188, 193, '', 1, '2012-05-07 12:40:53', 1, 1),
(4055, 8, 53, 190, 193, '', 1, '2012-05-07 12:41:00', 1, 1),
(4056, 8, 53, 193, 192, '', 1, '2012-05-07 12:41:15', 1, 1),
(4057, 8, 53, 192, 193, '', 1, '2012-05-07 12:41:16', 1, 1),
(4058, 8, 53, 209, 193, '', 1, '2012-05-07 12:41:55', 1, 1),
(4059, 8, 53, 223, 193, '', 1, '2012-05-07 12:42:19', 1, 1),
(4060, 8, 53, 233, 193, '', 1, '2012-05-07 12:42:35', 1, 1),
(4061, 8, 53, 236, 193, '', 1, '2012-05-07 12:42:41', 1, 1),
(4063, 8, 71, 96, 104, '', 1, '2012-05-07 12:43:03', 1, 1),
(4064, 8, 71, 104, 96, '', 1, '2012-05-07 12:43:04', 1, 1),
(4065, 8, 71, 96, 108, '', 1, '2012-05-07 12:43:49', 1, 1),
(4066, 8, 71, 108, 96, '', 1, '2012-05-07 12:43:50', 1, 1),
(4067, 8, 71, 120, 96, '', 1, '2012-05-07 12:44:11', 1, 1),
(4068, 8, 71, 121, 96, '', 1, '2012-05-07 12:44:19', 1, 1),
(4069, 8, 71, 123, 96, '', 1, '2012-05-07 12:44:52', 1, 1),
(4070, 8, 53, 81, 149, '', 1, '2012-05-07 12:46:41', 1, 1),
(4071, 8, 53, 90, 149, '', 1, '2012-05-07 12:46:48', 1, 1),
(4072, 8, 53, 99, 149, '', 1, '2012-05-07 12:47:10', 1, 1),
(4073, 8, 53, 101, 149, '', 1, '2012-05-07 12:47:15', 1, 1),
(4074, 8, 53, 102, 149, '', 1, '2012-05-07 12:47:17', 1, 1),
(4075, 8, 53, 149, 104, '', 1, '2012-05-07 12:47:25', 1, 1),
(4076, 8, 53, 104, 149, '', 1, '2012-05-07 12:47:26', 1, 1),
(4077, 8, 53, 107, 149, '', 1, '2012-05-07 12:47:30', 1, 1),
(4078, 8, 53, 108, 149, '', 1, '2012-05-07 12:47:39', 1, 1),
(4080, 8, 53, 123, 149, '', 1, '2012-05-07 12:48:07', 1, 1),
(4081, 8, 53, 131, 149, '', 1, '2012-05-07 12:48:10', 1, 1),
(4082, 8, 53, 149, 132, '', 1, '2012-05-07 12:48:17', 1, 1),
(4083, 8, 53, 132, 149, '', 1, '2012-05-07 12:48:18', 1, 1),
(4084, 8, 53, 138, 149, '', 1, '2012-05-07 12:48:29', 1, 1),
(4085, 8, 53, 139, 149, '', 1, '2012-05-07 12:48:36', 1, 1),
(4086, 8, 53, 144, 149, '', -1, '2012-05-07 12:48:43', 1, 1),
(4087, 8, 53, 148, 149, '', 1, '2012-05-07 12:48:52', 1, 1),
(4088, 8, 53, 156, 149, '', 1, '2012-05-07 12:48:56', 1, 1),
(4089, 8, 53, 159, 149, '', 1, '2012-05-07 12:49:11', 1, 1),
(4090, 8, 53, 149, 161, '', 1, '2012-05-07 12:49:24', 1, 1),
(4091, 8, 53, 163, 149, '', 1, '2012-05-07 12:58:46', 1, 1),
(4092, 8, 53, 166, 149, '', 1, '2012-05-07 12:58:50', 1, 1),
(4093, 8, 53, 167, 149, '', -1, '2012-05-07 12:58:58', 1, 1),
(4094, 8, 53, 169, 149, '', 1, '2012-05-07 12:59:03', 1, 1),
(4095, 8, 53, 172, 149, '', 1, '2012-05-07 12:59:16', 1, 1),
(4096, 8, 53, 173, 149, '', -1, '2012-05-07 12:59:32', 1, 1),
(4097, 8, 53, 174, 149, '', 1, '2012-05-07 12:59:36', 1, 1),
(4098, 8, 53, 175, 149, '', 1, '2012-05-07 12:59:39', 1, 1),
(4099, 8, 53, 176, 149, '', 1, '2012-05-07 12:59:44', 1, 1),
(4100, 8, 53, 181, 149, '', 1, '2012-05-07 12:59:46', 1, 1),
(4101, 8, 53, 184, 149, '', 1, '2012-05-07 12:59:50', 1, 1),
(4102, 8, 53, 185, 149, '', 1, '2012-05-07 12:59:54', 1, 1),
(4103, 8, 53, 189, 149, '', 1, '2012-05-07 13:00:04', 1, 1),
(4104, 8, 53, 192, 149, '', 1, '2012-05-07 13:00:17', 1, 1),
(4105, 8, 53, 195, 149, '', 1, '2012-05-07 13:00:21', 1, 1),
(4106, 8, 53, 197, 149, '', 1, '2012-05-07 13:00:26', 1, 1),
(4107, 8, 53, 202, 149, '', 1, '2012-05-07 13:01:12', 1, 1),
(4108, 8, 53, 208, 149, '', 1, '2012-05-07 13:01:24', 1, 1),
(4109, 8, 53, 209, 149, '', 1, '2012-05-07 13:01:31', 1, 1),
(4111, 8, 53, 210, 149, '', -1, '2012-05-07 13:01:40', 1, 1),
(4112, 8, 53, 214, 149, '', 1, '2012-05-07 13:01:50', 1, 1),
(4113, 8, 53, 218, 149, '', 1, '2012-05-07 13:01:55', 1, 1),
(4114, 8, 53, 219, 149, '', 1, '2012-05-07 13:02:00', 1, 1),
(4115, 8, 53, 221, 149, '', 1, '2012-05-07 13:02:02', 1, 1),
(4116, 8, 53, 223, 149, '', 1, '2012-05-07 13:02:08', 1, 1),
(4117, 8, 53, 232, 149, '', 1, '2012-05-07 13:02:19', 1, 1),
(4118, 8, 53, 233, 149, '', 1, '2012-05-07 13:02:21', 1, 1),
(4119, 8, 53, 236, 149, '', 1, '2012-05-07 13:02:26', 1, 1),
(4120, 8, 53, 239, 149, '', 1, '2012-05-07 13:02:28', 1, 1),
(4121, 8, 53, 244, 149, '', 1, '2012-05-07 13:02:39', 1, 1),
(4122, 8, 53, 249, 149, '', 1, '2012-05-07 13:02:54', 1, 1),
(4123, 8, 53, 251, 149, '', 1, '2012-05-07 13:03:01', 1, 1),
(4124, 8, 60, 239, 108, '', 1, '2012-05-07 13:12:12', 1, 1),
(4125, 8, 60, 239, 146, '', 1, '2012-05-07 13:13:40', 1, 1),
(4126, 8, 60, 239, 148, '', 1, '2012-05-07 13:14:44', 1, 1),
(4127, 8, 60, 148, 239, '', 1, '2012-05-07 13:14:54', 1, 1),
(4128, 8, 60, 239, 149, '', 1, '2012-05-07 13:15:36', 1, 1),
(4129, 8, 60, 239, 159, '', 1, '2012-05-07 13:15:49', 1, 1),
(4130, 8, 60, 239, 166, '', 1, '2012-05-07 13:17:06', 1, 1),
(4131, 8, 60, 239, 167, '', 1, '2012-05-07 13:17:22', 1, 1),
(4132, 8, 60, 239, 169, 'Any of this things like people being able to do more because of more bandwith are mostly one way relationships.  but I suppose that people could, as a result of have more access to data, clamor for more and more bandwith', 1, '2012-05-07 13:17:28', 1, 1),
(4133, 8, 60, 239, 175, '', -9, '0000-00-00 00:00:00', 1, 1),
(4134, 8, 60, 239, 185, '', 1, '2012-05-07 13:20:19', 1, 1),
(4135, 8, 60, 239, 184, '', 1, '2012-05-07 13:20:27', 1, 1),
(4136, 8, 60, 239, 188, '', 1, '2012-05-07 13:21:12', 1, 1),
(4137, 8, 60, 239, 191, '', 1, '2012-05-07 13:21:42', 1, 1),
(4138, 8, 60, 239, 197, '', 1, '2012-05-07 13:22:04', 1, 1),
(4139, 8, 60, 239, 195, '', 1, '2012-05-07 13:22:08', 1, 1),
(4140, 8, 60, 239, 200, '', 1, '2012-05-07 13:22:15', 1, 1),
(4141, 8, 60, 239, 202, '', 1, '2012-05-07 13:22:32', 1, 1),
(4142, 8, 60, 239, 209, '', 1, '2012-05-07 13:23:14', 1, 1),
(4143, 8, 60, 239, 213, '', 1, '2012-05-07 13:23:36', 1, 1),
(4144, 8, 60, 239, 214, '', 1, '2012-05-07 13:23:45', 1, 1),
(4145, 8, 60, 239, 218, '', 1, '2012-05-07 13:23:52', 1, 1),
(4146, 8, 60, 239, 219, '', 1, '2012-05-07 13:23:58', 1, 1),
(4147, 8, 60, 239, 229, '', 1, '2012-05-07 13:24:12', 1, 1),
(4148, 8, 53, 81, 161, '', 1, '2012-05-07 13:28:51', 1, 1),
(4149, 8, 53, 85, 161, '', 1, '2012-05-07 13:28:56', 1, 1),
(4150, 8, 53, 86, 161, '', 1, '2012-05-07 13:28:58', 1, 1),
(4151, 8, 53, 104, 161, '', 1, '2012-05-07 13:29:18', 1, 1),
(4152, 8, 53, 161, 107, '', 1, '2012-05-07 13:29:34', 1, 1),
(4153, 8, 53, 108, 161, '', 1, '2012-05-07 13:29:52', 1, 1),
(4154, 8, 53, 111, 161, '', 1, '2012-05-07 13:29:54', 1, 1),
(4155, 8, 53, 121, 161, '', 1, '2012-05-07 13:30:03', 1, 1),
(4156, 8, 53, 161, 122, '', 1, '2012-05-07 13:30:08', 1, 1),
(4157, 8, 53, 133, 161, '', 1, '2012-05-07 13:30:20', 1, 1),
(4158, 8, 53, 138, 161, '', 1, '2012-05-07 13:30:24', 1, 1),
(4159, 8, 53, 139, 161, '', 1, '2012-05-07 13:30:26', 1, 1),
(4160, 8, 53, 159, 161, '', 1, '2012-05-07 13:30:48', 1, 1),
(4161, 8, 53, 162, 161, '', 1, '2012-05-07 13:30:54', 1, 1),
(4162, 8, 53, 163, 161, '', 1, '2012-05-07 13:30:58', 1, 1),
(4163, 8, 53, 166, 161, '', 1, '2012-05-07 13:31:04', 1, 1),
(4164, 8, 53, 167, 161, '', 1, '2012-05-07 13:31:07', 1, 1),
(4165, 8, 53, 169, 161, '', 1, '2012-05-07 13:31:11', 1, 1),
(4166, 8, 53, 173, 161, '', 1, '2012-05-07 13:31:19', 1, 1),
(4167, 8, 53, 175, 161, '', 1, '2012-05-07 13:31:27', 1, 1),
(4168, 8, 53, 181, 161, '', 1, '2012-05-07 13:31:31', 1, 1),
(4169, 8, 53, 184, 161, '', 1, '2012-05-07 13:31:39', 1, 1),
(4170, 8, 53, 185, 161, '', 1, '2012-05-07 13:31:47', 1, 1),
(4171, 8, 53, 186, 161, '', 1, '2012-05-07 13:31:48', 1, 1),
(4172, 8, 53, 188, 161, '', 1, '2012-05-07 13:31:54', 1, 1),
(4173, 8, 53, 192, 161, '', 1, '2012-05-07 13:32:07', 1, 1),
(4174, 8, 53, 193, 161, '', 1, '2012-05-07 13:32:09', 1, 1),
(4175, 8, 53, 200, 161, '', 1, '2012-05-07 13:32:20', 1, 1),
(4176, 8, 53, 203, 161, '', 1, '2012-05-07 13:32:29', 1, 1),
(4177, 8, 60, 218, 85, '', 1, '2012-05-07 13:32:50', 1, 1),
(4178, 8, 60, 85, 218, '', 1, '2012-05-07 13:32:43', 1, 1),
(4179, 8, 53, 210, 161, '', -1, '2012-05-07 13:32:51', 1, 1),
(4180, 8, 53, 213, 161, '', 1, '2012-05-07 13:32:58', 1, 1),
(4181, 8, 53, 161, 219, '', 1, '2012-05-07 13:33:11', 1, 1),
(4182, 8, 53, 161, 218, '', 1, '2012-05-07 13:33:15', 1, 1),
(4183, 8, 53, 223, 161, '', 1, '2012-05-07 13:33:21', 1, 1),
(4184, 8, 53, 227, 161, '', 1, '2012-05-07 13:33:26', 1, 1),
(4185, 8, 53, 230, 161, '', 1, '2012-05-07 13:33:35', 1, 1),
(4186, 8, 53, 242, 161, '', 1, '2012-05-07 13:33:52', 1, 1),
(4187, 8, 53, 243, 161, '', 1, '2012-05-07 13:33:54', 1, 1),
(4188, 8, 53, 247, 161, '', 1, '2012-05-07 13:34:11', 1, 1),
(4189, 8, 53, 249, 161, '', 1, '2012-05-07 13:34:17', 1, 1),
(4190, 8, 53, 250, 161, '', 1, '2012-05-07 13:34:22', 1, 1),
(4191, 8, 53, 251, 161, '', 1, '2012-05-07 13:34:25', 1, 1),
(4192, 8, 53, 161, 252, '', 1, '2012-05-07 13:34:31', 1, 1),
(4194, 8, 53, 190, 85, '', 1, '2012-05-07 13:35:49', 1, 1),
(4195, 8, 53, 85, 190, '', 1, '2012-05-07 13:35:50', 1, 1),
(4196, 8, 53, 190, 86, '', 1, '2012-05-07 13:35:58', 1, 1),
(4197, 8, 53, 86, 190, '', 1, '2012-05-07 13:36:00', 1, 1),
(4198, 8, 53, 190, 96, '', 1, '2012-05-07 13:36:10', 1, 1),
(4199, 8, 53, 190, 104, '', 1, '2012-05-07 13:36:25', 1, 1),
(4200, 8, 53, 104, 190, '', 1, '2012-05-07 13:36:26', 1, 1),
(4201, 8, 53, 107, 190, '', 1, '2012-05-07 13:36:35', 1, 1),
(4202, 8, 53, 190, 120, '', 1, '2012-05-07 13:36:49', 1, 1),
(4203, 8, 53, 120, 190, '', 1, '2012-05-07 13:36:50', 1, 1),
(4204, 8, 30, 221, 81, '', 1, '2012-05-07 13:38:08', 1, 1),
(4205, 8, 30, 81, 221, '', 1, '2012-05-07 13:38:10', 1, 1),
(4206, 8, 30, 85, 221, '', 1, '2012-05-07 13:38:33', 1, 1),
(4207, 8, 30, 86, 221, '', 1, '2012-05-07 13:39:21', 1, 1),
(4208, 8, 30, 90, 221, '', 1, '2012-05-07 13:39:30', 1, 1),
(4211, 8, 30, 101, 221, '', 1, '2012-05-07 13:41:42', 1, 1),
(4212, 8, 53, 131, 190, '', -1, '2012-05-07 13:43:21', 1, 1),
(4213, 8, 53, 138, 190, '', 1, '2012-05-07 13:43:31', 1, 1),
(4214, 8, 53, 167, 190, '', 1, '2012-05-07 13:44:02', 1, 1),
(4215, 8, 53, 169, 190, '', 1, '2012-05-07 13:44:09', 1, 1),
(4216, 8, 53, 172, 190, '', 1, '2012-05-07 13:44:17', 1, 1),
(4217, 8, 53, 175, 190, '', 1, '2012-05-07 13:44:31', 1, 1),
(4218, 8, 53, 189, 190, '', 1, '2012-05-07 13:45:01', 1, 1),
(4219, 8, 53, 200, 190, '', 1, '2012-05-07 13:45:16', 1, 1),
(4221, 8, 53, 190, 205, '', 1, '2012-05-07 13:45:42', 1, 1),
(4222, 8, 53, 205, 190, '', 1, '2012-05-07 13:45:43', 1, 1),
(4223, 8, 53, 210, 190, '', -1, '2012-05-07 13:46:04', 1, 1),
(4224, 8, 53, 213, 190, '', 1, '2012-05-07 13:46:11', 1, 1),
(4225, 8, 53, 214, 190, '', 1, '2012-05-07 13:46:15', 1, 1),
(4226, 8, 53, 218, 190, '', 1, '2012-05-07 13:46:20', 1, 1),
(4227, 8, 53, 233, 190, '', 1, '2012-05-07 13:46:37', 1, 1),
(4228, 8, 53, 236, 190, '', 1, '2012-05-07 13:46:42', 1, 1),
(4230, 8, 53, 190, 241, '', 1, '2012-05-07 13:46:50', 1, 1),
(4231, 8, 53, 241, 190, '', 1, '2012-05-07 13:46:51', 1, 1),
(4232, 8, 53, 243, 190, '', -1, '2012-05-07 13:47:03', 1, 1),
(4233, 8, 53, 245, 190, '', 1, '2012-05-07 13:47:11', 1, 1),
(4234, 8, 53, 244, 190, '', 1, '2012-05-07 13:47:10', 1, 1),
(4235, 8, 53, 246, 190, '', 1, '2012-05-07 13:47:18', 1, 1),
(4236, 8, 53, 250, 190, '', 1, '2012-05-07 13:47:30', 1, 1),
(4237, 8, 53, 252, 190, '', 1, '2012-05-07 13:47:39', 1, 1),
(4238, 8, 30, 102, 221, '', 1, '2012-05-07 13:50:29', 1, 1),
(4240, 8, 30, 221, 108, '', 1, '2012-05-07 13:50:54', 1, 1),
(4241, 8, 30, 108, 221, '', 1, '2012-05-07 13:50:56', 1, 1),
(4242, 8, 30, 221, 107, '', 1, '2012-05-07 13:51:00', 1, 1),
(4243, 8, 30, 107, 221, '', 1, '2012-05-07 13:51:02', 1, 1),
(4245, 8, 30, 221, 122, '', 1, '2012-05-07 13:51:28', 1, 1),
(4246, 8, 30, 122, 221, '', 1, '2012-05-07 13:51:30', 1, 1),
(4247, 8, 30, 123, 221, '', 1, '2012-05-07 13:53:01', 1, 1),
(4248, 8, 30, 221, 132, '', 1, '2012-05-07 13:53:24', 1, 1),
(4249, 8, 30, 96, 221, '', 1, '2012-05-07 13:54:01', 1, 1),
(4250, 8, 30, 99, 221, '', 1, '2012-05-07 13:54:34', 1, 1),
(4251, 8, 30, 221, 138, '', 1, '2012-05-07 13:55:16', 1, 1),
(4252, 8, 30, 139, 221, '', 1, '2012-05-07 13:55:22', 1, 1),
(4253, 8, 30, 142, 221, '', -1, '2012-05-07 13:55:42', 1, 1),
(4254, 8, 30, 221, 146, '', 1, '2012-05-07 13:55:55', 1, 1),
(4255, 8, 30, 148, 221, '', 1, '2012-05-07 13:56:00', 1, 1),
(4256, 8, 30, 221, 149, '', 1, '2012-05-07 13:56:17', 1, 1),
(4257, 8, 30, 221, 156, '', -1, '2012-05-07 13:56:26', 1, 1),
(4258, 8, 30, 221, 161, '', 1, '2012-05-07 13:56:46', 1, 1),
(4259, 8, 30, 221, 162, '', 1, '2012-05-07 13:57:05', 1, 1),
(4260, 8, 30, 221, 169, '', 1, '2012-05-07 13:57:24', 1, 1),
(4261, 8, 30, 175, 221, '', 1, '2012-05-07 13:57:55', 1, 1),
(4262, 8, 30, 221, 181, '', 1, '2012-05-07 13:58:10', 1, 1),
(4263, 8, 30, 181, 221, '', 1, '2012-05-07 13:58:11', 1, 1),
(4264, 8, 30, 184, 221, '', 1, '2012-05-07 13:58:19', 1, 1),
(4265, 8, 30, 186, 221, '', 1, '2012-05-07 13:58:28', 1, 1),
(4266, 8, 30, 190, 221, '', 1, '2012-05-07 13:58:50', 1, 1),
(4267, 8, 30, 221, 193, '', 1, '2012-05-07 13:59:56', 1, 1),
(4269, 8, 30, 202, 221, '', 1, '2012-05-07 14:00:57', 1, 1),
(4270, 8, 30, 209, 221, '', 1, '2012-05-07 14:02:02', 1, 1),
(4271, 8, 30, 221, 210, '', -1, '2012-05-07 14:02:15', 1, 1),
(4272, 8, 30, 227, 221, '', 1, '2012-05-07 14:02:50', 1, 1),
(4273, 8, 30, 221, 230, '', 1, '2012-05-07 14:03:09', 1, 1),
(4274, 8, 30, 230, 221, '', 1, '2012-05-07 14:03:10', 1, 1),
(4275, 8, 30, 242, 221, '', 1, '2012-05-07 14:03:33', 1, 1),
(4276, 8, 30, 221, 243, '', 1, '2012-05-07 14:03:42', 1, 1),
(4277, 8, 30, 221, 244, '', 1, '2012-05-07 14:03:49', 1, 1),
(4278, 8, 30, 221, 246, '', 1, '2012-05-07 14:04:05', 1, 1),
(4279, 8, 30, 221, 247, '', 1, '2012-05-07 14:04:12', 1, 1),
(4280, 8, 30, 221, 250, '', 1, '2012-05-07 14:04:28', 1, 1),
(4281, 8, 30, 233, 174, '', 1, '2012-05-07 14:06:10', 1, 1),
(4282, 8, 58, 102, 81, '', 1, '2012-05-07 14:38:34', 1, 1),
(4283, 8, 58, 102, 86, '', 1, '2012-05-07 14:38:55', 1, 1),
(4284, 8, 58, 90, 102, '', 1, '2012-05-07 14:38:59', 1, 1),
(4285, 8, 58, 96, 102, '', 1, '2012-05-07 14:39:10', 1, 1),
(4286, 8, 58, 99, 102, '', 1, '2012-05-07 14:39:22', 1, 1),
(4287, 8, 58, 102, 104, '', 1, '2012-05-07 14:39:40', 1, 1),
(4288, 8, 58, 104, 102, '', 1, '2012-05-07 14:39:41', 1, 1),
(4289, 8, 58, 102, 107, '', 1, '2012-05-07 14:39:49', 1, 1),
(4290, 8, 58, 102, 122, '', 1, '2012-05-07 14:40:10', 1, 1),
(4291, 8, 58, 132, 102, '', 1, '2012-05-07 14:40:23', 1, 1),
(4292, 8, 58, 134, 102, '', 1, '2012-05-07 14:40:35', 1, 1),
(4293, 8, 58, 102, 138, '', 1, '2012-05-07 14:40:38', 1, 1),
(4294, 8, 58, 102, 144, '', 1, '2012-05-07 14:40:47', 1, 1),
(4295, 8, 58, 159, 102, '', 1, '2012-05-07 14:41:08', 1, 1),
(4296, 8, 58, 102, 161, '', 1, '2012-05-07 14:41:18', 1, 1),
(4297, 8, 58, 102, 163, '', 1, '2012-05-07 14:41:31', 1, 1),
(4298, 8, 58, 102, 166, '', 1, '2012-05-07 14:41:36', 1, 1),
(4299, 8, 58, 167, 102, '', 1, '2012-05-07 14:41:40', 1, 1),
(4300, 8, 58, 102, 169, '', 1, '2012-05-07 14:41:56', 1, 1),
(4301, 8, 58, 102, 174, '', 1, '2012-05-07 14:42:09', 1, 1),
(4302, 8, 58, 102, 175, '', 1, '2012-05-07 14:42:14', 1, 1),
(4303, 8, 58, 181, 102, '', 1, '2012-05-07 14:42:20', 1, 1),
(4304, 8, 58, 185, 102, '', 1, '2012-05-07 14:42:30', 1, 1),
(4305, 8, 58, 102, 189, '', 1, '2012-05-07 14:42:52', 1, 1),
(4306, 8, 58, 188, 102, '', 1, '2012-05-07 14:42:58', 1, 1),
(4307, 8, 58, 102, 190, '', 1, '2012-05-07 14:43:06', 1, 1),
(4308, 8, 58, 102, 191, '', 1, '2012-05-07 14:43:15', 1, 1),
(4309, 8, 58, 102, 192, '', 1, '2012-05-07 14:43:29', 1, 1),
(4310, 8, 58, 102, 193, '', 1, '2012-05-07 14:43:36', 1, 1),
(4311, 8, 58, 193, 102, '', 1, '2012-05-07 14:43:38', 1, 1),
(4312, 8, 58, 200, 102, '', 1, '2012-05-07 14:43:51', 1, 1),
(4313, 8, 58, 102, 209, '', 1, '2012-05-07 14:44:06', 1, 1),
(4314, 8, 58, 210, 102, '', -1, '2012-05-07 14:44:21', 1, 1),
(4315, 8, 58, 211, 102, '', 1, '2012-05-07 14:44:28', 1, 1),
(4316, 8, 58, 213, 102, '', 1, '2012-05-07 14:44:51', 1, 1),
(4317, 8, 58, 102, 218, '', 1, '2012-05-07 14:44:59', 1, 1),
(4318, 8, 58, 102, 219, '', 1, '2012-05-07 14:45:03', 1, 1),
(4319, 8, 58, 221, 102, '', 1, '2012-05-07 14:45:10', 1, 1),
(4321, 8, 58, 102, 229, '', 1, '2012-05-07 14:45:29', 1, 1),
(4322, 8, 58, 229, 102, '', 1, '2012-05-07 14:45:30', 1, 1),
(4323, 8, 58, 233, 102, '', 1, '2012-05-07 14:45:44', 1, 1),
(4324, 8, 58, 236, 102, '', 1, '2012-05-07 14:45:51', 1, 1),
(4325, 8, 58, 102, 245, '', 1, '2012-05-07 14:46:02', 1, 1),
(4327, 8, 58, 102, 246, '', 1, '2012-05-07 14:46:13', 1, 1),
(4328, 8, 58, 246, 102, '', 1, '2012-05-07 14:46:14', 1, 1),
(4330, 8, 58, 248, 102, '', 1, '2012-05-07 14:46:27', 1, 1),
(4331, 8, 58, 247, 102, '', 1, '2012-05-07 14:46:29', 1, 1),
(4332, 8, 58, 102, 249, '', 1, '2012-05-07 14:46:55', 1, 1),
(4333, 8, 58, 250, 102, '', 1, '2012-05-07 14:47:01', 1, 1),
(4334, 8, 58, 251, 102, '', 1, '2012-05-07 14:47:06', 1, 1),
(4335, 8, 58, 175, 81, '', 1, '2012-05-07 14:47:39', 1, 1),
(4336, 8, 58, 81, 175, '', 1, '2012-05-07 14:47:41', 1, 1),
(4337, 8, 58, 85, 175, '', 1, '2012-05-07 14:47:53', 1, 1),
(4338, 8, 58, 86, 175, '', 1, '2012-05-07 14:48:13', 1, 1),
(4339, 8, 58, 90, 175, '', 1, '2012-05-07 14:48:16', 1, 1),
(4341, 8, 58, 99, 175, '', 1, '2012-05-07 14:48:32', 1, 1),
(4342, 8, 58, 101, 175, '', 1, '2012-05-07 14:48:35', 1, 1),
(4343, 8, 58, 175, 107, '', 1, '2012-05-07 14:48:48', 1, 1),
(4344, 8, 58, 175, 108, '', 1, '2012-05-07 14:49:31', 1, 1),
(4345, 8, 58, 120, 175, '', 1, '2012-05-07 14:49:37', 1, 1),
(4346, 8, 58, 121, 175, '', 1, '2012-05-07 14:49:47', 1, 1),
(4347, 8, 58, 131, 175, '', 1, '2012-05-07 14:49:55', 1, 1),
(4348, 8, 58, 132, 175, '', 1, '2012-05-07 14:49:58', 1, 1),
(4349, 8, 58, 134, 175, '', 1, '2012-05-07 14:50:05', 1, 1),
(4350, 8, 58, 139, 175, '', 1, '2012-05-07 14:50:16', 1, 1),
(4351, 8, 58, 175, 144, '', 1, '2012-05-07 14:50:22', 1, 1),
(4352, 8, 58, 148, 175, '', 1, '2012-05-07 14:50:31', 1, 1),
(4353, 8, 58, 175, 156, '', 1, '2012-05-07 14:50:48', 1, 1),
(4354, 8, 58, 175, 149, '', 1, '2012-05-07 14:50:59', 1, 1),
(4355, 8, 58, 159, 175, '', 1, '2012-05-07 14:51:04', 1, 1),
(4356, 8, 58, 175, 161, '', 1, '2012-05-07 14:51:09', 1, 1),
(4357, 8, 58, 175, 163, '', 1, '2012-05-07 14:51:16', 1, 1),
(4358, 8, 58, 175, 166, '', 1, '2012-05-07 14:51:23', 1, 1),
(4359, 8, 58, 167, 175, '', 1, '2012-05-07 14:51:28', 1, 1),
(4360, 8, 58, 175, 169, '', 1, '2012-05-07 14:51:34', 1, 1),
(4361, 8, 58, 172, 175, '', 1, '2012-05-07 14:51:43', 1, 1),
(4362, 8, 58, 173, 175, '', -1, '2012-05-07 14:51:52', 1, 1),
(4363, 8, 58, 176, 175, '', 1, '2012-05-07 14:52:11', 1, 1),
(4364, 8, 58, 181, 175, '', 1, '2012-05-07 14:52:14', 1, 1),
(4365, 8, 58, 188, 175, '', 1, '2012-05-07 14:52:23', 1, 1),
(4366, 8, 58, 175, 189, '', 1, '2012-05-07 14:52:26', 1, 1),
(4367, 8, 58, 175, 190, '', 1, '2012-05-07 14:52:30', 1, 1),
(4368, 8, 58, 175, 191, '', 1, '2012-05-07 14:52:42', 1, 1),
(4369, 8, 58, 200, 175, '', 1, '2012-05-07 14:52:55', 1, 1),
(4371, 8, 58, 203, 175, '', 1, '2012-05-07 14:53:10', 1, 1),
(4372, 8, 58, 175, 205, '', 1, '2012-05-07 14:53:18', 1, 1),
(4373, 8, 58, 175, 209, '', 1, '2012-05-07 14:53:34', 1, 1),
(4374, 8, 58, 211, 175, '', 1, '2012-05-07 14:53:43', 1, 1),
(4375, 8, 58, 175, 213, '', 1, '2012-05-07 14:53:49', 1, 1),
(4376, 8, 58, 213, 175, '', 1, '2012-05-07 14:53:50', 1, 1),
(4377, 8, 58, 175, 219, '', 1, '2012-05-07 14:53:57', 1, 1),
(4378, 8, 58, 223, 175, '', 1, '2012-05-07 14:54:08', 1, 1),
(4379, 8, 58, 175, 229, '', 1, '2012-05-07 14:54:17', 1, 1),
(4380, 8, 58, 230, 175, '', 1, '2012-05-07 14:54:25', 1, 1),
(4381, 8, 58, 236, 175, '', 1, '2012-05-07 14:54:48', 1, 1),
(4382, 8, 58, 239, 175, '', 1, '2012-05-07 14:55:01', 1, 1),
(4383, 8, 58, 243, 175, '', 1, '2012-05-07 14:55:13', 1, 1),
(4384, 8, 58, 244, 175, '', 1, '2012-05-07 14:55:18', 1, 1),
(4385, 8, 58, 245, 175, '', 1, '2012-05-07 14:55:22', 1, 1),
(4386, 8, 58, 246, 175, '', 1, '2012-05-07 14:55:26', 1, 1),
(4387, 8, 58, 247, 175, '', 1, '2012-05-07 14:55:32', 1, 1),
(4388, 8, 58, 248, 175, '', 1, '2012-05-07 14:55:34', 1, 1),
(4389, 8, 58, 175, 249, '', 1, '2012-05-07 14:55:44', 1, 1),
(4390, 8, 58, 250, 175, '', 1, '2012-05-07 14:55:50', 1, 1),
(4391, 8, 58, 251, 175, '', 1, '2012-05-07 14:55:53', 1, 1),
(4392, 8, 53, 203, 81, '', 1, '2012-05-07 15:10:18', 1, 1),
(4393, 8, 53, 81, 203, '', 1, '2012-05-07 15:10:20', 1, 1),
(4394, 8, 53, 203, 96, '', 1, '2012-05-07 15:16:18', 1, 1),
(4395, 8, 71, 96, 138, '', 1, '2012-05-07 15:20:58', 1, 1),
(4396, 8, 71, 138, 96, '', 1, '2012-05-07 15:21:00', 1, 1),
(4397, 8, 71, 134, 96, '', 1, '2012-05-07 15:21:13', 1, 1),
(4398, 8, 71, 133, 96, '', 1, '2012-05-07 15:21:32', 1, 1),
(4399, 8, 71, 96, 142, '', 1, '2012-05-07 15:21:40', 1, 1),
(4400, 8, 71, 96, 146, '', 1, '2012-05-07 15:21:44', 1, 1),
(4401, 8, 71, 148, 96, '', 1, '2012-05-07 15:22:02', 1, 1),
(4402, 8, 71, 96, 149, '', 1, '2012-05-07 15:22:24', 1, 1),
(4403, 8, 71, 156, 96, '', 1, '2012-05-07 15:22:26', 1, 1),
(4404, 8, 53, 121, 203, '', 1, '2012-05-07 15:22:34', 1, 1),
(4405, 8, 71, 159, 96, '', 1, '2012-05-07 15:22:35', 1, 1),
(4406, 8, 71, 96, 161, '', 1, '2012-05-07 15:22:40', 1, 1),
(4407, 8, 53, 85, 203, '', 1, '2012-05-07 15:22:57', 1, 1),
(4408, 8, 71, 96, 163, '', 1, '2012-05-07 15:23:04', 1, 1),
(4409, 8, 71, 163, 96, '', 1, '2012-05-07 15:23:04', 1, 1),
(4410, 8, 53, 131, 203, '', 1, '2012-05-07 15:23:08', 1, 1),
(4411, 8, 71, 166, 96, '', 1, '2012-05-07 15:23:23', 1, 1),
(4413, 8, 53, 132, 203, '', 1, '2012-05-07 15:24:03', 1, 1),
(4414, 8, 53, 144, 203, '', 1, '2012-05-07 15:24:18', 1, 1),
(4415, 8, 53, 156, 203, '', 1, '2012-05-07 15:24:33', 1, 1),
(4416, 8, 71, 181, 96, '', 1, '2012-05-07 15:24:34', 1, 1),
(4417, 8, 53, 162, 203, '', 1, '2012-05-07 15:24:57', 1, 1),
(4418, 8, 53, 172, 203, '', 1, '2012-05-07 15:25:09', 1, 1),
(4419, 8, 53, 175, 203, '', 1, '2012-05-07 15:25:25', 1, 1),
(4420, 8, 53, 184, 203, '', 1, '2012-05-07 15:25:33', 1, 1),
(4421, 8, 53, 186, 203, '', 1, '2012-05-07 15:25:43', 1, 1),
(4422, 8, 53, 188, 203, '', 1, '2012-05-07 15:25:47', 1, 1),
(4424, 8, 53, 191, 203, '', 1, '2012-05-07 15:26:37', 1, 1),
(4425, 8, 53, 192, 203, '', 1, '2012-05-07 15:26:41', 1, 1),
(4426, 8, 53, 202, 203, '', 1, '2012-05-07 15:26:52', 1, 1),
(4427, 8, 53, 210, 203, '', -1, '2012-05-07 15:27:11', 1, 1),
(4428, 8, 71, 188, 96, '', 1, '2012-05-07 15:27:16', 1, 1),
(4429, 8, 53, 213, 203, '', 1, '2012-05-07 15:27:20', 1, 1),
(4431, 8, 71, 96, 189, '', 1, '2012-05-07 15:27:29', 1, 1),
(4432, 8, 71, 189, 96, '', 1, '2012-05-07 15:27:31', 1, 1),
(4433, 8, 71, 190, 96, '', 1, '2012-05-07 15:28:01', 1, 1),
(4435, 8, 71, 192, 96, '', 1, '2012-05-07 15:28:38', 1, 1),
(4436, 8, 71, 193, 96, '', -1, '2012-05-07 15:28:41', 1, 1),
(4437, 8, 53, 223, 203, '', 1, '2012-05-07 15:28:53', 1, 1),
(4438, 8, 53, 241, 203, '', 1, '2012-05-07 15:29:17', 1, 1),
(4439, 8, 71, 205, 96, '', 1, '2012-05-07 15:29:18', 1, 1),
(4440, 8, 53, 242, 203, '', 1, '2012-05-07 15:29:23', 1, 1),
(4442, 8, 53, 203, 243, '', 1, '2012-05-07 15:29:29', 1, 1),
(4443, 8, 53, 243, 203, '', 1, '2012-05-07 15:29:31', 1, 1),
(4444, 8, 71, 208, 96, '', 1, '2012-05-07 15:29:32', 1, 1),
(4446, 8, 53, 245, 203, '', 1, '2012-05-07 15:29:41', 1, 1),
(4447, 8, 53, 247, 203, '', 1, '2012-05-07 15:29:47', 1, 1),
(4448, 8, 53, 248, 203, '', 1, '2012-05-07 15:29:52', 1, 1),
(4449, 8, 71, 96, 209, '', 1, '2012-05-07 15:29:54', 1, 1),
(4450, 8, 71, 209, 96, '', -1, '2012-05-07 15:29:56', 1, 1),
(4452, 8, 53, 203, 249, '', 1, '2012-05-07 15:29:58', 1, 1),
(4453, 8, 53, 249, 203, '', 1, '2012-05-07 15:29:59', 1, 1),
(4454, 8, 53, 203, 250, '', 1, '2012-05-07 15:30:06', 1, 1),
(4455, 8, 53, 250, 203, '', 1, '2012-05-07 15:30:07', 1, 1),
(4456, 8, 71, 213, 96, '', 1, '2012-05-07 15:30:11', 1, 1),
(4457, 8, 53, 203, 252, '', 1, '2012-05-07 15:30:16', 1, 1),
(4458, 8, 53, 252, 203, '', 1, '2012-05-07 15:30:18', 1, 1),
(4460, 8, 53, 203, 254, '', 1, '2012-05-07 15:30:29', 1, 1),
(4461, 8, 71, 96, 218, '', 1, '2012-05-07 15:30:38', 1, 1),
(4462, 8, 71, 218, 96, '', 1, '2012-05-07 15:30:39', 1, 1),
(4463, 8, 71, 219, 96, '', 1, '2012-05-07 15:30:54', 1, 1),
(4464, 8, 71, 223, 96, '', 1, '2012-05-07 15:31:07', 1, 1),
(4465, 8, 71, 229, 96, '', -9, '0000-00-00 00:00:00', 1, 1),
(4466, 8, 71, 230, 96, '', 1, '2012-05-07 15:31:21', 1, 1),
(4467, 8, 71, 236, 96, '', 1, '2012-05-07 15:31:51', 1, 1),
(4468, 8, 71, 233, 96, '', 1, '2012-05-07 15:31:54', 1, 1),
(4469, 8, 71, 232, 96, '', 1, '2012-05-07 15:32:01', 1, 1),
(4470, 8, 71, 96, 242, '', -1, '2012-05-07 15:32:11', 1, 1),
(4471, 8, 71, 241, 96, '', 1, '2012-05-07 15:32:17', 1, 1),
(4479, 8, 71, 96, 239, '', -1, '2012-05-07 15:33:03', 1, 1),
(4480, 8, 71, 239, 96, '', 1, '2012-05-07 15:33:05', 1, 1),
(4481, 8, 71, 245, 96, '', 1, '2012-05-07 15:33:19', 1, 1),
(4482, 8, 71, 250, 96, '', 1, '2012-05-07 15:33:41', 1, 1),
(4483, 8, 71, 248, 96, '', 1, '2012-05-07 15:33:47', 1, 1),
(4484, 8, 71, 249, 96, '', 1, '2012-05-07 15:34:01', 1, 1),
(4485, 8, 71, 81, 111, '', 1, '2012-05-07 15:35:08', 1, 1),
(4486, 8, 53, 252, 81, '', 1, '2012-05-07 15:35:33', 1, 1),
(4487, 8, 53, 81, 252, '', 1, '2012-05-07 15:35:34', 1, 1),
(4488, 8, 53, 252, 85, '', 1, '2012-05-07 15:35:45', 1, 1),
(4489, 8, 53, 85, 252, '', 1, '2012-05-07 15:35:47', 1, 1),
(4490, 8, 53, 86, 252, '', 1, '2012-05-07 15:35:52', 1, 1),
(4491, 8, 71, 111, 86, 'If there are suitable sensors, people can detect whether they have a common problem or not.', 1, '2012-05-07 15:36:07', 1, 1),
(4492, 8, 71, 86, 111, 'Sensors are developed when people have a common problem. The Fukushima Safecast effort is a great example of folks creating novel sensors because they have a problem.', 1, '2012-05-07 15:36:08', 1, 1),
(4493, 8, 53, 90, 252, '', 1, '2012-05-07 15:36:13', 1, 1),
(4494, 8, 53, 99, 252, '', 1, '2012-05-07 15:36:23', 1, 1),
(4495, 8, 53, 107, 252, '', -1, '2012-05-07 15:37:18', 1, 1),
(4496, 8, 53, 121, 252, '', 1, '2012-05-07 15:37:35', 1, 1),
(4497, 8, 71, 111, 96, '', 1, '2012-05-07 15:37:41', 1, 1),
(4498, 8, 71, 111, 102, 'Better sensors provide better meta-data. Particularly when you are talking about software sensors, which are there to determine if a particular context is popping up.', 1, '2012-05-07 15:38:05', 1, 1),
(4499, 8, 53, 111, 252, '', 1, '2012-05-07 15:38:16', 1, 1),
(4500, 8, 53, 131, 252, '', 1, '2012-05-07 15:38:22', 1, 1),
(4502, 8, 53, 252, 144, '', 1, '2012-05-07 15:38:41', 1, 1),
(4503, 8, 53, 144, 252, '', 1, '2012-05-07 15:38:42', 1, 1),
(4504, 8, 71, 111, 104, '', 1, '2012-05-07 15:38:54', 1, 1),
(4505, 8, 53, 156, 252, '', 1, '2012-05-07 15:38:57', 1, 1),
(4506, 8, 71, 111, 107, '', 1, '2012-05-07 15:39:00', 1, 1),
(4507, 8, 53, 163, 252, '', -1, '2012-05-07 15:39:17', 1, 1),
(4508, 8, 71, 111, 108, '', 1, '2012-05-07 15:39:19', 1, 1),
(4509, 8, 53, 167, 252, '', 1, '2012-05-07 15:39:26', 1, 1),
(4510, 8, 71, 120, 111, '', 1, '2012-05-07 15:39:28', 1, 1),
(4511, 8, 53, 169, 252, '', 1, '2012-05-07 15:39:29', 1, 1),
(4513, 8, 53, 172, 252, '', 1, '2012-05-07 15:39:33', 1, 1),
(4514, 8, 53, 181, 252, '', 1, '2012-05-07 15:39:50', 1, 1),
(4515, 8, 53, 184, 252, '', 1, '2012-05-07 15:39:55', 1, 1),
(4516, 8, 53, 252, 191, '', 1, '2012-05-07 15:55:09', 1, 1),
(4517, 8, 53, 191, 252, '', 1, '2012-05-07 15:55:10', 1, 1),
(4518, 8, 53, 252, 202, '', 1, '2012-05-07 15:40:45', 1, 1),
(4519, 8, 53, 202, 252, '', 1, '2012-05-07 15:40:46', 1, 1),
(4521, 8, 53, 252, 230, '', 1, '2012-05-07 15:41:30', 1, 1),
(4522, 8, 71, 111, 133, '', 1, '2012-05-07 15:42:13', 1, 1),
(4523, 8, 71, 111, 138, '', 1, '2012-05-07 15:42:27', 1, 1),
(4524, 8, 71, 111, 142, '', 1, '2012-05-07 15:42:34', 1, 1),
(4525, 8, 71, 111, 146, '', 1, '2012-05-07 15:42:37', 1, 1),
(4526, 8, 71, 111, 149, '', 1, '2012-05-07 15:42:48', 1, 1),
(4527, 8, 71, 111, 156, '', -1, '2012-05-07 15:43:02', 1, 1),
(4528, 8, 71, 111, 161, '', 1, '2012-05-07 15:43:12', 1, 1),
(4529, 8, 71, 111, 162, '', 1, '2012-05-07 15:43:23', 1, 1),
(4530, 8, 53, 243, 252, '', 1, '2012-05-07 15:44:10', 1, 1),
(4531, 8, 71, 111, 163, '', 1, '2012-05-07 15:44:13', 1, 1),
(4532, 8, 53, 245, 252, '', 1, '2012-05-07 15:44:15', 1, 1),
(4533, 8, 71, 111, 166, '', 1, '2012-05-07 15:44:23', 1, 1),
(4534, 8, 53, 252, 247, '', 1, '2012-05-07 15:44:23', 1, 1),
(4535, 8, 53, 247, 252, '', 1, '2012-05-07 15:44:24', 1, 1),
(4536, 8, 53, 252, 248, '', 1, '2012-05-07 15:44:28', 1, 1),
(4537, 8, 53, 248, 252, '', 1, '2012-05-07 15:44:29', 1, 1),
(4538, 8, 53, 252, 250, '', 1, '2012-05-07 15:44:37', 1, 1),
(4539, 8, 53, 250, 252, '', 1, '2012-05-07 15:44:39', 1, 1),
(4541, 8, 71, 111, 188, '', 1, '2012-05-07 15:45:13', 1, 1),
(4542, 8, 71, 111, 189, '', 1, '2012-05-07 15:45:22', 1, 1),
(4543, 8, 53, 254, 81, '', 1, '2012-05-07 15:45:25', 1, 1),
(4544, 8, 53, 81, 254, '', 1, '2012-05-07 15:45:26', 1, 1),
(4545, 8, 71, 111, 190, '', 1, '2012-05-07 15:45:27', 1, 1),
(4546, 8, 53, 254, 86, '', 1, '2012-05-07 15:45:36', 1, 1),
(4547, 8, 53, 254, 90, '', 1, '2012-05-07 15:45:40', 1, 1),
(4548, 8, 53, 90, 254, '', 1, '2012-05-07 15:45:41', 1, 1),
(4549, 8, 71, 111, 209, '', 1, '2012-05-07 15:45:58', 1, 1),
(4550, 8, 71, 111, 219, '', 1, '2012-05-07 15:46:13', 1, 1),
(4551, 8, 71, 111, 218, '', 1, '2012-05-07 15:46:23', 1, 1),
(4552, 8, 71, 111, 253, '', 1, '2012-05-07 15:46:57', 1, 1),
(4553, 8, 71, 111, 254, '', 1, '2012-05-07 15:47:05', 1, 1),
(4556, 8, 53, 99, 254, '', 1, '2012-05-07 15:49:29', 1, 1),
(4557, 8, 53, 254, 104, '', 1, '2012-05-07 15:49:39', 1, 1),
(4558, 8, 53, 104, 254, '', 1, '2012-05-07 15:49:40', 1, 1),
(4559, 8, 53, 254, 144, '', 1, '2012-05-07 15:50:23', 1, 1),
(4560, 8, 53, 144, 254, '', 1, '2012-05-07 15:50:24', 1, 1),
(4561, 8, 53, 159, 254, '', 1, '2012-05-07 15:50:38', 1, 1),
(4562, 8, 53, 254, 166, '', 1, '2012-05-07 15:50:56', 1, 1),
(4563, 8, 53, 254, 173, '', 1, '2012-05-07 15:51:14', 1, 1),
(4564, 8, 53, 189, 254, '', 1, '2012-05-07 15:51:42', 1, 1),
(4565, 8, 53, 221, 254, '', 1, '2012-05-07 15:52:47', 1, 1),
(4566, 8, 53, 254, 242, '', 1, '2012-05-07 15:53:51', 1, 1),
(4567, 8, 73, 210, 81, '', -1, '2012-05-07 16:42:26', 1, 1),
(4568, 8, 73, 210, 104, '', -1, '2012-05-07 16:42:49', 1, 1),
(4569, 8, 73, 210, 131, '', 1, '2012-05-07 16:43:10', 1, 1),
(4571, 8, 73, 210, 174, '', -1, '2012-05-07 16:44:13', 1, 1),
(4572, 8, 73, 86, 193, '', 1, '2012-05-07 16:51:41', 1, 1),
(4573, 8, 73, 193, 142, '', 1, '2012-05-07 16:52:44', 1, 1),
(4574, 8, 73, 193, 156, '', 1, '2012-05-07 16:53:00', 1, 1),
(4575, 8, 73, 174, 193, '', 1, '2012-05-07 16:53:29', 1, 1),
(4576, 8, 73, 193, 191, '', 1, '2012-05-07 16:53:55', 1, 1),
(4577, 8, 73, 193, 210, '', -1, '2012-05-07 16:54:22', 1, 1),
(4578, 8, 73, 210, 193, '', -1, '2012-05-07 16:54:20', 1, 1),
(4580, 8, 61, 230, 81, '', 1, '2012-05-07 17:06:59', 1, 1),
(4581, 8, 61, 81, 230, 'People in the companies as well as their clients shall have more rights to find, see and modify....however companies as such should be more restricted in what they can do (as opposite to what is going on now). I hope I did the linking correctly. ', -1, '2012-05-07 17:07:04', 1, 1),
(4585, 8, 61, 230, 99, '', 1, '2012-05-07 17:10:13', 1, 1),
(4586, 8, 61, 230, 102, '', 1, '2012-05-07 17:10:28', 1, 1),
(4588, 8, 61, 230, 107, '', 1, '2012-05-07 17:10:53', 1, 1),
(4589, 8, 61, 230, 108, '', 1, '2012-05-07 17:11:12', 1, 1),
(4590, 8, 61, 230, 111, '', 1, '2012-05-07 17:11:17', 1, 1),
(4591, 8, 61, 230, 122, '', 1, '2012-05-07 17:11:32', 1, 1),
(4592, 8, 61, 230, 131, '', 1, '2012-05-07 17:12:25', 1, 1),
(4593, 8, 61, 230, 138, '', 1, '2012-05-07 17:12:45', 1, 1),
(4595, 8, 61, 230, 166, '', 1, '2012-05-07 17:14:52', 1, 1),
(4596, 8, 61, 166, 230, '', 1, '2012-05-07 17:14:56', 1, 1),
(4597, 8, 72, 85, 245, '', 1, '2012-05-07 17:14:35', 1, 1),
(4598, 8, 72, 86, 245, '', 1, '2012-05-07 17:14:45', 1, 1),
(4599, 8, 72, 90, 245, '', 1, '2012-05-07 17:14:55', 1, 1),
(4600, 8, 72, 104, 245, '', 1, '2012-05-07 17:15:15', 1, 1),
(4601, 8, 61, 230, 254, '', 1, '2012-05-07 17:15:54', 1, 1),
(4602, 8, 61, 254, 230, '', 1, '2012-05-07 17:15:55', 1, 1),
(4603, 8, 61, 230, 253, '', 1, '2012-05-07 17:15:59', 1, 1),
(4604, 8, 61, 253, 230, '', 1, '2012-05-07 17:16:01', 1, 1),
(4605, 8, 61, 230, 252, '', 1, '2012-05-07 17:16:05', 1, 1),
(4606, 8, 61, 252, 230, '', 1, '2012-05-07 17:16:07', 1, 1),
(4607, 8, 72, 132, 245, '', 1, '2012-05-07 17:16:28', 1, 1),
(4610, 8, 27, 99, 81, '', 1, '2012-05-07 17:16:54', 1, 1),
(4611, 8, 72, 138, 245, '', 1, '2012-05-07 17:16:55', 1, 1),
(4612, 8, 72, 245, 142, '', 1, '2012-05-07 17:17:05', 1, 1),
(4613, 8, 27, 99, 90, '', 1, '2012-05-07 17:17:04', 1, 1),
(4614, 8, 27, 99, 96, '', -1, '2012-05-07 17:17:13', 1, 1),
(4615, 8, 72, 245, 146, '', 1, '2012-05-07 17:17:14', 1, 1),
(4616, 8, 72, 245, 149, '', 1, '2012-05-07 17:17:26', 1, 1),
(4617, 8, 61, 230, 203, '', 1, '2012-05-07 17:17:28', 1, 1),
(4618, 8, 72, 159, 245, '', 1, '2012-05-07 17:17:34', 1, 1),
(4619, 8, 61, 230, 200, '', 1, '2012-05-07 17:17:37', 1, 1),
(4620, 8, 61, 200, 230, '', 1, '2012-05-07 17:17:39', 1, 1),
(4621, 8, 27, 101, 99, '', 1, '2012-05-07 17:17:39', 1, 1),
(4622, 8, 72, 245, 161, '', 1, '2012-05-07 17:17:45', 1, 1),
(4623, 8, 61, 230, 193, '', 1, '2012-05-07 17:17:50', 1, 1),
(4624, 8, 61, 193, 230, '', 1, '2012-05-07 17:17:51', 1, 1),
(4627, 8, 61, 230, 191, '', 1, '2012-05-07 17:18:05', 1, 1),
(4628, 8, 61, 230, 189, '', 1, '2012-05-07 17:18:17', 1, 1),
(4629, 8, 61, 189, 230, '', 1, '2012-05-07 17:18:18', 1, 1),
(4630, 8, 27, 120, 99, '', 1, '2012-05-07 17:18:24', 1, 1),
(4632, 8, 27, 121, 99, '', 1, '2012-05-07 17:18:34', 1, 1),
(4633, 8, 61, 230, 186, '', 1, '2012-05-07 17:18:42', 1, 1),
(4634, 8, 61, 186, 230, '', -1, '2012-05-07 17:18:40', 1, 1),
(4635, 8, 27, 99, 122, '', 1, '2012-05-07 17:19:00', 1, 1),
(4636, 8, 27, 122, 99, '', 1, '2012-05-07 17:18:59', 1, 1),
(4637, 8, 27, 123, 99, '', 1, '2012-05-07 17:19:14', 1, 1),
(4638, 8, 72, 175, 245, '', 1, '2012-05-07 17:20:33', 1, 1),
(4639, 8, 72, 163, 245, '', 1, '2012-05-07 17:21:06', 1, 1),
(4641, 8, 72, 245, 189, '', 1, '2012-05-07 17:21:38', 1, 1),
(4642, 8, 27, 99, 138, '', 1, '2012-05-07 17:21:44', 1, 1),
(4643, 8, 72, 192, 245, '', 1, '2012-05-07 17:21:49', 1, 1),
(4646, 8, 72, 245, 200, '', 1, '2012-05-07 17:22:11', 1, 1),
(4647, 8, 72, 245, 193, '', 1, '2012-05-07 17:22:17', 1, 1),
(4648, 8, 72, 203, 245, '', 1, '2012-05-07 17:22:31', 1, 1),
(4649, 8, 72, 205, 245, '', 1, '2012-05-07 17:22:38', 1, 1),
(4650, 8, 72, 208, 245, '', 1, '2012-05-07 17:22:48', 1, 1),
(4651, 8, 72, 213, 245, '', 1, '2012-05-07 17:22:59', 1, 1),
(4652, 8, 72, 218, 245, '', 1, '2012-05-07 17:23:05', 1, 1),
(4653, 8, 72, 219, 245, '', 1, '2012-05-07 17:23:10', 1, 1),
(4654, 8, 72, 243, 245, '', 1, '2012-05-07 17:23:32', 1, 1),
(4655, 8, 72, 247, 245, '', 1, '2012-05-07 17:23:45', 1, 1),
(4656, 8, 72, 248, 245, '', 1, '2012-05-07 17:23:51', 1, 1),
(4657, 8, 72, 245, 249, '', 1, '2012-05-07 17:23:56', 1, 1),
(4658, 8, 27, 163, 99, '', 1, '2012-05-07 17:24:01', 1, 1),
(4659, 8, 72, 250, 245, '', 1, '2012-05-07 17:24:08', 1, 1),
(4660, 8, 72, 251, 245, '', 1, '2012-05-07 17:24:12', 1, 1),
(4661, 8, 72, 252, 245, '', 1, '2012-05-07 17:24:17', 1, 1),
(4662, 8, 72, 245, 253, '', 1, '2012-05-07 17:24:21', 1, 1),
(4663, 8, 72, 254, 245, '', 1, '2012-05-07 17:24:25', 1, 1),
(4664, 8, 72, 85, 185, '', 1, '2012-05-07 17:25:56', 1, 1),
(4665, 8, 72, 86, 185, '', 1, '2012-05-07 17:26:03', 1, 1),
(4666, 8, 72, 90, 185, '', 1, '2012-05-07 17:26:07', 1, 1),
(4668, 8, 72, 185, 107, '', 1, '2012-05-07 17:26:38', 1, 1),
(4669, 8, 72, 121, 185, '', 1, '2012-05-07 17:26:57', 1, 1),
(4671, 8, 72, 138, 185, '', 1, '2012-05-07 17:27:17', 1, 1),
(4672, 8, 72, 142, 185, '', 1, '2012-05-07 17:27:23', 1, 1),
(4673, 8, 72, 185, 144, '', 1, '2012-05-07 17:27:41', 1, 1),
(4674, 8, 72, 185, 146, '', 1, '2012-05-07 17:27:46', 1, 1),
(4675, 8, 61, 230, 213, '', 1, '2012-05-07 17:27:49', 1, 1),
(4676, 8, 61, 213, 230, '', 1, '2012-05-07 17:27:51', 1, 1),
(4677, 8, 72, 185, 149, '', 1, '2012-05-07 17:27:51', 1, 1),
(4679, 8, 72, 159, 185, '', 1, '2012-05-07 17:28:06', 1, 1),
(4680, 8, 61, 223, 230, '', -1, '2012-05-07 17:28:13', 1, 1),
(4681, 8, 72, 185, 161, '', 1, '2012-05-07 17:28:14', 1, 1),
(4682, 8, 72, 185, 163, '', 1, '2012-05-07 17:28:43', 1, 1),
(4683, 8, 72, 185, 166, '', 1, '2012-05-07 17:28:56', 1, 1),
(4684, 8, 72, 167, 185, '', 1, '2012-05-07 17:29:02', 1, 1),
(4685, 8, 72, 185, 169, '', 1, '2012-05-07 17:29:11', 1, 1),
(4686, 8, 72, 173, 185, '', 1, '2012-05-07 17:29:30', 1, 1),
(4687, 8, 27, 176, 99, '', 1, '2012-05-07 17:29:36', 1, 1),
(4688, 8, 72, 185, 189, '', 1, '2012-05-07 17:29:50', 1, 1),
(4689, 8, 27, 195, 99, '', 1, '2012-05-07 17:29:57', 1, 1),
(4690, 8, 27, 99, 252, '', 1, '2012-05-07 17:30:57', 1, 1),
(4691, 8, 72, 192, 185, '', 1, '2012-05-07 17:31:03', 1, 1),
(4692, 8, 72, 185, 193, '', 1, '2012-05-07 17:31:10', 1, 1),
(4693, 8, 72, 200, 185, '', 1, '2012-05-07 17:31:15', 1, 1),
(4694, 8, 72, 202, 185, '', 1, '2012-05-07 17:31:21', 1, 1),
(4695, 8, 72, 203, 185, '', 1, '2012-05-07 17:31:26', 1, 1),
(4696, 8, 72, 205, 185, '', 1, '2012-05-07 17:31:31', 1, 1),
(4697, 8, 72, 208, 185, '', 1, '2012-05-07 17:31:40', 1, 1),
(4698, 8, 72, 185, 209, '', 1, '2012-05-07 17:31:49', 1, 1),
(4699, 8, 72, 210, 185, '', -1, '2012-05-07 17:32:02', 1, 1),
(4700, 8, 72, 213, 185, '', 1, '2012-05-07 17:32:18', 1, 1),
(4702, 8, 72, 185, 218, '', 1, '2012-05-07 17:32:31', 1, 1),
(4703, 8, 72, 185, 219, '', 1, '2012-05-07 17:32:36', 1, 1),
(4704, 8, 72, 221, 185, '', 1, '2012-05-07 17:32:49', 1, 1),
(4706, 8, 72, 185, 241, '', 1, '2012-05-07 17:33:20', 1, 1),
(4707, 8, 72, 243, 185, '', 1, '2012-05-07 17:33:33', 1, 1),
(4708, 8, 72, 245, 185, '', 1, '2012-05-07 17:33:59', 1, 1),
(4709, 8, 72, 247, 185, '', 1, '2012-05-07 17:34:19', 1, 1),
(4710, 8, 72, 248, 185, '', 1, '2012-05-07 17:34:24', 1, 1),
(4711, 8, 72, 185, 249, '', 1, '2012-05-07 17:34:29', 1, 1),
(4714, 8, 72, 185, 253, '', 1, '2012-05-07 17:34:54', 1, 1),
(4715, 8, 27, 104, 181, '', 1, '2012-05-07 17:35:04', 1, 1),
(4716, 8, 72, 185, 254, '', 1, '2012-05-07 17:35:05', 1, 1),
(4717, 8, 27, 138, 181, '', 1, '2012-05-07 17:35:22', 1, 1),
(4718, 8, 27, 142, 181, '', 1, '2012-05-07 17:35:27', 1, 1),
(4719, 8, 72, 85, 200, '', 1, '2012-05-07 17:35:58', 1, 1),
(4720, 8, 72, 86, 200, '', 1, '2012-05-07 17:36:02', 1, 1),
(4721, 8, 72, 90, 200, '', 1, '2012-05-07 17:36:07', 1, 1),
(4722, 8, 72, 104, 200, '', 1, '2012-05-07 17:36:20', 1, 1),
(4723, 8, 72, 107, 200, '', 1, '2012-05-07 17:36:27', 1, 1),
(4724, 8, 27, 181, 200, '', 1, '2012-05-07 17:36:41', 1, 1),
(4725, 8, 72, 132, 200, '', 1, '2012-05-07 17:36:46', 1, 1),
(4726, 8, 27, 247, 181, '', 1, '2012-05-07 17:37:16', 1, 1),
(4728, 8, 27, 181, 249, '', 1, '2012-05-07 17:37:29', 1, 1),
(4729, 8, 72, 200, 138, '', 1, '2012-05-07 17:37:32', 1, 1),
(4730, 8, 72, 200, 142, '', 1, '2012-05-07 17:37:37', 1, 1),
(4731, 8, 72, 144, 200, '', 1, '2012-05-07 17:37:48', 1, 1),
(4732, 8, 72, 200, 146, '', 1, '2012-05-07 17:37:52', 1, 1),
(4733, 8, 72, 159, 200, '', 1, '2012-05-07 17:38:00', 1, 1),
(4734, 8, 72, 200, 161, '', 1, '2012-05-07 17:38:05', 1, 1),
(4735, 8, 27, 144, 81, '', 1, '2012-05-07 17:38:11', 1, 1),
(4736, 8, 72, 162, 200, '', 1, '2012-05-07 17:38:17', 1, 1),
(4737, 8, 72, 163, 200, '', 1, '2012-05-07 17:38:23', 1, 1),
(4738, 8, 72, 166, 200, '', 1, '2012-05-07 17:38:28', 1, 1),
(4739, 8, 72, 167, 200, '', 1, '2012-05-07 17:38:33', 1, 1),
(4740, 8, 72, 173, 200, '', 1, '2012-05-07 17:38:44', 1, 1),
(4741, 8, 72, 175, 200, '', 1, '2012-05-07 17:38:49', 1, 1),
(4742, 8, 72, 176, 200, '', 1, '2012-05-07 17:38:57', 1, 1),
(4743, 8, 72, 184, 200, '', 1, '2012-05-07 17:39:07', 1, 1),
(4744, 8, 72, 200, 189, '', 1, '2012-05-07 17:39:28', 1, 1),
(4745, 8, 27, 101, 144, '', 1, '2012-05-07 17:39:33', 1, 1),
(4746, 8, 27, 102, 144, '', 1, '2012-05-07 17:39:37', 1, 1),
(4747, 8, 27, 122, 144, '', 1, '2012-05-07 17:39:52', 1, 1),
(4748, 8, 27, 132, 144, '', 1, '2012-05-07 17:40:01', 1, 1),
(4749, 8, 27, 138, 144, '', 1, '2012-05-07 17:40:14', 1, 1),
(4750, 8, 27, 139, 144, '', 1, '2012-05-07 17:40:30', 1, 1),
(4751, 8, 27, 163, 144, '', 1, '2012-05-07 17:40:46', 1, 1),
(4752, 8, 27, 144, 169, '', 1, '2012-05-07 17:40:54', 1, 1),
(4753, 8, 72, 192, 200, '', 1, '2012-05-07 17:40:58', 1, 1),
(4754, 8, 27, 176, 144, '', 1, '2012-05-07 17:41:02', 1, 1),
(4755, 8, 72, 193, 200, '', 1, '2012-05-07 17:41:05', 1, 1),
(4756, 8, 27, 185, 144, '', 1, '2012-05-07 17:41:11', 1, 1),
(4757, 8, 27, 144, 188, '', 1, '2012-05-07 17:41:19', 1, 1),
(4758, 8, 72, 205, 200, '', 1, '2012-05-07 17:41:20', 1, 1),
(4759, 8, 27, 144, 189, '', 1, '2012-05-07 17:41:24', 1, 1),
(4760, 8, 72, 208, 200, '', 1, '2012-05-07 17:41:27', 1, 1),
(4762, 8, 27, 144, 200, '', 1, '2012-05-07 17:41:43', 1, 1),
(4763, 8, 72, 210, 200, '', -1, '2012-05-07 17:41:44', 1, 1),
(4765, 8, 27, 144, 210, '', -1, '2012-05-07 17:42:03', 1, 1),
(4766, 8, 72, 210, 245, '', -1, '2012-05-07 17:42:05', 1, 1),
(4767, 8, 72, 213, 200, '', 1, '2012-05-07 17:42:26', 1, 1),
(4768, 8, 72, 218, 200, '', 1, '2012-05-07 17:42:31', 1, 1),
(4769, 8, 72, 219, 200, '', 1, '2012-05-07 17:42:35', 1, 1),
(4771, 8, 27, 144, 245, '', 1, '2012-05-07 17:42:51', 1, 1),
(4772, 8, 72, 232, 200, '', 1, '2012-05-07 17:42:55', 1, 1),
(4773, 8, 27, 247, 144, '', 1, '2012-05-07 17:42:58', 1, 1),
(4774, 8, 27, 248, 144, '', 1, '2012-05-07 17:43:03', 1, 1);
INSERT INTO `userLinks` (`id`, `projectId`, `userId`, `issueFromId`, `issueToId`, `comment`, `sign`, `modified`, `num_observers`, `tot_observers`) VALUES
(4775, 8, 72, 239, 200, '', 1, '2012-05-07 17:43:06', 1, 1),
(4776, 8, 27, 144, 249, '', 1, '2012-05-07 17:43:09', 1, 1),
(4777, 8, 72, 239, 245, '', 1, '2012-05-07 17:43:20', 1, 1),
(4778, 8, 27, 144, 253, '', 1, '2012-05-07 17:43:23', 1, 1),
(4779, 8, 27, 144, 254, '', 1, '2012-05-07 17:43:33', 1, 1),
(4780, 8, 72, 239, 185, '', 1, '2012-05-07 17:43:44', 1, 1),
(4781, 8, 27, 149, 81, '', 1, '2012-05-07 17:43:48', 1, 1),
(4782, 8, 72, 247, 200, '', 1, '2012-05-07 17:44:11', 1, 1),
(4783, 8, 72, 248, 200, '', 1, '2012-05-07 17:44:15', 1, 1),
(4784, 8, 72, 200, 249, '', 1, '2012-05-07 17:44:19', 1, 1),
(4785, 8, 72, 251, 200, '', 1, '2012-05-07 17:44:31', 1, 1),
(4786, 8, 72, 252, 200, '', 1, '2012-05-07 17:44:43', 1, 1),
(4787, 8, 72, 200, 253, '', 1, '2012-05-07 17:44:47', 1, 1),
(4788, 8, 72, 200, 254, '', 1, '2012-05-07 17:44:52', 1, 1),
(4789, 8, 72, 85, 213, '', 1, '2012-05-07 17:49:54', 1, 1),
(4790, 8, 72, 86, 213, '', 1, '2012-05-07 17:50:00', 1, 1),
(4791, 8, 72, 90, 213, '', 1, '2012-05-07 17:50:04', 1, 1),
(4792, 8, 72, 102, 213, '', 1, '2012-05-07 17:50:54', 1, 1),
(4793, 8, 27, 120, 149, '', 1, '2012-05-07 17:53:15', 1, 1),
(4794, 8, 27, 121, 149, '', 1, '2012-05-07 17:53:19', 1, 1),
(4795, 8, 27, 134, 149, '', 1, '2012-05-07 17:53:29', 1, 1),
(4797, 8, 27, 149, 138, '', 1, '2012-05-07 17:53:41', 1, 1),
(4798, 8, 27, 138, 149, '', 1, '2012-05-07 17:53:42', 1, 1),
(4799, 8, 27, 139, 149, '', 1, '2012-05-07 17:53:48', 1, 1),
(4800, 8, 27, 148, 149, '', 1, '2012-05-07 17:53:53', 1, 1),
(4801, 8, 27, 159, 149, '', 1, '2012-05-07 17:54:05', 1, 1),
(4802, 8, 27, 166, 149, '', 1, '2012-05-07 17:54:12', 1, 1),
(4803, 8, 27, 172, 149, '', 1, '2012-05-07 17:54:19', 1, 1),
(4804, 8, 27, 176, 149, '', 1, '2012-05-07 17:54:25', 1, 1),
(4805, 8, 27, 197, 149, '', 1, '2012-05-07 17:54:38', 1, 1),
(4806, 8, 27, 208, 149, '', 1, '2012-05-07 17:55:32', 1, 1),
(4807, 8, 27, 210, 149, '', -1, '2012-05-07 17:55:45', 1, 1),
(4808, 8, 27, 246, 149, '', 1, '2012-05-07 17:57:16', 1, 1),
(4810, 8, 27, 86, 138, '', 1, '2012-05-07 17:57:52', 1, 1),
(4811, 8, 27, 90, 138, '', 1, '2012-05-07 17:58:00', 1, 1),
(4812, 8, 27, 138, 96, '', 1, '2012-05-07 17:58:10', 1, 1),
(4813, 8, 27, 138, 107, '', 1, '2012-05-07 17:58:17', 1, 1),
(4814, 8, 27, 138, 142, '', 1, '2012-05-07 17:58:26', 1, 1),
(4815, 8, 27, 148, 138, '', 1, '2012-05-07 17:58:34', 1, 1),
(4816, 8, 27, 169, 138, '', 1, '2012-05-07 17:58:44', 1, 1),
(4817, 8, 27, 174, 138, '', 1, '2012-05-07 17:58:49', 1, 1),
(4818, 8, 27, 184, 138, '', 1, '2012-05-07 17:58:56', 1, 1),
(4819, 8, 27, 138, 189, '', 1, '2012-05-07 17:59:05', 1, 1),
(4821, 8, 27, 138, 219, '', 1, '2012-05-07 17:59:23', 1, 1),
(4822, 8, 27, 138, 245, '', 1, '2012-05-07 17:59:36', 1, 1),
(4823, 8, 27, 174, 122, '', 1, '2012-05-07 18:01:29', 1, 1),
(4824, 8, 27, 174, 149, '', 1, '2012-05-07 18:01:57', 1, 1),
(4825, 8, 27, 174, 159, '', 1, '2012-05-07 18:02:02', 1, 1),
(4826, 8, 27, 174, 175, '', 1, '2012-05-07 18:02:12', 1, 1),
(4827, 8, 27, 253, 81, '', -1, '2012-05-07 18:04:57', 1, 1),
(4828, 8, 72, 104, 213, '', 1, '2012-05-07 19:37:04', 1, 1),
(4829, 8, 72, 213, 107, '', 1, '2012-05-07 19:37:10', 1, 1),
(4830, 8, 72, 123, 213, '', 1, '2012-05-07 19:38:34', 1, 1),
(4831, 8, 72, 132, 213, '', 1, '2012-05-07 19:38:43', 1, 1),
(4832, 8, 72, 133, 213, '', 1, '2012-05-07 19:39:00', 1, 1),
(4833, 8, 72, 213, 138, '', 1, '2012-05-07 19:39:12', 1, 1),
(4834, 8, 72, 213, 142, '', 1, '2012-05-07 19:39:20', 1, 1),
(4835, 8, 72, 144, 213, '', 1, '2012-05-07 19:39:39', 1, 1),
(4836, 8, 72, 213, 146, '', 1, '2012-05-07 19:39:48', 1, 1),
(4837, 8, 72, 213, 149, '', 1, '2012-05-07 19:39:57', 1, 1),
(4838, 8, 72, 159, 213, '', 1, '2012-05-07 19:40:04', 1, 1),
(4839, 8, 72, 213, 161, '', 1, '2012-05-07 19:40:55', 1, 1),
(4840, 8, 72, 162, 213, '', 1, '2012-05-07 19:41:03', 1, 1),
(4841, 8, 72, 163, 213, '', 1, '2012-05-07 19:41:10', 1, 1),
(4842, 8, 72, 166, 213, '', 1, '2012-05-07 19:41:13', 1, 1),
(4844, 8, 72, 167, 213, '', 1, '2012-05-07 19:41:23', 1, 1),
(4845, 8, 67, 223, 81, '', 1, '2012-05-07 19:48:34', 1, 1),
(4846, 8, 67, 223, 85, '', 1, '2012-05-07 19:49:38', 1, 1),
(4847, 8, 67, 223, 90, '', 1, '2012-05-07 19:50:00', 1, 1),
(4848, 8, 67, 223, 96, '', 1, '2012-05-07 19:50:12', 1, 1),
(4850, 8, 72, 192, 213, '', 1, '2012-05-07 19:50:38', 1, 1),
(4851, 8, 67, 223, 104, '', 1, '2012-05-07 19:50:48', 1, 1),
(4852, 8, 72, 213, 189, 'There''s a reinforcing loop here - i.e., once people see that we can convert data into action, they''ll be much more likely to collaborate.', 1, '2012-05-07 19:51:33', 1, 1),
(4855, 8, 67, 132, 223, '', -1, '2012-05-07 19:53:54', 1, 1),
(4856, 8, 67, 223, 142, '', 1, '2012-05-07 19:54:48', 1, 1),
(4857, 8, 67, 223, 156, '', 1, '2012-05-07 19:55:45', 1, 1),
(4859, 8, 67, 223, 174, '', 1, '2012-05-07 19:56:59', 1, 1),
(4860, 8, 67, 174, 223, '', 1, '2012-05-07 19:57:01', 1, 1),
(4861, 8, 67, 223, 176, '', 1, '2012-05-07 19:57:28', 1, 1),
(4862, 8, 67, 223, 184, '', 1, '2012-05-07 19:57:47', 1, 1),
(4863, 8, 72, 202, 213, '', 1, '2012-05-07 19:58:19', 1, 1),
(4864, 8, 72, 203, 213, '', 1, '2012-05-07 19:58:24', 1, 1),
(4865, 8, 67, 223, 190, '', 1, '2012-05-07 19:58:39', 1, 1),
(4866, 8, 67, 223, 192, '', -1, '2012-05-07 19:59:04', 1, 1),
(4867, 8, 72, 202, 245, '', 1, '2012-05-07 19:59:03', 1, 1),
(4868, 8, 67, 223, 193, '', -1, '2012-05-07 19:59:24', 1, 1),
(4869, 8, 72, 205, 213, '', 1, '2012-05-07 20:00:11', 1, 1),
(4870, 8, 72, 208, 213, '', 1, '2012-05-07 20:00:14', 1, 1),
(4871, 8, 72, 210, 213, '', -1, '2012-05-07 20:00:36', 1, 1),
(4872, 8, 67, 223, 210, '', -1, '2012-05-07 20:01:01', 1, 1),
(4873, 8, 67, 223, 218, '', 1, '2012-05-07 20:01:22', 1, 1),
(4874, 8, 67, 223, 221, '', 1, '2012-05-07 20:01:31', 1, 1),
(4875, 8, 67, 223, 233, '', 1, '2012-05-07 20:02:13', 1, 1),
(4876, 8, 67, 223, 236, '', 1, '2012-05-07 20:02:26', 1, 1),
(4877, 8, 67, 223, 241, '', 1, '2012-05-07 20:02:48', 1, 1),
(4878, 8, 67, 223, 244, '', 1, '2012-05-07 20:03:00', 1, 1),
(4879, 8, 67, 223, 246, '', 1, '2012-05-07 20:03:07', 1, 1),
(4880, 8, 67, 223, 248, '', 1, '2012-05-07 20:03:16', 1, 1),
(4881, 8, 67, 223, 249, '', 1, '2012-05-07 20:03:22', 1, 1),
(4882, 8, 67, 223, 250, '', 1, '2012-05-07 20:03:52', 1, 1),
(4883, 8, 67, 223, 252, '', 1, '2012-05-07 20:04:14', 1, 1),
(4884, 8, 67, 81, 181, '', 1, '2012-05-07 20:08:16', 1, 1),
(4885, 8, 67, 85, 181, '', 1, '2012-05-07 20:08:23', 1, 1),
(4886, 8, 67, 86, 181, '', 1, '2012-05-07 20:08:29', 1, 1),
(4887, 8, 67, 96, 181, '', 1, '2012-05-07 20:08:44', 1, 1),
(4888, 8, 67, 99, 181, '', 1, '2012-05-07 20:08:48', 1, 1),
(4889, 8, 67, 104, 181, '', 1, '2012-05-07 20:08:59', 1, 1),
(4890, 8, 67, 120, 181, '', 1, '2012-05-07 20:09:32', 1, 1),
(4891, 8, 67, 121, 181, '', 1, '2012-05-07 20:09:42', 1, 1),
(4892, 8, 67, 132, 181, '', 1, '2012-05-07 20:10:03', 1, 1),
(4893, 8, 67, 133, 181, '', 1, '2012-05-07 20:10:17', 1, 1),
(4894, 8, 67, 142, 181, '', 1, '2012-05-07 20:10:46', 1, 1),
(4895, 8, 67, 146, 181, '', 1, '2012-05-07 20:10:57', 1, 1),
(4896, 8, 67, 167, 181, '', 1, '2012-05-07 20:11:27', 1, 1),
(4897, 8, 67, 185, 181, '', 1, '2012-05-07 20:12:03', 1, 1),
(4898, 8, 67, 190, 181, '', 1, '2012-05-07 20:12:18', 1, 1),
(4899, 8, 67, 192, 181, '', 1, '2012-05-07 20:12:31', 1, 1),
(4900, 8, 67, 229, 181, '', 1, '2012-05-07 20:14:28', 1, 1),
(4901, 8, 67, 181, 241, '', -1, '2012-05-07 20:15:15', 1, 1),
(4902, 8, 67, 243, 181, '', 1, '2012-05-07 20:15:35', 1, 1),
(4904, 8, 67, 181, 244, '', 1, '2012-05-07 20:15:59', 1, 1),
(4905, 8, 67, 244, 181, '', 1, '2012-05-07 20:16:01', 1, 1),
(4906, 8, 67, 247, 181, '', 1, '2012-05-07 20:16:56', 1, 1),
(4907, 8, 67, 181, 249, '', 1, '2012-05-07 20:17:12', 1, 1),
(4908, 8, 67, 249, 181, '', 1, '2012-05-07 20:17:15', 1, 1),
(4909, 8, 67, 254, 181, '', 1, '2012-05-07 20:17:42', 1, 1),
(4910, 8, 67, 185, 85, '', 1, '2012-05-07 20:19:59', 1, 1),
(4911, 8, 67, 185, 96, '', 1, '2012-05-07 20:20:56', 1, 1),
(4912, 8, 67, 185, 104, '', 1, '2012-05-07 20:21:10', 1, 1),
(4913, 8, 67, 185, 122, '', 1, '2012-05-07 20:21:28', 1, 1),
(4914, 8, 67, 185, 144, '', 1, '2012-05-07 20:21:51', 1, 1),
(4916, 8, 67, 185, 218, '', 1, '2012-05-07 20:23:52', 1, 1),
(4917, 8, 67, 185, 241, '', 1, '2012-05-07 20:24:27', 1, 1),
(4918, 8, 67, 185, 243, '', 1, '2012-05-07 20:24:46', 1, 1),
(4919, 8, 67, 185, 245, '', 1, '2012-05-07 20:24:53', 1, 1),
(4920, 8, 67, 185, 246, '', 1, '2012-05-07 20:25:10', 1, 1),
(4921, 8, 67, 185, 249, '', 1, '2012-05-07 20:25:28', 1, 1),
(4922, 8, 67, 185, 254, '', 1, '2012-05-07 20:26:09', 1, 1),
(4923, 8, 67, 81, 190, '', 1, '2012-05-07 20:26:42', 1, 1),
(4924, 8, 67, 190, 85, '', 1, '2012-05-07 20:26:56', 1, 1),
(4926, 8, 70, 81, 247, '', 1, '2012-05-07 20:27:11', 1, 1),
(4927, 8, 67, 190, 86, '', 1, '2012-05-07 20:27:12', 1, 1),
(4928, 8, 67, 86, 190, '', 1, '2012-05-07 20:27:14', 1, 1),
(4929, 8, 67, 96, 190, '', 1, '2012-05-07 20:27:32', 1, 1),
(4930, 8, 27, 107, 253, '', 1, '2012-05-07 20:27:47', 1, 1),
(4931, 8, 70, 247, 85, '', 1, '2012-05-07 20:28:03', 1, 1),
(4932, 8, 67, 104, 190, '', 1, '2012-05-07 20:28:05', 1, 1),
(4933, 8, 27, 131, 253, '', 1, '2012-05-07 20:28:08', 1, 1),
(4934, 8, 67, 107, 190, '', 1, '2012-05-07 20:28:11', 1, 1),
(4935, 8, 67, 108, 190, '', 1, '2012-05-07 20:28:16', 1, 1),
(4936, 8, 67, 111, 190, '', 1, '2012-05-07 20:28:22', 1, 1),
(4937, 8, 27, 138, 253, '', 1, '2012-05-07 20:28:25', 1, 1),
(4938, 8, 67, 120, 190, '', 1, '2012-05-07 20:28:27', 1, 1),
(4939, 8, 27, 253, 146, '', 1, '2012-05-07 20:28:32', 1, 1),
(4940, 8, 67, 122, 190, '', 1, '2012-05-07 20:28:38', 1, 1),
(4941, 8, 70, 90, 247, '', 1, '2012-05-07 20:28:44', 1, 1),
(4942, 8, 27, 167, 253, '', 1, '2012-05-07 20:28:45', 1, 1),
(4943, 8, 67, 123, 190, '', 1, '2012-05-07 20:28:58', 1, 1),
(4944, 8, 70, 247, 96, '', 1, '2012-05-07 20:29:02', 1, 1),
(4945, 8, 67, 131, 190, '', 1, '2012-05-07 20:29:03', 1, 1),
(4946, 8, 67, 132, 190, '', 1, '2012-05-07 20:29:10', 1, 1),
(4947, 8, 27, 213, 253, '', 1, '2012-05-07 20:29:13', 1, 1),
(4948, 8, 67, 133, 190, '', 1, '2012-05-07 20:29:16', 1, 1),
(4949, 8, 27, 218, 253, '', 1, '2012-05-07 20:29:17', 1, 1),
(4950, 8, 67, 134, 190, '', 1, '2012-05-07 20:29:21', 1, 1),
(4951, 8, 70, 247, 99, '', 1, '2012-05-07 20:29:25', 1, 1),
(4952, 8, 70, 99, 247, '', 1, '2012-05-07 20:29:27', 1, 1),
(4953, 8, 67, 138, 190, '', 1, '2012-05-07 20:29:25', 1, 1),
(4954, 8, 67, 190, 142, '', 1, '2012-05-07 20:29:34', 1, 1),
(4955, 8, 67, 190, 146, '', 1, '2012-05-07 20:29:47', 1, 1),
(4956, 8, 67, 148, 190, '', 1, '2012-05-07 20:29:56', 1, 1),
(4957, 8, 70, 102, 247, '', 1, '2012-05-07 20:30:02', 1, 1),
(4958, 8, 27, 81, 96, '', 1, '2012-05-07 20:30:04', 1, 1),
(4959, 8, 67, 149, 190, '', 1, '2012-05-07 20:30:07', 1, 1),
(4960, 8, 67, 156, 190, '', 1, '2012-05-07 20:30:16', 1, 1),
(4961, 8, 27, 81, 134, '', 1, '2012-05-07 20:30:30', 1, 1),
(4962, 8, 70, 247, 107, '', 1, '2012-05-07 20:30:34', 1, 1),
(4963, 8, 27, 81, 138, '', 1, '2012-05-07 20:30:36', 1, 1),
(4964, 8, 67, 163, 190, '', 1, '2012-05-07 20:30:43', 1, 1),
(4965, 8, 67, 166, 190, '', 1, '2012-05-07 20:30:49', 1, 1),
(4966, 8, 70, 247, 104, '', 1, '2012-05-07 20:30:48', 1, 1),
(4967, 8, 27, 81, 174, '', 1, '2012-05-07 20:30:53', 1, 1),
(4968, 8, 70, 247, 108, '', 1, '2012-05-07 20:31:04', 1, 1),
(4969, 8, 67, 173, 190, '', 1, '2012-05-07 20:31:13', 1, 1),
(4970, 8, 67, 174, 190, '', 1, '2012-05-07 20:31:18', 1, 1),
(4972, 8, 27, 81, 227, '', 1, '2012-05-07 20:31:30', 1, 1),
(4973, 8, 27, 227, 81, '', 1, '2012-05-07 20:31:31', 1, 1),
(4974, 8, 70, 111, 247, '', 1, '2012-05-07 20:31:37', 1, 1),
(4975, 8, 27, 81, 243, '', 1, '2012-05-07 20:31:45', 1, 1),
(4976, 8, 67, 184, 190, '', 1, '2012-05-07 20:31:56', 1, 1),
(4977, 8, 70, 247, 120, '', 1, '2012-05-07 20:32:12', 1, 1),
(4978, 8, 70, 120, 247, '', 1, '2012-05-07 20:32:13', 1, 1),
(4979, 8, 67, 188, 190, '', 1, '2012-05-07 20:32:15', 1, 1),
(4980, 8, 67, 191, 190, '', 1, '2012-05-07 20:32:28', 1, 1),
(4981, 8, 67, 192, 190, '', 1, '2012-05-07 20:32:37', 1, 1),
(4982, 8, 67, 195, 190, '', 1, '2012-05-07 20:32:52', 1, 1),
(4983, 8, 67, 197, 190, '', 1, '2012-05-07 20:32:59', 1, 1),
(4984, 8, 70, 122, 247, '', 1, '2012-05-07 20:33:03', 1, 1),
(4985, 8, 67, 190, 205, '', 1, '2012-05-07 20:33:32', 1, 1),
(4986, 8, 67, 205, 190, '', 1, '2012-05-07 20:33:34', 1, 1),
(4987, 8, 70, 247, 131, '', 1, '2012-05-07 20:33:51', 1, 1),
(4988, 8, 67, 208, 190, '', 1, '2012-05-07 20:33:59', 1, 1),
(4989, 8, 70, 247, 132, '', 1, '2012-05-07 20:34:03', 1, 1),
(4990, 8, 70, 132, 247, '', 1, '2012-05-07 20:34:05', 1, 1),
(4991, 8, 70, 247, 133, '', 1, '2012-05-07 20:34:14', 1, 1),
(4992, 8, 70, 133, 247, '', 1, '2012-05-07 20:34:15', 1, 1),
(4993, 8, 67, 190, 210, '', -1, '2012-05-07 20:34:21', 1, 1),
(4994, 8, 70, 247, 134, '', 1, '2012-05-07 20:34:24', 1, 1),
(4995, 8, 70, 134, 247, '', 1, '2012-05-07 20:34:25', 1, 1),
(4996, 8, 67, 213, 190, '', 1, '2012-05-07 20:34:39', 1, 1),
(4997, 8, 70, 247, 138, '', 1, '2012-05-07 20:34:45', 1, 1),
(4998, 8, 70, 138, 247, '', 1, '2012-05-07 20:34:46', 1, 1),
(4999, 8, 67, 214, 190, '', 1, '2012-05-07 20:34:52', 1, 1),
(5000, 8, 70, 247, 139, '', 1, '2012-05-07 20:34:52', 1, 1),
(5001, 8, 70, 139, 247, '', 1, '2012-05-07 20:34:53', 1, 1),
(5002, 8, 70, 247, 142, '', 1, '2012-05-07 20:35:03', 1, 1),
(5003, 8, 70, 142, 247, '', 1, '2012-05-07 20:35:04', 1, 1),
(5004, 8, 67, 218, 190, '', 1, '2012-05-07 20:35:11', 1, 1),
(5005, 8, 67, 190, 219, '', 1, '2012-05-07 20:35:23', 1, 1),
(5006, 8, 67, 219, 190, '', 1, '2012-05-07 20:35:28', 1, 1),
(5007, 8, 70, 148, 247, '', 1, '2012-05-07 20:35:37', 1, 1),
(5008, 8, 67, 190, 221, '', 1, '2012-05-07 20:35:48', 1, 1),
(5009, 8, 70, 247, 144, '', -1, '2012-05-07 20:36:01', 1, 1),
(5010, 8, 67, 229, 190, '', 1, '2012-05-07 20:36:13', 1, 1),
(5011, 8, 70, 247, 149, '', 1, '2012-05-07 20:36:13', 1, 1),
(5012, 8, 70, 149, 247, '', 1, '2012-05-07 20:36:14', 1, 1),
(5013, 8, 70, 247, 156, '', -1, '2012-05-07 20:36:24', 1, 1),
(5014, 8, 70, 247, 159, '', 1, '2012-05-07 20:36:31', 1, 1),
(5015, 8, 70, 159, 247, '', 1, '2012-05-07 20:36:32', 1, 1),
(5016, 8, 27, 197, 99, '', 1, '2012-05-07 20:36:34', 1, 1),
(5017, 8, 67, 233, 190, '', 1, '2012-05-07 20:36:38', 1, 1),
(5018, 8, 27, 197, 96, '', 1, '2012-05-07 20:36:38', 1, 1),
(5021, 8, 27, 197, 107, 'Since you can actively run predictions in situ, and get corroboration of the results in real time, you''ll be able to hone the parameters of models much more quickly.', 1, '2012-05-07 20:36:46', 1, 1),
(5022, 8, 70, 247, 161, '', 1, '2012-05-07 20:36:48', 1, 1),
(5023, 8, 67, 236, 190, '', 1, '2012-05-07 20:37:00', 1, 1),
(5024, 8, 67, 239, 190, '', 1, '2012-05-07 20:37:06', 1, 1),
(5025, 8, 67, 190, 241, '', 1, '2012-05-07 20:37:17', 1, 1),
(5026, 8, 67, 241, 190, '', 1, '2012-05-07 20:37:19', 1, 1),
(5027, 8, 67, 242, 190, '', 1, '2012-05-07 20:37:33', 1, 1),
(5028, 8, 70, 247, 163, '', 1, '2012-05-07 20:37:40', 1, 1),
(5030, 8, 27, 197, 108, '', 1, '2012-05-07 20:37:51', 1, 1),
(5031, 8, 70, 247, 166, '', 1, '2012-05-07 20:37:52', 1, 1),
(5032, 8, 67, 190, 243, '', 1, '2012-05-07 20:37:55', 1, 1),
(5033, 8, 67, 243, 190, '', 1, '2012-05-07 20:37:58', 1, 1),
(5034, 8, 67, 190, 244, '', 1, '2012-05-07 20:38:11', 1, 1),
(5035, 8, 27, 197, 111, 'In order to sell the next generation of devices (presumably with more computing power) developers must deploy new sensor suites to saturate the computing power of current device offerings, thus requiring upgrades.', 1, '2012-05-07 20:38:09', 1, 1),
(5036, 8, 70, 247, 167, '', 1, '2012-05-07 20:38:23', 1, 1),
(5037, 8, 67, 190, 245, '', 1, '2012-05-07 20:38:31', 1, 1),
(5038, 8, 67, 245, 190, '', 1, '2012-05-07 20:38:34', 1, 1),
(5039, 8, 70, 247, 169, '', 1, '2012-05-07 20:38:34', 1, 1),
(5040, 8, 67, 190, 246, '', 1, '2012-05-07 20:38:49', 1, 1),
(5041, 8, 70, 172, 247, '', 1, '2012-05-07 20:38:57', 1, 1),
(5042, 8, 67, 247, 190, '', 1, '2012-05-07 20:38:59', 1, 1),
(5043, 8, 70, 247, 173, '', 1, '2012-05-07 20:39:11', 1, 1),
(5044, 8, 70, 173, 247, '', 1, '2012-05-07 20:39:13', 1, 1),
(5045, 8, 67, 248, 190, '', 1, '2012-05-07 20:39:23', 1, 1),
(5046, 8, 67, 251, 190, '', 1, '2012-05-07 20:39:45', 1, 1),
(5047, 8, 27, 197, 122, '', 1, '2012-05-07 20:39:46', 1, 1),
(5048, 8, 27, 139, 197, '', 1, '2012-05-07 20:39:58', 1, 1),
(5049, 8, 67, 190, 254, '', 1, '2012-05-07 20:40:06', 1, 1),
(5050, 8, 67, 254, 190, '', 1, '2012-05-07 20:40:10', 1, 1),
(5051, 8, 27, 197, 148, 'Because of mesh networking, and distributed cloud storage possibilities.', 1, '2012-05-07 20:40:18', 1, 1),
(5052, 8, 27, 148, 197, '', 1, '2012-05-07 20:40:24', 1, 1),
(5053, 8, 70, 247, 181, '', 1, '2012-05-07 20:40:15', 1, 1),
(5054, 8, 70, 247, 184, '', 1, '2012-05-07 20:40:23', 1, 1),
(5055, 8, 70, 185, 247, '', 1, '2012-05-07 20:40:35', 1, 1),
(5056, 8, 70, 247, 186, '', 1, '2012-05-07 20:40:51', 1, 1),
(5057, 8, 70, 247, 188, '', 1, '2012-05-07 20:41:04', 1, 1),
(5058, 8, 27, 197, 175, 'At some point, all functionality can be emulated in software, meaning that no new hardware is required to perform an action.', 1, '2012-05-07 20:41:05', 1, 1),
(5059, 8, 70, 247, 189, '', 1, '2012-05-07 20:41:13', 1, 1),
(5060, 8, 70, 247, 190, '', 1, '2012-05-07 20:41:22', 1, 1),
(5061, 8, 67, 81, 241, '', 1, '2012-05-07 20:41:33', 1, 1),
(5062, 8, 70, 247, 191, '', 1, '2012-05-07 20:41:35', 1, 1),
(5063, 8, 67, 85, 241, '', 1, '2012-05-07 20:41:46', 1, 1),
(5064, 8, 27, 197, 188, '', 1, '2012-05-07 20:41:48', 1, 1),
(5065, 8, 67, 86, 241, '', 1, '2012-05-07 20:41:54', 1, 1),
(5066, 8, 67, 90, 241, '', 1, '2012-05-07 20:41:58', 1, 1),
(5068, 8, 67, 96, 241, '', 1, '2012-05-07 20:42:02', 1, 1),
(5071, 8, 67, 99, 241, '', 1, '2012-05-07 20:42:09', 1, 1),
(5072, 8, 70, 247, 195, '', 1, '2012-05-07 20:42:10', 1, 1),
(5073, 8, 70, 195, 247, '', 1, '2012-05-07 20:42:11', 1, 1),
(5074, 8, 27, 197, 211, '', -1, '2012-05-07 20:42:19', 1, 1),
(5075, 8, 67, 101, 241, '', 1, '2012-05-07 20:42:19', 1, 1),
(5076, 8, 70, 247, 200, '', 1, '2012-05-07 20:42:25', 1, 1),
(5077, 8, 67, 241, 104, '', 1, '2012-05-07 20:42:35', 1, 1),
(5078, 8, 67, 104, 241, '', 1, '2012-05-07 20:42:38', 1, 1),
(5079, 8, 70, 202, 247, '', 1, '2012-05-07 20:42:38', 1, 1),
(5080, 8, 67, 107, 241, '', 1, '2012-05-07 20:42:42', 1, 1),
(5081, 8, 27, 197, 239, 'This is not a given, but a demand. Bandwidth may top out somewhere, putting a limit on data transmission, and limiting computation. Conversely, if computation lags, there is less need for higher bandwidth.', 1, '2012-05-07 20:42:43', 1, 1),
(5082, 8, 70, 247, 205, '', 1, '2012-05-07 20:42:48', 1, 1),
(5083, 8, 67, 108, 241, '', 1, '2012-05-07 20:42:53', 1, 1),
(5084, 8, 67, 111, 241, '', 1, '2012-05-07 20:43:02', 1, 1),
(5085, 8, 70, 247, 209, '', 1, '2012-05-07 20:43:05', 1, 1),
(5086, 8, 67, 121, 241, '', 1, '2012-05-07 20:43:16', 1, 1),
(5087, 8, 70, 247, 210, '', -1, '2012-05-07 20:43:18', 1, 1),
(5088, 8, 70, 247, 211, '', -1, '2012-05-07 20:43:30', 1, 1),
(5089, 8, 70, 247, 213, '', 1, '2012-05-07 20:43:45', 1, 1),
(5090, 8, 70, 214, 247, '', 1, '2012-05-07 20:43:58', 1, 1),
(5091, 8, 67, 122, 241, '', 1, '2012-05-07 20:44:08', 1, 1),
(5092, 8, 70, 247, 218, '', 1, '2012-05-07 20:44:10', 1, 1),
(5093, 8, 70, 218, 247, '', 1, '2012-05-07 20:44:11', 1, 1),
(5094, 8, 70, 247, 219, '', 1, '2012-05-07 20:44:18', 1, 1),
(5095, 8, 67, 123, 241, '', 1, '2012-05-07 20:44:21', 1, 1),
(5096, 8, 67, 131, 241, '', 1, '2012-05-07 20:44:27', 1, 1),
(5098, 8, 70, 247, 221, '', 1, '2012-05-07 20:44:30', 1, 1),
(5099, 8, 67, 132, 241, '', 1, '2012-05-07 20:44:33', 1, 1),
(5100, 8, 67, 133, 241, '', 1, '2012-05-07 20:44:41', 1, 1),
(5101, 8, 27, 85, 120, '', 1, '2012-05-07 20:44:41', 1, 1),
(5102, 8, 70, 223, 247, '', 1, '2012-05-07 20:44:40', 1, 1),
(5103, 8, 67, 134, 241, '', 1, '2012-05-07 20:44:46', 1, 1),
(5104, 8, 27, 120, 96, 'As long as it costs a reasonable amount to share data, and there are benefits, people will share.', 1, '2012-05-07 20:44:51', 1, 1),
(5105, 8, 67, 138, 241, '', 1, '2012-05-07 20:44:55', 1, 1),
(5106, 8, 67, 139, 241, '', 1, '2012-05-07 20:45:01', 1, 1),
(5107, 8, 70, 247, 227, '', -1, '2012-05-07 20:45:05', 1, 1),
(5108, 8, 67, 241, 142, '', 1, '2012-05-07 20:45:09', 1, 1),
(5109, 8, 67, 144, 241, '', 1, '2012-05-07 20:45:17', 1, 1),
(5110, 8, 70, 247, 229, '', 1, '2012-05-07 20:45:19', 1, 1),
(5111, 8, 70, 247, 230, '', 1, '2012-05-07 20:45:29', 1, 1),
(5112, 8, 27, 120, 139, '', 1, '2012-05-07 20:45:41', 1, 1),
(5113, 8, 70, 232, 247, '', 1, '2012-05-07 20:45:42', 1, 1),
(5114, 8, 67, 241, 146, '', 1, '2012-05-07 20:45:44', 1, 1),
(5115, 8, 67, 148, 241, '', 1, '2012-05-07 20:45:52', 1, 1),
(5116, 8, 70, 233, 247, '', 1, '2012-05-07 20:45:52', 1, 1),
(5118, 8, 67, 241, 149, '', 1, '2012-05-07 20:46:11', 1, 1),
(5119, 8, 67, 149, 241, '', 1, '2012-05-07 20:46:08', 1, 1),
(5120, 8, 70, 236, 247, '', 1, '2012-05-07 20:46:03', 1, 1),
(5121, 8, 70, 239, 247, '', 1, '2012-05-07 20:46:09', 1, 1),
(5122, 8, 27, 120, 241, '', 1, '2012-05-07 20:46:18', 1, 1),
(5123, 8, 70, 247, 241, '', 1, '2012-05-07 20:46:18', 1, 1),
(5124, 8, 27, 120, 246, '', 1, '2012-05-07 20:46:25', 1, 1),
(5125, 8, 70, 247, 242, '', 1, '2012-05-07 20:46:27', 1, 1),
(5126, 8, 67, 159, 241, '', 1, '2012-05-07 20:46:36', 1, 1),
(5127, 8, 27, 120, 248, '', 1, '2012-05-07 20:46:33', 1, 1),
(5128, 8, 70, 247, 243, '', 1, '2012-05-07 20:46:40', 1, 1),
(5129, 8, 67, 241, 161, '', 1, '2012-05-07 20:46:50', 1, 1),
(5130, 8, 67, 161, 241, '', 1, '2012-05-07 20:46:53', 1, 1),
(5131, 8, 70, 247, 244, '', 1, '2012-05-07 20:46:55', 1, 1),
(5132, 8, 70, 244, 247, '', 1, '2012-05-07 20:46:56', 1, 1),
(5133, 8, 70, 247, 245, '', 1, '2012-05-07 20:47:05', 1, 1),
(5134, 8, 70, 247, 246, '', 1, '2012-05-07 20:47:11', 1, 1),
(5135, 8, 70, 247, 248, '', 1, '2012-05-07 20:47:24', 1, 1),
(5136, 8, 70, 247, 249, '', 1, '2012-05-07 20:47:30', 1, 1),
(5137, 8, 70, 247, 250, '', 1, '2012-05-07 20:47:35', 1, 1),
(5138, 8, 70, 251, 247, '', 1, '2012-05-07 20:47:47', 1, 1),
(5139, 8, 67, 163, 241, '', 1, '2012-05-07 20:47:53', 1, 1),
(5140, 8, 70, 247, 252, '', 1, '2012-05-07 20:47:55', 1, 1),
(5141, 8, 70, 252, 247, '', 1, '2012-05-07 20:47:57', 1, 1),
(5142, 8, 67, 166, 241, '', 1, '2012-05-07 20:48:01', 1, 1),
(5143, 8, 70, 247, 253, '', 1, '2012-05-07 20:48:06', 1, 1),
(5144, 8, 70, 247, 254, '', 1, '2012-05-07 20:48:14', 1, 1),
(5145, 8, 67, 241, 167, '', 1, '2012-05-07 20:48:20', 1, 1),
(5146, 8, 67, 241, 169, '', 1, '2012-05-07 20:48:29', 1, 1),
(5147, 8, 67, 174, 241, '', 1, '2012-05-07 20:48:59', 1, 1),
(5149, 8, 67, 176, 241, '', 1, '2012-05-07 20:49:17', 1, 1),
(5150, 8, 70, 81, 246, '', 1, '2012-05-07 20:49:21', 1, 1),
(5151, 8, 67, 186, 241, '', 1, '2012-05-07 20:49:28', 1, 1),
(5152, 8, 70, 85, 246, '', 1, '2012-05-07 20:49:34', 1, 1),
(5153, 8, 67, 188, 241, '', 1, '2012-05-07 20:49:41', 1, 1),
(5154, 8, 70, 86, 246, '', 1, '2012-05-07 20:49:49', 1, 1),
(5155, 8, 67, 241, 189, '', 1, '2012-05-07 20:50:00', 1, 1),
(5156, 8, 70, 90, 246, '', 1, '2012-05-07 20:49:58', 1, 1),
(5157, 8, 70, 96, 246, '', 1, '2012-05-07 20:50:08', 1, 1),
(5158, 8, 70, 99, 246, '', 1, '2012-05-07 20:50:13', 1, 1),
(5159, 8, 67, 192, 241, '', 1, '2012-05-07 20:50:19', 1, 1),
(5160, 8, 70, 101, 246, '', 1, '2012-05-07 20:50:19', 1, 1),
(5161, 8, 70, 102, 246, '', 1, '2012-05-07 20:50:35', 1, 1),
(5162, 8, 70, 246, 104, '', 1, '2012-05-07 20:50:47', 1, 1),
(5163, 8, 70, 104, 246, '', 1, '2012-05-07 20:50:48', 1, 1),
(5164, 8, 70, 107, 246, '', 1, '2012-05-07 20:51:04', 1, 1),
(5165, 8, 70, 246, 108, '', 1, '2012-05-07 20:51:15', 1, 1),
(5166, 8, 70, 108, 246, '', 1, '2012-05-07 20:51:16', 1, 1),
(5167, 8, 70, 246, 111, '', 1, '2012-05-07 20:51:26', 1, 1),
(5168, 8, 70, 111, 246, '', 1, '2012-05-07 20:51:27', 1, 1),
(5169, 8, 70, 246, 120, '', 1, '2012-05-07 20:51:32', 1, 1),
(5170, 8, 70, 120, 246, '', 1, '2012-05-07 20:51:33', 1, 1),
(5171, 8, 70, 246, 121, '', 1, '2012-05-07 20:51:49', 1, 1),
(5172, 8, 70, 121, 246, '', 1, '2012-05-07 20:51:50', 1, 1),
(5173, 8, 70, 246, 122, '', 1, '2012-05-07 20:52:01', 1, 1),
(5174, 8, 70, 122, 246, '', 1, '2012-05-07 20:52:02', 1, 1),
(5175, 8, 70, 246, 131, '', 1, '2012-05-07 20:52:25', 1, 1),
(5176, 8, 70, 131, 246, '', 1, '2012-05-07 20:52:26', 1, 1),
(5177, 8, 70, 246, 132, '', 1, '2012-05-07 20:52:36', 1, 1),
(5178, 8, 70, 132, 246, '', 1, '2012-05-07 20:52:37', 1, 1),
(5179, 8, 67, 195, 241, '', 1, '2012-05-07 20:52:44', 1, 1),
(5182, 8, 67, 197, 241, '', 1, '2012-05-07 20:52:54', 1, 1),
(5183, 8, 67, 241, 205, '', 1, '2012-05-07 20:53:14', 1, 1),
(5184, 8, 67, 205, 241, '', 1, '2012-05-07 20:53:11', 1, 1),
(5185, 8, 70, 134, 246, '', 1, '2012-05-07 20:53:14', 1, 1),
(5186, 8, 67, 208, 241, '', 1, '2012-05-07 20:53:26', 1, 1),
(5187, 8, 70, 246, 138, '', 1, '2012-05-07 20:53:29', 1, 1),
(5188, 8, 70, 138, 246, '', 1, '2012-05-07 20:53:30', 1, 1),
(5189, 8, 70, 246, 139, '', 1, '2012-05-07 20:53:37', 1, 1),
(5190, 8, 70, 139, 246, '', 1, '2012-05-07 20:53:38', 1, 1),
(5191, 8, 67, 210, 241, '', -1, '2012-05-07 20:53:49', 1, 1),
(5192, 8, 70, 246, 142, '', 1, '2012-05-07 20:53:48', 1, 1),
(5193, 8, 70, 142, 246, '', 1, '2012-05-07 20:53:49', 1, 1),
(5194, 8, 70, 246, 144, '', 1, '2012-05-07 20:53:59', 1, 1),
(5195, 8, 70, 144, 246, '', 1, '2012-05-07 20:54:00', 1, 1),
(5196, 8, 70, 246, 146, '', 1, '2012-05-07 20:54:08', 1, 1),
(5197, 8, 70, 146, 246, '', 1, '2012-05-07 20:54:09', 1, 1),
(5198, 8, 70, 246, 148, '', 1, '2012-05-07 20:54:23', 1, 1),
(5199, 8, 70, 148, 246, '', 1, '2012-05-07 20:54:24', 1, 1),
(5200, 8, 70, 246, 149, '', 1, '2012-05-07 20:54:35', 1, 1),
(5201, 8, 70, 149, 246, '', 1, '2012-05-07 20:54:36', 1, 1),
(5202, 8, 67, 232, 241, '', 1, '2012-05-07 20:54:37', 1, 1),
(5203, 8, 70, 246, 156, '', 1, '2012-05-07 20:54:59', 1, 1),
(5204, 8, 70, 156, 246, '', 1, '2012-05-07 20:55:00', 1, 1),
(5205, 8, 67, 233, 241, '', 1, '2012-05-07 20:54:59', 1, 1),
(5206, 8, 70, 159, 246, '', 1, '2012-05-07 20:55:10', 1, 1),
(5207, 8, 67, 239, 241, '', 1, '2012-05-07 20:55:12', 1, 1),
(5208, 8, 70, 246, 161, '', 1, '2012-05-07 20:55:19', 1, 1),
(5209, 8, 67, 241, 243, '', 1, '2012-05-07 20:55:25', 1, 1),
(5210, 8, 67, 243, 241, '', 1, '2012-05-07 20:55:27', 1, 1),
(5211, 8, 70, 246, 162, '', 1, '2012-05-07 20:55:43', 1, 1),
(5212, 8, 67, 241, 245, '', 1, '2012-05-07 20:55:54', 1, 1),
(5213, 8, 67, 245, 241, '', 1, '2012-05-07 20:55:57', 1, 1),
(5214, 8, 70, 246, 163, '', 1, '2012-05-07 20:55:55', 1, 1),
(5215, 8, 67, 246, 241, '', 1, '2012-05-07 20:56:07', 1, 1),
(5216, 8, 70, 166, 246, '', 1, '2012-05-07 20:56:09', 1, 1),
(5217, 8, 70, 246, 167, '', 1, '2012-05-07 20:56:18', 1, 1),
(5218, 8, 70, 167, 246, '', 1, '2012-05-07 20:56:19', 1, 1),
(5219, 8, 70, 246, 169, '', 1, '2012-05-07 20:56:32', 1, 1),
(5220, 8, 70, 169, 246, '', 1, '2012-05-07 20:56:33', 1, 1),
(5221, 8, 70, 246, 172, '', 1, '2012-05-07 20:56:39', 1, 1),
(5222, 8, 70, 172, 246, '', 1, '2012-05-07 20:56:40', 1, 1),
(5223, 8, 70, 173, 246, '', 1, '2012-05-07 20:56:51', 1, 1),
(5224, 8, 70, 246, 174, '', 1, '2012-05-07 20:57:00', 1, 1),
(5225, 8, 67, 241, 247, '', 1, '2012-05-07 20:57:09', 1, 1),
(5226, 8, 67, 247, 241, '', 1, '2012-05-07 20:57:12', 1, 1),
(5227, 8, 70, 246, 175, '', 1, '2012-05-07 20:57:13', 1, 1),
(5228, 8, 67, 241, 248, '', 1, '2012-05-07 20:57:16', 1, 1),
(5229, 8, 67, 248, 241, '', 1, '2012-05-07 20:57:19', 1, 1),
(5230, 8, 70, 246, 176, '', 1, '2012-05-07 20:57:25', 1, 1),
(5231, 8, 70, 176, 246, '', 1, '2012-05-07 20:57:26', 1, 1),
(5232, 8, 70, 246, 181, '', 1, '2012-05-07 20:57:38', 1, 1),
(5233, 8, 70, 246, 184, '', 1, '2012-05-07 20:57:53', 1, 1),
(5234, 8, 70, 185, 246, '', 1, '2012-05-07 20:58:03', 1, 1),
(5235, 8, 70, 246, 186, '', 1, '2012-05-07 20:58:12', 1, 1),
(5236, 8, 70, 186, 246, '', 1, '2012-05-07 20:58:13', 1, 1),
(5237, 8, 70, 246, 188, '', 1, '2012-05-07 20:58:18', 1, 1),
(5238, 8, 70, 188, 246, '', 1, '2012-05-07 20:58:19', 1, 1),
(5239, 8, 70, 246, 189, '', 1, '2012-05-07 20:58:23', 1, 1),
(5240, 8, 70, 189, 246, '', 1, '2012-05-07 20:58:24', 1, 1),
(5241, 8, 67, 252, 241, '', 1, '2012-05-07 20:58:27', 1, 1),
(5242, 8, 67, 241, 254, '', 1, '2012-05-07 20:58:46', 1, 1),
(5243, 8, 70, 246, 193, '', 1, '2012-05-07 20:59:46', 1, 1),
(5244, 8, 70, 195, 246, '', 1, '2012-05-07 20:59:56', 1, 1),
(5245, 8, 70, 197, 246, '', 1, '2012-05-07 21:00:00', 1, 1),
(5246, 8, 70, 200, 246, '', 1, '2012-05-07 21:00:06', 1, 1),
(5247, 8, 70, 202, 246, '', 1, '2012-05-07 21:00:11', 1, 1),
(5248, 8, 70, 246, 203, '', 1, '2012-05-07 21:00:25', 1, 1),
(5249, 8, 70, 203, 246, '', 1, '2012-05-07 21:00:26', 1, 1),
(5250, 8, 70, 205, 246, '', 1, '2012-05-07 21:00:35', 1, 1),
(5251, 8, 70, 246, 208, '', 1, '2012-05-07 21:00:47', 1, 1),
(5252, 8, 70, 208, 246, '', 1, '2012-05-07 21:00:48', 1, 1),
(5253, 8, 70, 209, 246, '', 1, '2012-05-07 21:00:59', 1, 1),
(5254, 8, 70, 246, 210, '', -1, '2012-05-07 21:01:11', 1, 1),
(5255, 8, 70, 211, 246, '', 1, '2012-05-07 21:01:26', 1, 1),
(5256, 8, 70, 246, 213, '', 1, '2012-05-07 21:01:33', 1, 1),
(5257, 8, 70, 213, 246, '', 1, '2012-05-07 21:01:34', 1, 1),
(5258, 8, 70, 246, 214, '', 1, '2012-05-07 21:01:41', 1, 1),
(5259, 8, 70, 214, 246, '', 1, '2012-05-07 21:01:42', 1, 1),
(5260, 8, 70, 246, 218, '', 1, '2012-05-07 21:01:49', 1, 1),
(5261, 8, 70, 218, 246, '', 1, '2012-05-07 21:01:50', 1, 1),
(5262, 8, 70, 246, 219, '', 1, '2012-05-07 21:02:15', 1, 1),
(5263, 8, 70, 219, 246, '', 1, '2012-05-07 21:02:16', 1, 1),
(5264, 8, 70, 246, 221, '', 1, '2012-05-07 21:02:28', 1, 1),
(5265, 8, 70, 221, 246, '', 1, '2012-05-07 21:02:30', 1, 1),
(5266, 8, 67, 185, 149, '', 1, '2012-05-07 21:02:34', 1, 1),
(5267, 8, 70, 223, 246, '', -9, '0000-00-00 00:00:00', 1, 1),
(5268, 8, 67, 99, 149, '', 1, '2012-05-07 21:02:38', 1, 1),
(5269, 8, 67, 108, 149, '', 1, '2012-05-07 21:02:46', 1, 1),
(5270, 8, 67, 121, 149, '', 1, '2012-05-07 21:02:55', 1, 1),
(5271, 8, 70, 246, 227, '', -1, '2012-05-07 21:02:56', 1, 1),
(5272, 8, 67, 131, 149, '', 1, '2012-05-07 21:03:00', 1, 1),
(5273, 8, 67, 132, 149, '', 1, '2012-05-07 21:03:18', 1, 1),
(5274, 8, 70, 246, 229, '', 1, '2012-05-07 21:03:22', 1, 1),
(5275, 8, 70, 229, 246, '', 1, '2012-05-07 21:03:24', 1, 1),
(5276, 8, 67, 148, 149, '', 1, '2012-05-07 21:03:29', 1, 1),
(5277, 8, 70, 246, 230, '', 1, '2012-05-07 21:03:41', 1, 1),
(5278, 8, 70, 230, 246, '', 1, '2012-05-07 21:03:43', 1, 1),
(5279, 8, 67, 172, 149, '', 1, '2012-05-07 21:03:58', 1, 1),
(5280, 8, 67, 176, 149, '', 1, '2012-05-07 21:03:53', 1, 1),
(5281, 8, 67, 90, 149, '', 1, '2012-05-07 21:04:05', 1, 1),
(5282, 8, 70, 246, 233, '', 1, '2012-05-07 21:04:09', 1, 1),
(5283, 8, 70, 233, 246, '', 1, '2012-05-07 21:04:11', 1, 1),
(5284, 8, 67, 195, 149, '', 1, '2012-05-07 21:04:13', 1, 1),
(5285, 8, 70, 246, 236, '', 1, '2012-05-07 21:04:19', 1, 1),
(5286, 8, 70, 236, 246, '', 1, '2012-05-07 21:04:21', 1, 1),
(5287, 8, 67, 197, 149, '', 1, '2012-05-07 21:04:22', 1, 1),
(5288, 8, 70, 239, 246, '', 1, '2012-05-07 21:04:27', 1, 1),
(5289, 8, 67, 202, 149, '', 1, '2012-05-07 21:04:34', 1, 1),
(5290, 8, 70, 246, 241, '', 1, '2012-05-07 21:04:36', 1, 1),
(5291, 8, 70, 241, 246, '', 1, '2012-05-07 21:04:37', 1, 1),
(5292, 8, 67, 203, 149, '', 1, '2012-05-07 21:04:40', 1, 1),
(5293, 8, 67, 210, 149, '', -1, '2012-05-07 21:04:51', 1, 1),
(5294, 8, 70, 246, 242, '', 1, '2012-05-07 21:04:48', 1, 1),
(5295, 8, 70, 242, 246, '', 1, '2012-05-07 21:04:49', 1, 1),
(5296, 8, 67, 214, 149, '', 1, '2012-05-07 21:04:56', 1, 1),
(5297, 8, 70, 246, 243, '', 1, '2012-05-07 21:04:55', 1, 1),
(5298, 8, 70, 243, 246, '', 1, '2012-05-07 21:04:56', 1, 1),
(5299, 8, 70, 246, 244, '', 1, '2012-05-07 21:05:03', 1, 1),
(5300, 8, 70, 244, 246, '', 1, '2012-05-07 21:05:06', 1, 1),
(5301, 8, 67, 149, 221, '', 1, '2012-05-07 21:05:12', 1, 1),
(5302, 8, 67, 221, 149, '', 1, '2012-05-07 21:05:14', 1, 1),
(5303, 8, 70, 246, 245, '', 1, '2012-05-07 21:05:11', 1, 1),
(5304, 8, 70, 245, 246, '', 1, '2012-05-07 21:05:13', 1, 1),
(5305, 8, 70, 246, 248, '', 1, '2012-05-07 21:05:20', 1, 1),
(5306, 8, 70, 248, 246, '', 1, '2012-05-07 21:05:21', 1, 1),
(5307, 8, 67, 223, 149, '', 1, '2012-05-07 21:05:21', 1, 1),
(5308, 8, 70, 246, 249, '', 1, '2012-05-07 21:05:25', 1, 1),
(5309, 8, 70, 249, 246, '', 1, '2012-05-07 21:05:26', 1, 1),
(5310, 8, 70, 246, 250, '', 1, '2012-05-07 21:05:32', 1, 1),
(5311, 8, 70, 250, 246, '', 1, '2012-05-07 21:05:33', 1, 1),
(5312, 8, 70, 251, 246, '', 1, '2012-05-07 21:05:43', 1, 1),
(5313, 8, 70, 252, 246, '', 1, '2012-05-07 21:05:50', 1, 1),
(5314, 8, 67, 239, 149, '', 1, '2012-05-07 21:05:54', 1, 1),
(5315, 8, 70, 246, 253, '', 1, '2012-05-07 21:05:59', 1, 1),
(5316, 8, 67, 248, 149, '', 1, '2012-05-07 21:06:04', 1, 1),
(5317, 8, 70, 246, 254, '', 1, '2012-05-07 21:06:09', 1, 1),
(5318, 8, 70, 254, 246, '', 1, '2012-05-07 21:06:10', 1, 1),
(5319, 8, 67, 149, 161, '', -1, '2012-05-07 21:06:13', 1, 1),
(5320, 8, 67, 163, 149, '', 1, '2012-05-07 21:06:22', 1, 1),
(5321, 8, 67, 166, 149, '', 1, '2012-05-07 21:06:30', 1, 1),
(5322, 8, 67, 167, 149, '', 1, '2012-05-07 21:06:40', 1, 1),
(5323, 8, 67, 169, 149, '', 1, '2012-05-07 21:06:56', 1, 1),
(5324, 8, 67, 86, 149, '', 1, '2012-05-07 21:07:04', 1, 1),
(5325, 8, 67, 173, 149, '', 1, '2012-05-07 21:07:41', 1, 1),
(5326, 8, 67, 174, 149, '', 1, '2012-05-07 21:08:05', 1, 1),
(5327, 8, 67, 175, 149, '', 1, '2012-05-07 21:07:54', 1, 1),
(5328, 8, 67, 101, 149, '', 1, '2012-05-07 21:07:58', 1, 1),
(5330, 8, 67, 184, 149, '', 1, '2012-05-07 21:08:25', 1, 1),
(5331, 8, 67, 122, 149, '', 1, '2012-05-07 21:08:31', 1, 1),
(5332, 8, 67, 81, 149, '', 1, '2012-05-07 21:08:41', 1, 1),
(5333, 8, 67, 188, 149, '', 1, '2012-05-07 21:08:51', 1, 1),
(5334, 8, 67, 189, 149, '', 1, '2012-05-07 21:09:01', 1, 1),
(5335, 8, 67, 123, 149, '', 1, '2012-05-07 21:09:13', 1, 1),
(5336, 8, 67, 192, 149, '', 1, '2012-05-07 21:09:24', 1, 1),
(5337, 8, 67, 149, 254, '', 1, '2012-05-07 21:09:37', 1, 1),
(5338, 8, 67, 104, 149, '', 1, '2012-05-07 21:09:46', 1, 1),
(5339, 8, 67, 133, 149, '', 1, '2012-05-07 21:10:06', 1, 1),
(5340, 8, 67, 200, 149, '', 1, '2012-05-07 21:10:13', 1, 1),
(5341, 8, 67, 134, 149, '', 1, '2012-05-07 21:10:20', 1, 1),
(5343, 8, 67, 208, 149, '', 1, '2012-05-07 21:10:56', 1, 1),
(5344, 8, 67, 138, 149, '', 1, '2012-05-08 20:14:50', 1, 1),
(5345, 8, 23, 245, 85, '', -9, '0000-00-00 00:00:00', 1, 1),
(5346, 8, 30, 81, 248, '', 1, '2012-05-07 21:48:54', 1, 1),
(5347, 8, 30, 90, 248, '', 1, '2012-05-07 21:49:09', 1, 1),
(5348, 8, 30, 248, 96, '', 1, '2012-05-07 21:49:17', 1, 1),
(5349, 8, 30, 248, 131, '', 1, '2012-05-07 21:50:18', 1, 1),
(5350, 8, 30, 248, 132, '', 1, '2012-05-07 21:50:27', 1, 1),
(5351, 8, 30, 148, 248, '', 1, '2012-05-07 21:51:25', 1, 1),
(5352, 8, 30, 248, 156, '', -1, '2012-05-07 21:52:12', 1, 1),
(5353, 8, 30, 248, 161, '', 1, '2012-05-07 21:53:03', 1, 1),
(5354, 8, 30, 248, 176, '', -1, '2012-05-07 21:55:25', 1, 1),
(5355, 8, 30, 248, 188, '', 1, '2012-05-07 21:55:52', 1, 1),
(5356, 8, 30, 248, 191, '', 1, '2012-05-07 21:56:09', 1, 1),
(5357, 8, 30, 248, 200, '', 1, '2012-05-07 21:56:37', 1, 1),
(5358, 8, 30, 203, 248, '', -1, '2012-05-07 21:56:47', 1, 1),
(5359, 8, 30, 248, 241, '', 1, '2012-05-07 21:58:12', 1, 1),
(5360, 8, 30, 242, 248, '', 1, '2012-05-07 21:58:22', 1, 1),
(5361, 8, 30, 248, 243, '', 1, '2012-05-07 21:58:30', 1, 1),
(5362, 8, 30, 248, 245, '', 1, '2012-05-07 21:59:03', 1, 1),
(5363, 8, 61, 254, 99, '', 1, '2012-05-08 05:37:59', 1, 1),
(5364, 8, 61, 254, 90, '', 1, '2012-05-08 05:38:06', 1, 1),
(5365, 8, 61, 254, 107, '', 1, '2012-05-08 05:38:25', 1, 1),
(5366, 8, 61, 254, 111, '', 1, '2012-05-08 05:38:44', 1, 1),
(5368, 8, 61, 254, 122, '', 1, '2012-05-08 05:39:00', 1, 1),
(5369, 8, 30, 81, 156, '', 1, '2012-05-08 06:14:43', 1, 1),
(5370, 8, 30, 156, 85, '', -1, '2012-05-08 06:15:02', 1, 1),
(5371, 8, 30, 86, 156, '', 1, '2012-05-08 06:15:15', 1, 1),
(5372, 8, 30, 156, 96, '', 1, '2012-05-08 06:15:35', 1, 1),
(5374, 8, 30, 156, 99, '', 1, '2012-05-08 06:16:12', 1, 1),
(5375, 8, 30, 99, 156, '', -1, '2012-05-08 06:16:27', 1, 1),
(5376, 8, 30, 156, 104, '', 1, '2012-05-08 06:17:07', 1, 1),
(5377, 8, 30, 107, 156, '', 1, '2012-05-08 06:18:00', 1, 1),
(5378, 8, 30, 156, 142, '', 1, '2012-05-08 06:18:27', 1, 1),
(5379, 8, 30, 148, 156, '', -1, '2012-05-08 06:18:54', 1, 1),
(5380, 8, 30, 156, 162, '', 1, '2012-05-08 06:20:16', 1, 1),
(5381, 8, 30, 156, 169, '', 1, '2012-05-08 06:20:44', 1, 1),
(5382, 8, 30, 156, 173, '', 1, '2012-05-08 06:22:14', 1, 1),
(5383, 8, 30, 173, 156, '', -1, '2012-05-08 06:22:08', 1, 1),
(5384, 8, 30, 156, 176, '', 1, '2012-05-08 06:22:41', 1, 1),
(5385, 8, 30, 156, 184, '', 1, '2012-05-08 06:22:58', 1, 1),
(5386, 8, 30, 156, 188, '', 1, '2012-05-08 06:24:21', 1, 1),
(5387, 8, 30, 156, 192, '', 1, '2012-05-08 06:25:21', 1, 1),
(5388, 8, 30, 193, 156, '', 1, '2012-05-08 06:25:47', 1, 1),
(5389, 8, 30, 202, 156, '', -1, '2012-05-08 06:26:25', 1, 1),
(5390, 8, 30, 156, 203, '', 1, '2012-05-08 06:26:50', 1, 1),
(5391, 8, 30, 209, 156, '', 1, '2012-05-08 06:28:49', 1, 1),
(5392, 8, 30, 211, 156, '', 1, '2012-05-08 06:29:08', 1, 1),
(5393, 8, 30, 214, 156, '', -1, '2012-05-08 06:29:29', 1, 1),
(5394, 8, 30, 242, 156, '', 1, '2012-05-08 06:30:20', 1, 1),
(5395, 8, 30, 156, 243, '', 1, '2012-05-08 06:30:29', 1, 1),
(5397, 8, 61, 254, 162, '', 1, '2012-05-08 06:44:28', 1, 1),
(5398, 8, 61, 254, 174, '', 1, '2012-05-08 06:44:54', 1, 1),
(5399, 8, 61, 174, 254, '', 1, '2012-05-08 06:44:55', 1, 1),
(5400, 8, 61, 254, 175, '', 1, '2012-05-08 06:45:11', 1, 1),
(5401, 8, 61, 175, 254, '', 1, '2012-05-08 06:45:12', 1, 1),
(5402, 8, 61, 254, 188, '', 1, '2012-05-08 06:46:37', 1, 1),
(5403, 8, 61, 188, 254, '', 1, '2012-05-08 06:46:38', 1, 1),
(5404, 8, 61, 254, 189, '', 1, '2012-05-08 06:46:46', 1, 1),
(5405, 8, 61, 189, 254, '', 1, '2012-05-08 06:46:47', 1, 1),
(5406, 8, 61, 254, 195, '', 1, '2012-05-08 06:47:08', 1, 1),
(5407, 8, 61, 195, 254, '', 1, '2012-05-08 06:47:10', 1, 1),
(5408, 8, 61, 254, 202, '', 1, '2012-05-08 06:47:20', 1, 1),
(5409, 8, 61, 254, 200, '', 1, '2012-05-08 06:47:27', 1, 1),
(5410, 8, 61, 200, 254, '', 1, '2012-05-08 06:47:31', 1, 1),
(5411, 8, 61, 254, 213, '', 1, '2012-05-08 06:48:04', 1, 1),
(5412, 8, 61, 213, 254, '', 1, '2012-05-08 06:48:05', 1, 1),
(5413, 8, 61, 221, 254, '', 1, '2012-05-08 06:48:22', 1, 1),
(5415, 8, 61, 254, 223, '', 1, '2012-05-08 06:48:59', 1, 1),
(5416, 8, 61, 223, 254, 'Depending whether it is institution or individual - institutions are good in making their data anonymous - whilst they should be more transparent about it, however individual is more vulnerable to have her data use is malicious way - so that she would benefit with tool allowing anonymising data much more...', -1, '2012-05-08 06:48:57', 1, 1),
(5417, 8, 61, 254, 249, '', 1, '2012-05-08 06:56:53', 1, 1),
(5418, 8, 61, 249, 254, '', 1, '2012-05-08 06:56:55', 1, 1),
(5419, 8, 61, 254, 253, '', 1, '2012-05-08 06:57:12', 1, 1),
(5420, 8, 61, 253, 254, '', 1, '2012-05-08 06:57:13', 1, 1),
(5421, 8, 61, 253, 99, '', 1, '2012-05-08 06:57:48', 1, 1),
(5422, 8, 61, 99, 253, '', 1, '2012-05-08 06:57:51', 1, 1),
(5425, 8, 74, 86, 85, '', -9, '0000-00-00 00:00:00', 1, 1),
(5428, 8, 61, 253, 107, '', 1, '2012-05-08 07:02:06', 1, 1),
(5430, 8, 68, 99, 247, '', 1, '2012-05-08 08:45:13', 1, 1),
(5431, 8, 68, 101, 247, '', 1, '2012-05-08 08:45:14', 1, 1),
(5432, 8, 68, 104, 247, '', 1, '2012-05-08 08:45:14', 1, 1),
(5433, 8, 68, 107, 247, '', 1, '2012-05-08 08:45:18', 1, 1),
(5434, 8, 68, 108, 247, '', 1, '2012-05-08 08:45:19', 1, 1),
(5435, 8, 68, 122, 247, '', 1, '2012-05-08 08:45:21', 1, 1),
(5436, 8, 68, 123, 247, '', 1, '2012-05-08 08:45:22', 1, 1),
(5437, 8, 68, 131, 247, '', 1, '2012-05-08 08:45:23', 1, 1),
(5438, 8, 68, 133, 247, '', 1, '2012-05-08 08:45:25', 1, 1),
(5439, 8, 68, 134, 247, '', 1, '2012-05-08 08:45:28', 1, 1),
(5440, 8, 68, 247, 144, '', 1, '2012-05-08 08:43:47', 1, 1),
(5441, 8, 68, 247, 166, '', 1, '2012-05-08 08:24:40', 1, 1),
(5442, 8, 68, 247, 167, '', 1, '2012-05-08 08:45:34', 1, 1),
(5443, 8, 68, 247, 169, '', 1, '2012-05-08 08:44:16', 1, 1),
(5444, 8, 68, 175, 247, '', 1, '2012-05-08 07:54:45', 1, 1),
(5445, 8, 68, 184, 247, '', 1, '2012-05-08 08:45:38', 1, 1),
(5447, 8, 68, 247, 190, '', 1, '2012-05-08 08:45:41', 1, 1),
(5448, 8, 68, 192, 247, '', 1, '2012-05-08 08:45:43', 1, 1),
(5449, 8, 68, 202, 247, '', 1, '2012-05-08 08:45:46', 1, 1),
(5451, 8, 68, 223, 247, '', 1, '2012-05-08 08:45:53', 1, 1),
(5452, 8, 68, 221, 247, '', 1, '2012-05-08 08:45:51', 1, 1),
(5453, 8, 68, 247, 245, '', 1, '2012-05-08 08:45:56', 1, 1),
(5454, 8, 68, 245, 247, '', 1, '2012-05-08 08:45:58', 1, 1),
(5455, 8, 68, 247, 248, '', 1, '2012-05-08 08:45:59', 1, 1),
(5456, 8, 68, 248, 247, '', 1, '2012-05-08 08:46:01', 1, 1),
(5457, 8, 68, 85, 96, '', 1, '2012-05-08 08:41:17', 1, 1),
(5458, 8, 68, 86, 96, '', 1, '2012-05-08 08:07:06', 1, 1),
(5459, 8, 68, 96, 104, '', 1, '2012-05-08 08:07:33', 1, 1),
(5460, 8, 68, 104, 96, '', 1, '2012-05-08 08:07:39', 1, 1),
(5461, 8, 68, 96, 144, '', 1, '2012-05-08 08:41:27', 1, 1),
(5462, 8, 68, 144, 96, '', 1, '2012-05-08 08:41:28', 1, 1),
(5463, 8, 68, 96, 146, '', 1, '2012-05-08 08:41:34', 1, 1),
(5464, 8, 68, 146, 96, '', 1, '2012-05-08 08:44:47', 1, 1),
(5465, 8, 68, 156, 96, '', 1, '2012-05-08 08:09:22', 1, 1),
(5466, 8, 68, 96, 161, '', 1, '2012-05-08 08:41:41', 1, 1),
(5467, 8, 68, 96, 163, '', 1, '2012-05-08 08:41:50', 1, 1),
(5468, 8, 68, 163, 96, '', 1, '2012-05-08 08:41:49', 1, 1),
(5469, 8, 68, 96, 166, '', 1, '2012-05-08 08:24:26', 1, 1),
(5470, 8, 68, 166, 96, '', 1, '2012-05-08 08:24:24', 1, 1),
(5471, 8, 68, 96, 169, '', 1, '2012-05-08 08:41:54', 1, 1),
(5472, 8, 68, 169, 96, '', 1, '2012-05-08 08:41:55', 1, 1),
(5473, 8, 68, 96, 192, '', 1, '2012-05-08 08:42:00', 1, 1),
(5474, 8, 68, 192, 96, '', 1, '2012-05-08 08:42:01', 1, 1),
(5475, 8, 68, 202, 96, '', 1, '2012-05-08 08:42:04', 1, 1),
(5476, 8, 68, 210, 96, '', -1, '2012-05-08 08:11:32', 1, 1),
(5477, 8, 68, 96, 223, '', 1, '2012-05-08 08:42:12', 1, 1),
(5478, 8, 68, 223, 96, '', 1, '2012-05-08 08:42:14', 1, 1),
(5481, 8, 68, 96, 233, '', 1, '2012-05-08 08:42:40', 1, 1),
(5482, 8, 68, 233, 96, '', 1, '2012-05-08 08:42:42', 1, 1),
(5483, 8, 68, 96, 236, '', 1, '2012-05-08 08:42:44', 1, 1),
(5484, 8, 68, 236, 96, '', 1, '2012-05-08 08:42:45', 1, 1),
(5485, 8, 68, 244, 96, '', 1, '2012-05-08 08:42:50', 1, 1),
(5486, 8, 68, 96, 248, '', 1, '2012-05-08 08:42:55', 1, 1),
(5487, 8, 68, 248, 96, '', 1, '2012-05-08 08:42:56', 1, 1),
(5488, 8, 68, 96, 247, '', 1, '2012-05-08 08:42:53', 1, 1),
(5489, 8, 68, 247, 96, '', 1, '2012-05-08 08:42:54', 1, 1),
(5490, 8, 68, 144, 99, '', 1, '2012-05-08 08:43:09', 1, 1),
(5491, 8, 68, 99, 144, '', 1, '2012-05-08 08:43:11', 1, 1),
(5492, 8, 68, 144, 104, '', 1, '2012-05-08 08:43:14', 1, 1),
(5493, 8, 68, 104, 144, '', 1, '2012-05-08 08:43:15', 1, 1),
(5494, 8, 68, 144, 107, '', 1, '2012-05-08 08:43:17', 1, 1),
(5495, 8, 68, 107, 144, '', 1, '2012-05-08 08:43:18', 1, 1),
(5496, 8, 68, 144, 138, '', 1, '2012-05-08 08:43:22', 1, 1),
(5497, 8, 68, 138, 144, '', 1, '2012-05-08 08:43:24', 1, 1),
(5498, 8, 68, 144, 161, '', 1, '2012-05-08 08:43:29', 1, 1),
(5499, 8, 68, 144, 166, '', 1, '2012-05-08 08:16:54', 1, 1),
(5500, 8, 68, 167, 144, '', 1, '2012-05-08 08:43:32', 1, 1),
(5501, 8, 68, 144, 169, '', 1, '2012-05-08 08:43:34', 1, 1),
(5502, 8, 68, 144, 189, '', 1, '2012-05-08 08:43:38', 1, 1),
(5503, 8, 68, 202, 144, '', 1, '2012-05-08 08:43:42', 1, 1),
(5504, 8, 68, 230, 96, '', 1, '2012-05-08 08:42:35', 1, 1),
(5505, 8, 68, 247, 213, '', 1, '2012-05-08 08:46:51', 1, 1),
(5506, 8, 68, 81, 247, '', 1, '2012-05-08 08:47:05', 1, 1),
(5507, 8, 25, 176, 81, '', 1, '2012-05-08 10:56:56', 1, 1),
(5508, 8, 25, 81, 176, '', 1, '2012-05-08 10:57:02', 1, 1),
(5509, 8, 25, 176, 149, '', 1, '2012-05-08 10:59:57', 1, 1),
(5510, 8, 25, 176, 161, '', 1, '2012-05-08 11:00:13', 1, 1),
(5511, 8, 25, 176, 169, '', 1, '2012-05-08 11:00:31', 1, 1),
(5512, 8, 25, 172, 176, '', 1, '2012-05-08 11:00:44', 1, 1),
(5513, 8, 25, 176, 184, '', 1, '2012-05-08 11:01:25', 1, 1),
(5514, 8, 25, 176, 210, '', -1, '2012-05-08 11:02:03', 1, 1),
(5515, 8, 25, 176, 218, '', 1, '2012-05-08 11:02:20', 1, 1),
(5516, 8, 25, 221, 176, '', 1, '2012-05-08 11:02:28', 1, 1),
(5517, 8, 25, 227, 176, '', 1, '2012-05-08 11:02:40', 1, 1),
(5518, 8, 25, 176, 250, '', 1, '2012-05-08 11:03:22', 1, 1),
(5519, 8, 25, 176, 252, '', 1, '2012-05-08 11:03:31', 1, 1),
(5520, 8, 25, 176, 253, '', 1, '2012-05-08 11:03:34', 1, 1),
(5521, 8, 25, 176, 254, '', 1, '2012-05-08 11:03:40', 1, 1),
(5522, 8, 25, 86, 189, '', 1, '2012-05-08 11:05:35', 1, 1),
(5523, 8, 25, 107, 189, '', 1, '2012-05-08 11:06:18', 1, 1),
(5524, 8, 25, 108, 189, '', 1, '2012-05-08 11:06:30', 1, 1),
(5525, 8, 25, 189, 142, '', 1, '2012-05-08 11:07:12', 1, 1),
(5526, 8, 25, 144, 189, '', 1, '2012-05-08 11:07:18', 1, 1),
(5527, 8, 25, 189, 146, '', 1, '2012-05-08 11:07:21', 1, 1),
(5528, 8, 25, 149, 189, '', 1, '2012-05-08 11:07:31', 1, 1),
(5529, 8, 25, 189, 161, '', 1, '2012-05-08 11:07:48', 1, 1),
(5530, 8, 25, 162, 189, '', 1, '2012-05-08 11:07:55', 1, 1),
(5531, 8, 25, 166, 189, '', 1, '2012-05-08 11:08:15', 1, 1),
(5532, 8, 25, 169, 189, '', 1, '2012-05-08 11:08:21', 1, 1),
(5533, 8, 25, 175, 189, '', 1, '2012-05-08 11:08:36', 1, 1),
(5534, 8, 25, 189, 205, '', 1, '2012-05-08 11:09:17', 1, 1),
(5535, 8, 25, 205, 189, '', 1, '2012-05-08 11:09:19', 1, 1),
(5536, 8, 25, 213, 189, '', 1, '2012-05-08 11:09:41', 1, 1),
(5537, 8, 25, 189, 219, '', 1, '2012-05-08 11:09:55', 1, 1),
(5538, 8, 25, 219, 189, '', 1, '2012-05-08 11:09:56', 1, 1),
(5539, 8, 25, 245, 189, '', 1, '2012-05-08 11:10:33', 1, 1),
(5540, 8, 25, 246, 189, '', 1, '2012-05-08 11:10:37', 1, 1),
(5541, 8, 25, 189, 253, '', 1, '2012-05-08 11:10:56', 1, 1),
(5542, 8, 25, 189, 252, '', 1, '2012-05-08 11:11:02', 1, 1),
(5543, 8, 25, 244, 189, '', 1, '2012-05-08 11:11:28', 1, 1),
(5544, 8, 25, 189, 190, '', 1, '2012-05-08 11:12:09', 1, 1),
(5545, 8, 25, 81, 254, '', 1, '2012-05-08 11:12:51', 1, 1),
(5546, 8, 25, 90, 254, '', 1, '2012-05-08 11:13:06', 1, 1),
(5547, 8, 25, 96, 254, '', 1, '2012-05-08 11:13:12', 1, 1),
(5548, 8, 25, 99, 254, '', 1, '2012-05-08 11:13:18', 1, 1),
(5549, 8, 25, 254, 107, '', 1, '2012-05-08 11:13:50', 1, 1),
(5550, 8, 25, 107, 254, '', 1, '2012-05-08 11:13:51', 1, 1),
(5551, 8, 25, 108, 254, '', 1, '2012-05-08 11:13:58', 1, 1),
(5552, 8, 25, 123, 254, '', 1, '2012-05-08 11:14:15', 1, 1),
(5553, 8, 25, 131, 254, '', 1, '2012-05-08 11:14:18', 1, 1),
(5554, 8, 25, 132, 254, '', 1, '2012-05-08 11:14:24', 1, 1),
(5555, 8, 25, 133, 254, '', 1, '2012-05-08 11:14:31', 1, 1),
(5556, 8, 25, 134, 254, '', 1, '2012-05-08 11:14:34', 1, 1),
(5557, 8, 25, 254, 142, '', 1, '2012-05-08 11:14:45', 1, 1),
(5558, 8, 25, 254, 144, '', 1, '2012-05-08 11:14:55', 1, 1),
(5559, 8, 25, 144, 254, '', 1, '2012-05-08 11:14:56', 1, 1),
(5560, 8, 25, 254, 146, '', 1, '2012-05-08 11:15:06', 1, 1),
(5561, 8, 25, 159, 254, '', 1, '2012-05-08 11:15:17', 1, 1),
(5562, 8, 25, 163, 254, '', 1, '2012-05-08 11:15:33', 1, 1),
(5563, 8, 25, 166, 254, '', 1, '2012-05-08 11:15:37', 1, 1),
(5564, 8, 25, 254, 167, '', 1, '2012-05-08 11:15:44', 1, 1),
(5565, 8, 25, 167, 254, '', 1, '2012-05-08 11:15:45', 1, 1),
(5566, 8, 25, 254, 169, '', 1, '2012-05-08 11:15:54', 1, 1),
(5567, 8, 25, 169, 254, '', 1, '2012-05-08 11:15:55', 1, 1),
(5568, 8, 25, 175, 254, '', 1, '2012-05-08 11:16:13', 1, 1),
(5569, 8, 25, 186, 254, '', 1, '2012-05-08 11:16:23', 1, 1),
(5570, 8, 25, 188, 254, '', 1, '2012-05-08 11:16:31', 1, 1),
(5571, 8, 25, 202, 254, '', 1, '2012-05-08 11:16:55', 1, 1),
(5572, 8, 25, 208, 254, '', 1, '2012-05-08 11:17:06', 1, 1),
(5573, 8, 25, 254, 218, '', 1, '2012-05-08 11:17:31', 1, 1),
(5574, 8, 25, 218, 254, '', 1, '2012-05-08 11:17:32', 1, 1),
(5575, 8, 25, 254, 219, '', 1, '2012-05-08 11:17:38', 1, 1),
(5576, 8, 25, 219, 254, '', 1, '2012-05-08 11:17:39', 1, 1),
(5577, 8, 25, 221, 254, '', 1, '2012-05-08 11:17:46', 1, 1),
(5578, 8, 25, 229, 254, '', 1, '2012-05-08 11:17:58', 1, 1),
(5579, 8, 25, 242, 254, '', 1, '2012-05-08 11:18:10', 1, 1),
(5580, 8, 25, 254, 243, '', 1, '2012-05-08 11:18:14', 1, 1),
(5581, 8, 25, 243, 254, '', 1, '2012-05-08 11:18:15', 1, 1),
(5582, 8, 25, 244, 254, '', 1, '2012-05-08 11:18:21', 1, 1),
(5583, 8, 25, 247, 254, '', 1, '2012-05-08 11:18:35', 1, 1),
(5584, 8, 25, 248, 254, '', 1, '2012-05-08 11:18:38', 1, 1),
(5585, 8, 25, 251, 254, '', 1, '2012-05-08 11:18:47', 1, 1),
(5586, 8, 25, 254, 253, '', 1, '2012-05-08 11:18:53', 1, 1),
(5587, 8, 25, 85, 96, '', 1, '2012-05-08 11:19:41', 1, 1),
(5588, 8, 25, 85, 104, '', 1, '2012-05-08 11:19:57', 1, 1),
(5589, 8, 25, 104, 85, '', 1, '2012-05-08 11:19:58', 1, 1),
(5590, 8, 25, 85, 120, '', 1, '2012-05-08 11:20:11', 1, 1),
(5591, 8, 25, 120, 85, '', 1, '2012-05-08 11:20:13', 1, 1),
(5592, 8, 25, 85, 121, '', 1, '2012-05-08 11:20:19', 1, 1),
(5593, 8, 25, 121, 85, '', 1, '2012-05-08 11:20:21', 1, 1),
(5594, 8, 25, 85, 142, '', 1, '2012-05-08 11:20:48', 1, 1),
(5595, 8, 25, 142, 85, '', 1, '2012-05-08 11:20:49', 1, 1),
(5596, 8, 25, 172, 85, '', 1, '2012-05-08 11:21:32', 1, 1),
(5597, 8, 25, 85, 190, '', 1, '2012-05-08 11:22:08', 1, 1),
(5598, 8, 25, 85, 192, '', 1, '2012-05-08 11:22:19', 1, 1),
(5599, 8, 25, 192, 85, '', 1, '2012-05-08 11:22:20', 1, 1),
(5600, 8, 25, 85, 202, '', 1, '2012-05-08 11:22:34', 1, 1),
(5601, 8, 25, 85, 241, '', 1, '2012-05-08 11:23:13', 1, 1),
(5602, 8, 25, 85, 243, '', 1, '2012-05-08 11:23:23', 1, 1),
(5603, 8, 25, 85, 245, '', 1, '2012-05-08 11:23:31', 1, 1),
(5605, 8, 25, 85, 246, '', 1, '2012-05-08 11:23:42', 1, 1),
(5606, 8, 25, 246, 85, '', 1, '2012-05-08 11:23:43', 1, 1),
(5607, 8, 25, 85, 249, '', 1, '2012-05-08 11:23:55', 1, 1),
(5608, 8, 25, 85, 254, '', 1, '2012-05-08 11:24:05', 1, 1),
(5609, 8, 25, 90, 86, '', 1, '2012-05-08 11:24:56', 1, 1),
(5610, 8, 25, 86, 96, '', 1, '2012-05-08 11:25:02', 1, 1),
(5611, 8, 25, 102, 86, '', 1, '2012-05-08 11:25:21', 1, 1),
(5612, 8, 25, 144, 86, '', 1, '2012-05-08 11:25:52', 1, 1),
(5613, 8, 25, 169, 86, '', 1, '2012-05-08 11:26:19', 1, 1),
(5614, 8, 25, 86, 181, '', 1, '2012-05-08 11:26:36', 1, 1),
(5615, 8, 25, 181, 86, '', 1, '2012-05-08 11:26:37', 1, 1),
(5617, 8, 25, 86, 190, '', 1, '2012-05-08 11:26:58', 1, 1),
(5618, 8, 25, 190, 86, '', 1, '2012-05-08 11:26:59', 1, 1),
(5619, 8, 25, 202, 86, '', 1, '2012-05-08 11:27:18', 1, 1),
(5620, 8, 25, 86, 205, '', 1, '2012-05-08 11:27:25', 1, 1),
(5621, 8, 71, 173, 96, '', 1, '2012-05-08 11:27:40', 1, 1),
(5622, 8, 25, 243, 86, '', 1, '2012-05-08 11:28:04', 1, 1),
(5623, 8, 25, 86, 249, '', 1, '2012-05-08 11:28:21', 1, 1),
(5624, 8, 71, 173, 133, '', 1, '2012-05-08 11:28:58', 1, 1),
(5625, 8, 71, 173, 134, '', 1, '2012-05-08 11:29:11', 1, 1),
(5626, 8, 71, 173, 122, '', -1, '2012-05-08 11:33:02', 1, 1),
(5627, 8, 71, 122, 173, 'Invisibility is the wrong way to think about the data, its collection and its transmission. Instead we need to think of integrating it seamlessly into activities.', -1, '2012-05-08 11:33:09', 1, 1),
(5629, 8, 71, 173, 156, '', -1, '2012-05-08 11:34:50', 1, 1),
(5630, 8, 71, 173, 192, '', -1, '2012-05-08 11:35:58', 1, 1),
(5631, 8, 71, 173, 223, 'Making data and its flows invisible makes it hard for people to ask for anonymizing sensitive data. Out of sight = out of mind which implies a level of anonymity and protection that is not there. ', -1, '2012-05-08 11:36:49', 1, 1),
(5632, 8, 71, 173, 230, '', -1, '2012-05-08 11:37:55', 1, 1);
INSERT INTO `userLinks` (`id`, `projectId`, `userId`, `issueFromId`, `issueToId`, `comment`, `sign`, `modified`, `num_observers`, `tot_observers`) VALUES
(5633, 8, 71, 173, 236, 'There needs to be a conceptual link between the collection and creation of data, its transmittal, and the management of its flow. Without it, users see this as an abstract problem that they ignore until something happens. Then the big rage explosion.', -1, '2012-05-08 11:38:04', 1, 1),
(5634, 8, 25, 121, 96, '', 1, '2012-05-08 11:39:02', 1, 1),
(5635, 8, 25, 121, 99, '', 1, '2012-05-08 11:39:08', 1, 1),
(5636, 8, 25, 121, 104, '', 1, '2012-05-08 11:39:18', 1, 1),
(5637, 8, 71, 173, 242, 'Invisibility prevents data from feeling like a resource. We need to be able to sense it subtly and have its collection, processing and transmission integrated seamlessly into our environment.', -1, '2012-05-08 11:39:35', 1, 1),
(5638, 8, 25, 121, 131, '', 1, '2012-05-08 11:39:49', 1, 1),
(5639, 8, 25, 121, 142, '', 1, '2012-05-08 11:40:09', 1, 1),
(5640, 8, 25, 121, 149, '', 1, '2012-05-08 11:40:36', 1, 1),
(5641, 8, 25, 121, 156, '', 1, '2012-05-08 11:40:39', 1, 1),
(5642, 8, 25, 121, 169, '', 1, '2012-05-08 11:40:55', 1, 1),
(5643, 8, 25, 121, 172, '', 1, '2012-05-08 11:41:06', 1, 1),
(5644, 8, 25, 172, 121, '', 1, '2012-05-08 11:41:07', 1, 1),
(5645, 8, 71, 173, 245, 'Making data tangible helps people understand that it can be used to bring disparate folks together and form a community. By keeping it in the abstract it prevents folks from taking it into account.', -1, '2012-05-08 11:41:15', 1, 1),
(5646, 8, 25, 121, 190, '', 1, '2012-05-08 11:42:04', 1, 1),
(5647, 8, 25, 121, 192, '', 1, '2012-05-08 11:42:14', 1, 1),
(5648, 8, 25, 192, 121, '', 1, '2012-05-08 11:42:15', 1, 1),
(5649, 8, 25, 121, 193, '', 1, '2012-05-08 11:42:20', 1, 1),
(5650, 8, 25, 121, 200, '', 1, '2012-05-08 11:42:29', 1, 1),
(5652, 8, 25, 121, 223, '', 1, '2012-05-08 11:43:07', 1, 1),
(5653, 8, 25, 223, 121, '', 1, '2012-05-08 11:43:08', 1, 1),
(5655, 8, 25, 121, 233, '', 1, '2012-05-08 11:43:21', 1, 1),
(5656, 8, 25, 233, 121, '', 1, '2012-05-08 11:43:22', 1, 1),
(5657, 8, 71, 173, 249, '', -1, '2012-05-08 11:43:30', 1, 1),
(5658, 8, 71, 173, 250, '', -1, '2012-05-08 11:43:34', 1, 1),
(5659, 8, 71, 173, 251, 'Invisibility inhibits learning because it hides how the real world changes data. Need to think about seamless integration.', -1, '2012-05-08 11:43:39', 1, 1),
(5660, 8, 25, 121, 236, '', 1, '2012-05-08 11:43:58', 1, 1),
(5661, 8, 25, 236, 121, '', 1, '2012-05-08 11:43:59', 1, 1),
(5662, 8, 25, 121, 241, '', 1, '2012-05-08 11:44:19', 1, 1),
(5663, 8, 25, 121, 243, '', 1, '2012-05-08 11:44:23', 1, 1),
(5664, 8, 71, 173, 252, '', -1, '2012-05-08 11:44:28', 1, 1),
(5665, 8, 25, 121, 246, '', 1, '2012-05-08 11:44:31', 1, 1),
(5666, 8, 71, 173, 254, '', -1, '2012-05-08 11:44:34', 1, 1),
(5667, 8, 25, 121, 248, '', 1, '2012-05-08 11:44:42', 1, 1),
(5668, 8, 25, 121, 250, '', 1, '2012-05-08 11:45:00', 1, 1),
(5669, 8, 71, 81, 188, '', 1, '2012-05-08 11:45:27', 1, 1),
(5670, 8, 71, 85, 188, '', 1, '2012-05-08 11:45:39', 1, 1),
(5671, 8, 71, 86, 188, '', 1, '2012-05-08 11:45:45', 1, 1),
(5672, 8, 71, 101, 188, '', 1, '2012-05-08 11:46:06', 1, 1),
(5673, 8, 71, 102, 188, '', 1, '2012-05-08 11:46:15', 1, 1),
(5675, 8, 71, 188, 104, '', 1, '2012-05-08 11:46:31', 1, 1),
(5676, 8, 25, 172, 96, '', 1, '2012-05-08 11:47:30', 1, 1),
(5677, 8, 25, 172, 99, '', 1, '2012-05-08 11:47:38', 1, 1),
(5678, 8, 25, 172, 123, '', 1, '2012-05-08 11:48:14', 1, 1),
(5679, 8, 25, 172, 131, '', 1, '2012-05-08 11:48:17', 1, 1),
(5680, 8, 25, 172, 132, '', 1, '2012-05-08 11:48:25', 1, 1),
(5681, 8, 25, 172, 149, '', 1, '2012-05-08 11:48:42', 1, 1),
(5682, 8, 25, 172, 156, '', 1, '2012-05-08 11:48:47', 1, 1),
(5683, 8, 25, 172, 184, '', 1, '2012-05-08 11:49:17', 1, 1),
(5684, 8, 25, 172, 210, '', -1, '2012-05-08 11:49:50', 1, 1),
(5685, 8, 25, 172, 221, '', 1, '2012-05-08 11:50:05', 1, 1),
(5686, 8, 25, 223, 172, '', 1, '2012-05-08 11:50:18', 1, 1),
(5687, 8, 25, 172, 230, '', 1, '2012-05-08 11:50:25', 1, 1),
(5688, 8, 25, 172, 236, '', 1, '2012-05-08 11:51:18', 1, 1),
(5689, 8, 25, 172, 233, '', 1, '2012-05-08 11:51:24', 1, 1),
(5690, 8, 25, 172, 243, '', 1, '2012-05-08 11:51:31', 1, 1),
(5691, 8, 25, 172, 248, '', 1, '2012-05-08 11:51:42', 1, 1),
(5692, 8, 25, 172, 249, '', 1, '2012-05-08 11:51:47', 1, 1),
(5693, 8, 25, 172, 250, '', 1, '2012-05-08 11:51:50', 1, 1),
(5694, 8, 25, 85, 200, '', 1, '2012-05-08 11:53:27', 1, 1),
(5695, 8, 25, 86, 200, '', 1, '2012-05-08 11:53:31', 1, 1),
(5696, 8, 25, 90, 200, '', 1, '2012-05-08 11:53:35', 1, 1),
(5697, 8, 25, 200, 96, '', 1, '2012-05-08 11:53:42', 1, 1),
(5698, 8, 25, 101, 200, '', 1, '2012-05-08 11:53:52', 1, 1),
(5699, 8, 25, 102, 200, '', 1, '2012-05-08 11:53:54', 1, 1),
(5700, 8, 25, 133, 200, '', 1, '2012-05-08 11:54:20', 1, 1),
(5701, 8, 25, 132, 200, '', 1, '2012-05-08 11:54:24', 1, 1),
(5702, 8, 25, 200, 142, '', 1, '2012-05-08 11:54:37', 1, 1),
(5703, 8, 25, 144, 200, '', 1, '2012-05-08 11:54:44', 1, 1),
(5704, 8, 25, 159, 200, '', 1, '2012-05-08 11:55:20', 1, 1),
(5705, 8, 25, 167, 200, '', 1, '2012-05-08 11:55:40', 1, 1),
(5707, 8, 25, 200, 169, '', 1, '2012-05-08 11:55:52', 1, 1),
(5708, 8, 25, 169, 200, '', 1, '2012-05-08 11:55:53', 1, 1),
(5709, 8, 25, 172, 200, '', 1, '2012-05-08 11:56:03', 1, 1),
(5710, 8, 25, 175, 200, '', 1, '2012-05-08 11:56:15', 1, 1),
(5711, 8, 25, 181, 200, '', 1, '2012-05-08 11:56:23', 1, 1),
(5712, 8, 25, 184, 200, '', 1, '2012-05-08 11:56:27', 1, 1),
(5713, 8, 25, 186, 200, '', 1, '2012-05-08 11:56:33', 1, 1),
(5714, 8, 25, 200, 189, '', 1, '2012-05-08 11:56:45', 1, 1),
(5715, 8, 25, 189, 200, '', 1, '2012-05-08 11:56:46', 1, 1),
(5716, 8, 25, 200, 190, '', 1, '2012-05-08 11:56:51', 1, 1),
(5717, 8, 25, 192, 200, '', 1, '2012-05-08 11:56:58', 1, 1),
(5718, 8, 25, 193, 200, '', 1, '2012-05-08 11:57:01', 1, 1),
(5719, 8, 25, 200, 205, '', 1, '2012-05-08 11:57:18', 1, 1),
(5720, 8, 25, 209, 200, '', 1, '2012-05-08 11:57:25', 1, 1),
(5721, 8, 25, 210, 200, '', -1, '2012-05-08 11:57:33', 1, 1),
(5722, 8, 25, 213, 200, '', 1, '2012-05-08 11:57:43', 1, 1),
(5723, 8, 25, 229, 200, '', 1, '2012-05-08 11:58:02', 1, 1),
(5724, 8, 25, 233, 200, '', 1, '2012-05-08 11:58:10', 1, 1),
(5725, 8, 25, 200, 243, '', 1, '2012-05-08 11:58:24', 1, 1),
(5726, 8, 25, 246, 200, '', 1, '2012-05-08 11:58:35', 1, 1),
(5727, 8, 25, 247, 200, '', 1, '2012-05-08 11:58:40', 1, 1),
(5728, 8, 25, 248, 200, '', 1, '2012-05-08 11:58:44', 1, 1),
(5729, 8, 25, 200, 249, '', 1, '2012-05-08 11:58:48', 1, 1),
(5730, 8, 25, 251, 200, '', 1, '2012-05-08 11:58:58', 1, 1),
(5731, 8, 25, 200, 252, '', 1, '2012-05-08 11:59:02', 1, 1),
(5732, 8, 25, 200, 253, '', 1, '2012-05-08 11:59:05', 1, 1),
(5733, 8, 25, 200, 254, '', 1, '2012-05-08 11:59:07', 1, 1),
(5734, 8, 25, 81, 200, '', 1, '2012-05-08 12:00:24', 1, 1),
(5735, 8, 25, 99, 200, '', 1, '2012-05-08 12:00:33', 1, 1),
(5736, 8, 25, 131, 200, '', 1, '2012-05-08 12:00:46', 1, 1),
(5737, 8, 25, 134, 200, '', 1, '2012-05-08 12:00:53', 1, 1),
(5738, 8, 25, 120, 104, '', 1, '2012-05-08 12:03:57', 1, 1),
(5739, 8, 25, 104, 120, '', 1, '2012-05-08 12:03:58', 1, 1),
(5740, 8, 25, 121, 120, '', 1, '2012-05-08 12:04:13', 1, 1),
(5741, 8, 25, 120, 142, '', 1, '2012-05-08 12:04:30', 1, 1),
(5742, 8, 25, 148, 120, '', 1, '2012-05-08 12:04:38', 1, 1),
(5743, 8, 25, 172, 120, '', 1, '2012-05-08 12:05:02', 1, 1),
(5744, 8, 25, 197, 120, '', 1, '2012-05-08 12:05:30', 1, 1),
(5745, 8, 25, 214, 120, '', 1, '2012-05-08 12:05:50', 1, 1),
(5746, 8, 25, 246, 120, '', 1, '2012-05-08 12:06:10', 1, 1),
(5747, 8, 25, 246, 81, '', 1, '2012-05-08 12:06:38', 1, 1),
(5748, 8, 25, 81, 246, '', 1, '2012-05-08 12:06:39', 1, 1),
(5749, 8, 25, 90, 246, '', 1, '2012-05-08 12:06:51', 1, 1),
(5751, 8, 25, 246, 96, '', 1, '2012-05-08 12:07:02', 1, 1),
(5752, 8, 25, 246, 99, '', 1, '2012-05-08 12:07:08', 1, 1),
(5753, 8, 25, 99, 246, '', 1, '2012-05-08 12:07:09', 1, 1),
(5754, 8, 25, 101, 246, '', 1, '2012-05-08 12:07:13', 1, 1),
(5756, 8, 25, 246, 102, '', 1, '2012-05-08 12:07:23', 1, 1),
(5757, 8, 25, 102, 246, '', 1, '2012-05-08 12:07:24', 1, 1),
(5758, 8, 25, 246, 104, '', 1, '2012-05-08 12:07:30', 1, 1),
(5759, 8, 25, 246, 108, '', 1, '2012-05-08 12:07:38', 1, 1),
(5761, 8, 25, 246, 123, '', 1, '2012-05-08 12:08:05', 1, 1),
(5762, 8, 25, 123, 246, '', 1, '2012-05-08 12:08:06', 1, 1),
(5763, 8, 25, 246, 131, '', 1, '2012-05-08 12:08:13', 1, 1),
(5764, 8, 25, 131, 246, '', 1, '2012-05-08 12:08:14', 1, 1),
(5765, 8, 25, 132, 246, '', 1, '2012-05-08 12:08:19', 1, 1),
(5767, 8, 25, 246, 133, '', 1, '2012-05-08 12:08:29', 1, 1),
(5768, 8, 25, 133, 246, '', 1, '2012-05-08 12:08:30', 1, 1),
(5769, 8, 25, 246, 134, '', 1, '2012-05-08 12:08:35', 1, 1),
(5770, 8, 25, 134, 246, '', 1, '2012-05-08 12:08:37', 1, 1),
(5771, 8, 25, 246, 138, '', 1, '2012-05-08 12:08:43', 1, 1),
(5772, 8, 25, 246, 142, '', 1, '2012-05-08 12:08:49', 1, 1),
(5773, 8, 25, 144, 246, '', 1, '2012-05-08 12:08:56', 1, 1),
(5774, 8, 25, 246, 149, '', 1, '2012-05-08 12:09:17', 1, 1),
(5775, 8, 25, 149, 246, '', 1, '2012-05-08 12:09:18', 1, 1),
(5776, 8, 25, 156, 246, '', 1, '2012-05-08 12:09:24', 1, 1),
(5777, 8, 25, 159, 246, '', 1, '2012-05-08 12:09:30', 1, 1),
(5778, 8, 25, 246, 161, '', 1, '2012-05-08 12:09:47', 1, 1),
(5779, 8, 25, 246, 163, '', 1, '2012-05-08 12:09:59', 1, 1),
(5780, 8, 25, 246, 166, '', 1, '2012-05-08 12:10:04', 1, 1),
(5782, 8, 25, 246, 167, '', 1, '2012-05-08 12:10:11', 1, 1),
(5783, 8, 25, 167, 246, '', 1, '2012-05-08 12:10:13', 1, 1),
(5784, 8, 25, 246, 169, '', 1, '2012-05-08 12:10:17', 1, 1),
(5785, 8, 25, 169, 246, '', 1, '2012-05-08 12:10:18', 1, 1),
(5786, 8, 25, 172, 246, '', 1, '2012-05-08 12:10:24', 1, 1),
(5787, 8, 25, 175, 246, '', 1, '2012-05-08 12:10:36', 1, 1),
(5788, 8, 25, 181, 246, '', 1, '2012-05-08 12:10:46', 1, 1),
(5789, 8, 25, 246, 185, '', 1, '2012-05-08 12:10:54', 1, 1),
(5791, 8, 25, 246, 186, '', 1, '2012-05-08 12:11:02', 1, 1),
(5792, 8, 25, 186, 246, '', 1, '2012-05-08 12:11:03', 1, 1),
(5793, 8, 25, 246, 190, '', 1, '2012-05-08 12:11:14', 1, 1),
(5794, 8, 25, 190, 246, '', 1, '2012-05-08 12:11:15', 1, 1),
(5795, 8, 25, 192, 246, '', 1, '2012-05-08 12:11:21', 1, 1),
(5796, 8, 25, 202, 246, '', 1, '2012-05-08 12:11:32', 1, 1),
(5797, 8, 25, 246, 205, '', 1, '2012-05-08 12:11:40', 1, 1),
(5798, 8, 25, 246, 208, '', 1, '2012-05-08 12:11:48', 1, 1),
(5799, 8, 25, 208, 246, '', 1, '2012-05-08 12:11:49', 1, 1),
(5800, 8, 25, 209, 246, '', 1, '2012-05-08 12:11:54', 1, 1),
(5801, 8, 25, 246, 213, '', 1, '2012-05-08 12:12:10', 1, 1),
(5802, 8, 25, 246, 218, '', 1, '2012-05-08 12:12:22', 1, 1),
(5803, 8, 25, 246, 219, '', 1, '2012-05-08 12:12:25', 1, 1),
(5804, 8, 25, 223, 246, '', 1, '2012-05-08 12:12:45', 1, 1),
(5805, 8, 25, 246, 229, '', 1, '2012-05-08 12:12:52', 1, 1),
(5806, 8, 25, 229, 246, '', 1, '2012-05-08 12:12:53', 1, 1),
(5808, 8, 25, 233, 246, '', 1, '2012-05-08 12:13:07', 1, 1),
(5809, 8, 25, 236, 246, '', 1, '2012-05-08 12:13:13', 1, 1),
(5810, 8, 25, 246, 241, '', 1, '2012-05-08 12:13:20', 1, 1),
(5811, 8, 25, 246, 243, '', 1, '2012-05-08 12:13:26', 1, 1),
(5812, 8, 25, 243, 246, '', 1, '2012-05-08 12:13:27', 1, 1),
(5813, 8, 25, 246, 244, '', 1, '2012-05-08 12:13:33', 1, 1),
(5814, 8, 25, 244, 246, '', 1, '2012-05-08 12:13:35', 1, 1),
(5815, 8, 25, 246, 245, '', 1, '2012-05-08 12:13:41', 1, 1),
(5816, 8, 25, 247, 246, '', 1, '2012-05-08 12:13:45', 1, 1),
(5818, 8, 25, 246, 248, '', 1, '2012-05-08 12:13:53', 1, 1),
(5819, 8, 25, 248, 246, '', 1, '2012-05-08 12:13:54', 1, 1),
(5820, 8, 25, 246, 249, '', 1, '2012-05-08 12:14:00', 1, 1),
(5821, 8, 25, 251, 246, '', 1, '2012-05-08 12:14:08', 1, 1),
(5822, 8, 25, 246, 253, '', 1, '2012-05-08 12:14:13', 1, 1),
(5823, 8, 25, 246, 254, '', 1, '2012-05-08 12:14:16', 1, 1),
(5824, 8, 71, 120, 188, '', 1, '2012-05-08 12:38:52', 1, 1),
(5825, 8, 71, 121, 188, '', 1, '2012-05-08 12:39:08', 1, 1),
(5826, 8, 71, 123, 188, '', 1, '2012-05-08 12:39:23', 1, 1),
(5827, 8, 71, 133, 188, '', 1, '2012-05-08 12:39:30', 1, 1),
(5828, 8, 71, 134, 188, '', 1, '2012-05-08 12:39:34', 1, 1),
(5829, 8, 71, 188, 146, '', 1, '2012-05-08 12:39:53', 1, 1),
(5830, 8, 71, 188, 142, '', 1, '2012-05-08 12:39:56', 1, 1),
(5832, 8, 71, 188, 156, 'By allowing people to band together, one can reduce the affect of folks trying to fake their sensor data in order to game the system by looking at their data in comparison to others in teh same temporal, geographical and contextual space. This makes it harder to do bad things', 1, '2012-05-08 12:42:28', 1, 1),
(5833, 8, 71, 188, 161, '', 1, '2012-05-08 12:44:04', 1, 1),
(5834, 8, 71, 188, 162, '', 1, '2012-05-08 12:46:16', 1, 1),
(5839, 8, 26, 90, 251, '', 1, '2012-05-08 13:05:48', 1, 1),
(5840, 8, 26, 101, 251, '', 1, '2012-05-08 13:06:06', 1, 1),
(5841, 8, 26, 111, 251, '', 1, '2012-05-08 13:06:18', 1, 1),
(5842, 8, 71, 188, 163, '', 1, '2012-05-08 13:17:20', 1, 1),
(5843, 8, 71, 188, 169, '', 1, '2012-05-08 13:17:44', 1, 1),
(5844, 8, 71, 174, 188, '', 1, '2012-05-08 13:18:16', 1, 1),
(5845, 8, 71, 188, 184, '', 1, '2012-05-08 13:18:30', 1, 1),
(5846, 8, 71, 188, 185, '', 1, '2012-05-08 13:18:39', 1, 1),
(5847, 8, 71, 188, 189, '', 1, '2012-05-08 13:18:46', 1, 1),
(5848, 8, 71, 188, 190, '', 1, '2012-05-08 13:18:52', 1, 1),
(5849, 8, 71, 188, 191, '', 1, '2012-05-08 13:19:02', 1, 1),
(5850, 8, 71, 188, 200, '', 1, '2012-05-08 13:19:15', 1, 1),
(5851, 8, 71, 188, 210, '', -1, '2012-05-08 13:19:28', 1, 1),
(5852, 8, 71, 188, 223, '', 1, '2012-05-08 13:19:44', 1, 1),
(5853, 8, 71, 188, 249, '', 1, '2012-05-08 13:20:20', 1, 1),
(5855, 8, 71, 188, 246, '', 1, '2012-05-08 13:20:58', 1, 1),
(5856, 8, 71, 246, 188, '', 1, '2012-05-08 13:20:59', 1, 1),
(5857, 8, 71, 188, 245, '', 1, '2012-05-08 13:21:36', 1, 1),
(5858, 8, 71, 245, 188, '', 1, '2012-05-08 13:21:37', 1, 1),
(5859, 8, 64, 148, 81, '', 1, '2012-05-08 15:40:56', 1, 1),
(5860, 8, 64, 148, 96, '', 1, '2012-05-08 15:41:08', 1, 1),
(5861, 8, 64, 148, 120, '', 1, '2012-05-08 15:41:21', 1, 1),
(5862, 8, 64, 142, 120, '', 1, '2012-05-08 15:42:19', 1, 1),
(5863, 8, 64, 120, 142, '', 1, '2012-05-08 15:42:20', 1, 1),
(5864, 8, 64, 142, 132, '', 1, '2012-05-08 15:42:31', 1, 1),
(5865, 8, 64, 107, 101, '', 1, '2012-05-08 15:42:59', 1, 1),
(5866, 8, 64, 101, 107, '', 1, '2012-05-08 15:43:00', 1, 1),
(5867, 8, 64, 107, 108, '', 1, '2012-05-08 15:43:08', 1, 1),
(5868, 8, 64, 108, 107, '', 1, '2012-05-08 15:43:10', 1, 1),
(5869, 8, 64, 107, 162, '', 1, '2012-05-08 15:43:45', 1, 1),
(5870, 8, 64, 162, 107, '', 1, '2012-05-08 15:43:46', 1, 1),
(5871, 8, 64, 107, 163, '', 1, '2012-05-08 15:43:51', 1, 1),
(5872, 8, 64, 163, 107, '', 1, '2012-05-08 15:43:53', 1, 1),
(5873, 8, 64, 107, 166, '', 1, '2012-05-08 15:44:01', 1, 1),
(5874, 8, 64, 166, 107, '', 1, '2012-05-08 15:44:02', 1, 1),
(5875, 8, 64, 107, 189, '', 1, '2012-05-08 15:44:27', 1, 1),
(5876, 8, 64, 189, 107, '', 1, '2012-05-08 15:44:29', 1, 1),
(5877, 8, 64, 108, 96, '', 1, '2012-05-08 15:45:40', 1, 1),
(5878, 8, 64, 96, 108, '', 1, '2012-05-08 15:45:42', 1, 1),
(5879, 8, 64, 108, 85, '', 1, '2012-05-08 15:45:53', 1, 1),
(5880, 8, 64, 85, 108, '', 1, '2012-05-08 15:45:54', 1, 1),
(5881, 8, 64, 108, 123, '', 1, '2012-05-08 15:46:14', 1, 1),
(5882, 8, 64, 123, 108, '', 1, '2012-05-08 15:46:15', 1, 1),
(5883, 8, 61, 253, 132, '', 1, '2012-05-08 19:10:16', 1, 1),
(5884, 8, 61, 253, 134, '', 1, '2012-05-08 19:10:27', 1, 1),
(5885, 8, 61, 253, 138, '', 1, '2012-05-08 19:10:31', 1, 1),
(5886, 8, 61, 138, 253, '', 1, '2012-05-08 19:10:33', 1, 1),
(5887, 8, 61, 253, 146, '', 1, '2012-05-08 19:10:43', 1, 1),
(5888, 8, 61, 146, 253, '', 1, '2012-05-08 19:10:45', 1, 1),
(5889, 8, 61, 253, 156, '', 1, '2012-05-08 19:11:07', 1, 1),
(5890, 8, 61, 156, 253, '', 1, '2012-05-08 19:11:09', 1, 1),
(5891, 8, 61, 253, 159, '', 1, '2012-05-08 19:11:18', 1, 1),
(5892, 8, 61, 253, 166, '', 1, '2012-05-08 19:11:26', 1, 1),
(5893, 8, 61, 166, 253, '', 1, '2012-05-08 19:11:28', 1, 1),
(5894, 8, 67, 213, 149, '', 1, '2012-05-08 20:15:07', 1, 1),
(5895, 8, 67, 139, 149, '', 1, '2012-05-08 20:15:12', 1, 1),
(5896, 8, 67, 218, 149, '', 1, '2012-05-08 20:15:21', 1, 1),
(5897, 8, 67, 219, 149, '', 1, '2012-05-08 20:15:26', 1, 1),
(5898, 8, 67, 149, 142, '', 1, '2012-05-08 20:15:33', 1, 1),
(5899, 8, 67, 144, 149, '', 1, '2012-05-08 20:15:42', 1, 1),
(5900, 8, 67, 149, 146, '', 1, '2012-05-08 20:15:56', 1, 1),
(5901, 8, 67, 232, 149, '', 1, '2012-05-08 20:16:32', 1, 1),
(5902, 8, 67, 107, 149, '', 1, '2012-05-08 20:16:37', 1, 1),
(5903, 8, 67, 96, 149, '', 1, '2012-05-08 20:16:43', 1, 1),
(5904, 8, 67, 246, 149, '', 1, '2012-05-08 20:16:52', 1, 1),
(5905, 8, 67, 247, 149, '', 1, '2012-05-08 20:16:56', 1, 1),
(5906, 8, 67, 111, 149, '', 1, '2012-05-08 20:16:59', 1, 1),
(5907, 8, 67, 149, 249, '', 1, '2012-05-08 20:17:08', 1, 1),
(5908, 8, 67, 251, 149, '', 1, '2012-05-08 20:17:23', 1, 1),
(5909, 8, 67, 149, 252, '', 1, '2012-05-08 20:17:29', 1, 1),
(5910, 8, 67, 210, 81, '', -1, '2012-05-08 20:18:18', 1, 1),
(5911, 8, 67, 210, 90, '', 1, '2012-05-08 20:18:31', 1, 1),
(5913, 8, 67, 210, 99, '', -1, '2012-05-08 20:18:54', 1, 1),
(5914, 8, 67, 210, 101, '', 1, '2012-05-08 20:29:21', 1, 1),
(5915, 8, 67, 210, 104, '', -1, '2012-05-08 20:29:32', 1, 1),
(5916, 8, 67, 210, 108, '', 1, '2012-05-08 20:29:48', 1, 1),
(5917, 8, 67, 210, 121, '', 1, '2012-05-08 20:30:00', 1, 1),
(5918, 8, 67, 210, 131, '', 1, '2012-05-08 20:30:19', 1, 1),
(5919, 8, 67, 210, 132, '', -1, '2012-05-08 20:30:24', 1, 1),
(5920, 8, 67, 210, 142, '', -1, '2012-05-08 20:30:47', 1, 1),
(5922, 8, 67, 210, 146, '', -1, '2012-05-08 20:31:01', 1, 1),
(5923, 8, 67, 210, 148, '', 1, '2012-05-08 20:31:08', 1, 1),
(5925, 8, 67, 210, 161, '', -1, '2012-05-08 20:31:33', 1, 1),
(5926, 8, 67, 210, 172, '', 1, '2012-05-08 20:32:22', 1, 1),
(5927, 8, 67, 210, 173, '', 1, '2012-05-08 20:32:32', 1, 1),
(5928, 8, 67, 210, 176, '', -1, '2012-05-08 20:32:54', 1, 1),
(5930, 8, 67, 210, 185, '', -1, '2012-05-08 20:33:12', 1, 1),
(5931, 8, 67, 210, 202, '', -1, '2012-05-08 20:33:54', 1, 1),
(5932, 8, 67, 210, 203, '', -1, '2012-05-08 20:34:03', 1, 1),
(5933, 8, 67, 210, 214, '', 1, '2012-05-08 20:34:38', 1, 1),
(5934, 8, 67, 210, 221, '', -1, '2012-05-08 20:34:52', 1, 1),
(5935, 8, 67, 210, 227, '', -1, '2012-05-08 20:35:11', 1, 1),
(5936, 8, 67, 210, 230, '', -1, '2012-05-08 20:35:25', 1, 1),
(5937, 8, 67, 210, 242, '', 1, '2012-05-08 20:35:46', 1, 1),
(5939, 8, 67, 210, 243, '', -1, '2012-05-08 20:35:56', 1, 1),
(5940, 8, 67, 210, 244, '', -1, '2012-05-08 20:36:02', 1, 1),
(5941, 8, 67, 210, 245, '', -1, '2012-05-08 20:36:07', 1, 1),
(5942, 8, 67, 210, 246, '', -1, '2012-05-08 20:36:11', 1, 1),
(5943, 8, 67, 210, 248, '', -1, '2012-05-08 20:36:26', 1, 1),
(5944, 8, 67, 210, 249, '', -1, '2012-05-08 20:36:31', 1, 1),
(5945, 8, 67, 210, 250, '', -1, '2012-05-08 20:36:39', 1, 1),
(5946, 8, 67, 210, 252, '', -1, '2012-05-08 20:37:04', 1, 1),
(5947, 8, 67, 210, 254, '', -1, '2012-05-08 20:37:13', 1, 1),
(5948, 8, 67, 81, 122, '', 1, '2012-05-08 20:39:06', 1, 1),
(5949, 8, 67, 122, 96, '', 1, '2012-05-08 20:39:33', 1, 1),
(5950, 8, 67, 122, 101, '', 1, '2012-05-08 20:39:44', 1, 1),
(5951, 8, 67, 101, 122, '', 1, '2012-05-08 20:39:47', 1, 1),
(5952, 8, 67, 122, 104, '', 1, '2012-05-08 20:39:59', 1, 1),
(5953, 8, 67, 107, 122, '', 1, '2012-05-08 20:40:20', 1, 1),
(5954, 8, 67, 122, 142, '', 1, '2012-05-08 20:40:44', 1, 1),
(5955, 8, 67, 139, 122, '', 1, '2012-05-08 20:40:54', 1, 1),
(5956, 8, 67, 122, 146, '', 1, '2012-05-08 20:41:04', 1, 1),
(5957, 8, 67, 122, 161, '', 1, '2012-05-08 20:41:21', 1, 1),
(5958, 8, 67, 122, 163, '', 1, '2012-05-08 20:41:39', 1, 1),
(5959, 8, 67, 167, 122, '', 1, '2012-05-08 20:41:47', 1, 1),
(5960, 8, 67, 169, 122, '', 1, '2012-05-08 20:41:51', 1, 1),
(5961, 8, 67, 174, 122, '', 1, '2012-05-08 20:42:00', 1, 1),
(5962, 8, 67, 122, 181, '', 1, '2012-05-08 20:42:14', 1, 1),
(5963, 8, 67, 122, 193, '', 1, '2012-05-08 20:42:37', 1, 1),
(5964, 8, 67, 202, 122, '', 1, '2012-05-08 20:42:58', 1, 1),
(5965, 8, 67, 122, 205, '', 1, '2012-05-08 20:43:30', 1, 1),
(5966, 8, 67, 122, 210, '', -1, '2012-05-08 20:43:40', 1, 1),
(5967, 8, 67, 122, 211, '', 1, '2012-05-08 20:43:48', 1, 1),
(5968, 8, 67, 122, 218, '', 1, '2012-05-08 20:44:03', 1, 1),
(5969, 8, 67, 122, 219, '', 1, '2012-05-08 20:44:22', 1, 1),
(5970, 8, 67, 122, 223, '', 1, '2012-05-08 20:44:31', 1, 1),
(5971, 8, 67, 223, 122, '', 1, '2012-05-08 20:44:32', 1, 1),
(5972, 8, 67, 233, 122, '', 1, '2012-05-08 20:44:51', 1, 1),
(5973, 8, 67, 236, 122, '', 1, '2012-05-08 20:44:55', 1, 1),
(5974, 8, 67, 239, 122, '', 1, '2012-05-08 20:45:05', 1, 1),
(5975, 8, 67, 122, 243, '', 1, '2012-05-08 20:45:18', 1, 1),
(5976, 8, 67, 122, 244, '', 1, '2012-05-08 20:45:25', 1, 1),
(5977, 8, 67, 122, 245, '', 1, '2012-05-08 20:45:31', 1, 1),
(5978, 8, 67, 122, 247, '', 1, '2012-05-08 20:45:41', 1, 1),
(5979, 8, 67, 122, 248, '', 1, '2012-05-08 20:45:47', 1, 1),
(5980, 8, 71, 81, 139, '', 1, '2012-05-08 20:46:21', 1, 1),
(5981, 8, 67, 122, 254, '', 1, '2012-05-08 20:46:29', 1, 1),
(5982, 8, 67, 81, 104, '', 1, '2012-05-08 20:47:01', 1, 1),
(5983, 8, 67, 85, 104, '', 1, '2012-05-08 20:47:07', 1, 1),
(5984, 8, 71, 139, 96, '', 1, '2012-05-08 20:47:08', 1, 1),
(5985, 8, 67, 86, 104, '', 1, '2012-05-08 20:47:11', 1, 1),
(5986, 8, 67, 96, 104, '', 1, '2012-05-08 20:47:21', 1, 1),
(5987, 8, 67, 99, 104, '', 1, '2012-05-08 20:47:25', 1, 1),
(5988, 8, 67, 101, 104, '', 1, '2012-05-08 20:47:28', 1, 1),
(5989, 8, 67, 102, 104, '', 1, '2012-05-08 20:47:39', 1, 1),
(5990, 8, 67, 108, 104, '', 1, '2012-05-08 20:47:43', 1, 1),
(5991, 8, 67, 111, 104, '', 1, '2012-05-08 20:47:48', 1, 1),
(5992, 8, 71, 139, 108, '', 1, '2012-05-08 20:47:52', 1, 1),
(5993, 8, 67, 123, 104, '', 1, '2012-05-08 20:47:59', 1, 1),
(5994, 8, 67, 131, 104, '', 1, '2012-05-08 20:48:02', 1, 1),
(5995, 8, 67, 132, 104, '', 1, '2012-05-08 20:48:09', 1, 1),
(5997, 8, 67, 134, 104, '', 1, '2012-05-08 20:48:32', 1, 1),
(5998, 8, 67, 138, 104, '', 1, '2012-05-08 20:48:35', 1, 1),
(5999, 8, 67, 139, 104, '', 1, '2012-05-08 20:48:39', 1, 1),
(6000, 8, 67, 104, 142, '', 1, '2012-05-08 20:48:43', 1, 1),
(6001, 8, 67, 104, 146, '', 1, '2012-05-08 20:48:54', 1, 1),
(6002, 8, 67, 148, 104, '', 1, '2012-05-08 20:48:58', 1, 1),
(6003, 8, 67, 156, 104, '', 1, '2012-05-08 20:49:08', 1, 1),
(6004, 8, 71, 139, 111, '', 1, '2012-05-08 20:49:18', 1, 1),
(6005, 8, 71, 111, 139, '', 1, '2012-05-08 20:49:19', 1, 1),
(6006, 8, 67, 163, 104, '', 1, '2012-05-08 20:49:25', 1, 1),
(6007, 8, 67, 167, 104, '', 1, '2012-05-08 20:49:39', 1, 1),
(6008, 8, 67, 169, 104, '', 1, '2012-05-08 20:49:43', 1, 1),
(6009, 8, 67, 174, 104, '', 1, '2012-05-08 20:49:56', 1, 1),
(6010, 8, 71, 139, 142, '', 1, '2012-05-08 20:49:59', 1, 1),
(6011, 8, 67, 176, 104, '', 1, '2012-05-08 20:50:03', 1, 1),
(6012, 8, 71, 139, 148, '', 1, '2012-05-08 20:50:07', 1, 1),
(6013, 8, 67, 184, 104, '', 1, '2012-05-08 20:50:17', 1, 1),
(6014, 8, 71, 139, 149, '', 1, '2012-05-08 20:50:19', 1, 1),
(6015, 8, 67, 186, 104, '', 1, '2012-05-08 20:50:33', 1, 1),
(6016, 8, 67, 188, 104, '', 1, '2012-05-08 20:50:35', 1, 1),
(6017, 8, 67, 189, 104, '', 1, '2012-05-08 20:50:38', 1, 1),
(6018, 8, 71, 139, 167, '', 1, '2012-05-08 20:50:43', 1, 1),
(6019, 8, 67, 192, 104, '', 1, '2012-05-08 20:50:44', 1, 1),
(6020, 8, 71, 139, 169, '', 1, '2012-05-08 20:50:46', 1, 1),
(6021, 8, 67, 195, 104, '', 1, '2012-05-08 20:50:53', 1, 1),
(6022, 8, 67, 197, 104, '', 1, '2012-05-08 20:50:57', 1, 1),
(6023, 8, 71, 174, 139, '', -1, '2012-05-08 20:51:02', 1, 1),
(6024, 8, 67, 202, 104, '', 1, '2012-05-08 20:51:05', 1, 1),
(6025, 8, 67, 205, 104, '', 1, '2012-05-08 20:51:14', 1, 1),
(6026, 8, 71, 139, 188, '', 1, '2012-05-08 20:51:25', 1, 1),
(6027, 8, 71, 139, 195, '', 1, '2012-05-08 20:51:39', 1, 1),
(6028, 8, 71, 139, 202, '', 1, '2012-05-08 20:51:50', 1, 1),
(6029, 8, 67, 214, 104, '', 1, '2012-05-08 20:51:50', 1, 1),
(6030, 8, 67, 221, 104, '', 1, '2012-05-08 20:52:00', 1, 1),
(6031, 8, 67, 227, 104, '', 1, '2012-05-08 20:52:05', 1, 1),
(6032, 8, 67, 230, 104, '', 1, '2012-05-08 20:52:13', 1, 1),
(6033, 8, 67, 243, 104, '', 1, '2012-05-08 20:52:22', 1, 1),
(6034, 8, 67, 244, 104, '', 1, '2012-05-08 20:52:27', 1, 1),
(6035, 8, 67, 245, 104, '', 1, '2012-05-08 20:52:31', 1, 1),
(6036, 8, 71, 139, 213, '', 1, '2012-05-08 20:52:33', 1, 1),
(6038, 8, 67, 247, 104, '', 1, '2012-05-08 20:52:40', 1, 1),
(6039, 8, 67, 248, 104, '', 1, '2012-05-08 20:52:43', 1, 1),
(6040, 8, 71, 139, 239, '', 1, '2012-05-08 20:52:54', 1, 1),
(6042, 8, 71, 139, 244, '', 1, '2012-05-08 20:53:06', 1, 1),
(6043, 8, 67, 104, 254, '', 1, '2012-05-08 20:53:11', 1, 1),
(6044, 8, 71, 139, 247, '', 1, '2012-05-08 20:53:16', 1, 1),
(6045, 8, 71, 139, 248, '', 1, '2012-05-08 20:53:19', 1, 1),
(6046, 8, 67, 81, 246, '', 1, '2012-05-08 20:53:46', 1, 1),
(6047, 8, 67, 85, 246, '', 1, '2012-05-08 20:53:50', 1, 1),
(6048, 8, 67, 86, 246, '', 1, '2012-05-08 20:53:55', 1, 1),
(6049, 8, 67, 90, 246, '', 1, '2012-05-08 20:53:58', 1, 1),
(6050, 8, 67, 96, 246, '', 1, '2012-05-08 20:54:01', 1, 1),
(6051, 8, 67, 99, 246, '', 1, '2012-05-08 20:54:05', 1, 1),
(6052, 8, 67, 101, 246, '', 1, '2012-05-08 20:54:07', 1, 1),
(6053, 8, 71, 85, 205, '', 1, '2012-05-08 20:54:24', 1, 1),
(6054, 8, 67, 246, 104, '', 1, '2012-05-08 20:54:29', 1, 1),
(6055, 8, 67, 104, 246, '', 1, '2012-05-08 20:54:31', 1, 1),
(6056, 8, 71, 86, 205, '', 1, '2012-05-08 20:54:32', 1, 1),
(6057, 8, 67, 108, 246, '', 1, '2012-05-08 20:54:40', 1, 1),
(6058, 8, 67, 111, 246, '', 1, '2012-05-08 20:54:43', 1, 1),
(6059, 8, 67, 121, 246, '', 1, '2012-05-08 20:54:52', 1, 1),
(6060, 8, 71, 99, 205, '', 1, '2012-05-08 20:54:52', 1, 1),
(6061, 8, 67, 122, 246, '', 1, '2012-05-08 20:54:58', 1, 1),
(6062, 8, 71, 101, 205, '', 1, '2012-05-08 20:55:01', 1, 1),
(6063, 8, 71, 102, 205, '', 1, '2012-05-08 20:55:05', 1, 1),
(6064, 8, 67, 123, 246, '', 1, '2012-05-08 20:55:05', 1, 1),
(6065, 8, 67, 131, 246, '', 1, '2012-05-08 20:55:10', 1, 1),
(6066, 8, 67, 132, 246, '', 1, '2012-05-08 20:55:14', 1, 1),
(6067, 8, 71, 205, 104, '', 1, '2012-05-08 20:55:15', 1, 1),
(6068, 8, 71, 104, 205, '', 1, '2012-05-08 20:55:16', 1, 1),
(6069, 8, 67, 133, 246, '', 1, '2012-05-08 20:55:16', 1, 1),
(6070, 8, 67, 134, 246, '', 1, '2012-05-08 20:55:19', 1, 1),
(6071, 8, 67, 138, 246, '', 1, '2012-05-08 20:55:21', 1, 1),
(6073, 8, 71, 107, 205, '', 1, '2012-05-08 20:55:25', 1, 1),
(6074, 8, 71, 108, 205, '', 1, '2012-05-08 20:55:29', 1, 1),
(6075, 8, 67, 246, 142, '', 1, '2012-05-08 20:55:30', 1, 1),
(6076, 8, 71, 111, 205, '', 1, '2012-05-08 20:55:34', 1, 1),
(6077, 8, 67, 144, 246, '', 1, '2012-05-08 20:55:38', 1, 1),
(6078, 8, 71, 120, 205, '', 1, '2012-05-08 20:55:43', 1, 1),
(6079, 8, 67, 246, 146, '', 1, '2012-05-08 20:55:45', 1, 1),
(6080, 8, 67, 148, 246, '', 1, '2012-05-08 20:55:48', 1, 1),
(6081, 8, 67, 156, 246, '', 1, '2012-05-08 20:55:55', 1, 1),
(6082, 8, 67, 246, 161, '', 1, '2012-05-08 20:56:05', 1, 1),
(6083, 8, 71, 121, 205, 'Without the confidence that their data is safe and will not be misused, data will not be shared, and utility goes down.', 1, '2012-05-08 20:56:21', 1, 1),
(6084, 8, 67, 167, 246, '', 1, '2012-05-08 20:56:32', 1, 1),
(6085, 8, 67, 169, 246, '', 1, '2012-05-08 20:56:36', 1, 1),
(6086, 8, 67, 172, 246, '', 1, '2012-05-08 20:56:39', 1, 1),
(6087, 8, 67, 174, 246, '', 1, '2012-05-08 20:56:46', 1, 1),
(6088, 8, 67, 175, 246, '', 1, '2012-05-08 20:56:50', 1, 1),
(6089, 8, 67, 176, 246, '', 1, '2012-05-08 20:56:54', 1, 1),
(6090, 8, 67, 184, 246, '', 1, '2012-05-08 20:57:01', 1, 1),
(6091, 8, 67, 186, 246, '', 1, '2012-05-08 20:57:07', 1, 1),
(6092, 8, 67, 188, 246, '', 1, '2012-05-08 20:57:11', 1, 1),
(6093, 8, 71, 123, 205, '', 1, '2012-05-08 20:57:23', 1, 1),
(6094, 8, 67, 246, 221, '', 1, '2012-05-08 20:57:34', 1, 1),
(6095, 8, 71, 131, 205, '', 1, '2012-05-08 20:57:54', 1, 1),
(6096, 8, 71, 133, 205, '', 1, '2012-05-08 20:58:02', 1, 1),
(6097, 8, 67, 232, 246, '', 1, '2012-05-08 20:58:04', 1, 1),
(6098, 8, 71, 134, 205, '', 1, '2012-05-08 20:58:07', 1, 1),
(6099, 8, 67, 233, 246, '', 1, '2012-05-08 20:58:06', 1, 1),
(6100, 8, 67, 236, 246, '', 1, '2012-05-08 20:58:08', 1, 1),
(6101, 8, 67, 242, 246, '', 1, '2012-05-08 20:58:14', 1, 1),
(6102, 8, 67, 243, 246, '', 1, '2012-05-08 20:58:16', 1, 1),
(6104, 8, 71, 205, 138, '', 1, '2012-05-08 20:58:21', 1, 1),
(6105, 8, 67, 246, 244, '', 1, '2012-05-08 20:58:23', 1, 1),
(6106, 8, 67, 244, 246, '', 1, '2012-05-08 20:58:24', 1, 1),
(6108, 8, 67, 246, 245, '', 1, '2012-05-08 20:58:34', 1, 1),
(6109, 8, 67, 245, 246, '', 1, '2012-05-08 20:58:35', 1, 1),
(6110, 8, 67, 246, 247, '', 1, '2012-05-08 20:58:44', 1, 1),
(6111, 8, 67, 246, 248, '', 1, '2012-05-08 20:58:48', 1, 1),
(6112, 8, 71, 205, 142, '', 1, '2012-05-08 20:58:53', 1, 1),
(6113, 8, 71, 205, 146, '', 1, '2012-05-08 20:58:58', 1, 1),
(6114, 8, 67, 246, 249, '', 1, '2012-05-08 20:58:59', 1, 1),
(6115, 8, 71, 205, 149, '', 1, '2012-05-08 20:59:05', 1, 1),
(6116, 8, 67, 246, 250, '', -1, '2012-05-08 20:59:09', 1, 1),
(6117, 8, 71, 156, 205, '', 1, '2012-05-08 20:59:12', 1, 1),
(6118, 8, 67, 246, 252, '', 1, '2012-05-08 20:59:20', 1, 1),
(6119, 8, 71, 159, 205, '', 1, '2012-05-08 20:59:21', 1, 1),
(6120, 8, 71, 205, 161, '', 1, '2012-05-08 20:59:26', 1, 1),
(6121, 8, 67, 246, 254, '', 1, '2012-05-08 20:59:26', 1, 1),
(6122, 8, 71, 162, 205, '', 1, '2012-05-08 20:59:33', 1, 1),
(6123, 8, 71, 163, 205, '', 1, '2012-05-08 20:59:40', 1, 1),
(6124, 8, 71, 166, 205, '', 1, '2012-05-08 20:59:46', 1, 1),
(6125, 8, 71, 205, 167, '', 1, '2012-05-08 20:59:52', 1, 1),
(6126, 8, 71, 205, 169, '', 1, '2012-05-08 20:59:57', 1, 1),
(6127, 8, 71, 174, 205, '', 1, '2012-05-08 21:00:11', 1, 1),
(6128, 8, 71, 175, 205, '', 1, '2012-05-08 21:00:16', 1, 1),
(6129, 8, 71, 184, 205, '', 1, '2012-05-08 21:00:28', 1, 1),
(6130, 8, 71, 186, 205, '', 1, '2012-05-08 21:00:34', 1, 1),
(6131, 8, 71, 188, 205, '', 1, '2012-05-08 21:00:39', 1, 1),
(6132, 8, 71, 205, 189, '', 1, '2012-05-08 21:00:44', 1, 1),
(6133, 8, 71, 205, 190, '', 1, '2012-05-08 21:00:53', 1, 1),
(6134, 8, 71, 190, 205, '', 1, '2012-05-08 21:00:54', 1, 1),
(6135, 8, 71, 191, 205, '', 1, '2012-05-08 21:01:03', 1, 1),
(6136, 8, 71, 192, 205, '', 1, '2012-05-08 21:01:07', 1, 1),
(6137, 8, 71, 193, 205, '', 1, '2012-05-08 21:01:15', 1, 1),
(6138, 8, 71, 195, 205, '', 1, '2012-05-08 21:01:19', 1, 1),
(6139, 8, 71, 197, 205, '', 1, '2012-05-08 21:01:24', 1, 1),
(6140, 8, 71, 205, 200, '', 1, '2012-05-08 21:01:28', 1, 1),
(6141, 8, 71, 200, 205, '', 1, '2012-05-08 21:01:30', 1, 1),
(6142, 8, 71, 202, 205, '', 1, '2012-05-08 21:01:36', 1, 1),
(6143, 8, 71, 203, 205, '', 1, '2012-05-08 21:01:43', 1, 1),
(6144, 8, 71, 208, 205, '', 1, '2012-05-08 21:01:47', 1, 1),
(6145, 8, 71, 209, 205, '', 1, '2012-05-08 21:01:52', 1, 1),
(6146, 8, 71, 210, 205, '', -1, '2012-05-08 21:01:59', 1, 1),
(6147, 8, 71, 211, 205, '', 1, '2012-05-08 21:02:04', 1, 1),
(6148, 8, 71, 213, 205, '', 1, '2012-05-08 21:02:09', 1, 1),
(6149, 8, 71, 214, 205, '', 1, '2012-05-08 21:02:12', 1, 1),
(6150, 8, 71, 218, 205, '', 1, '2012-05-08 21:02:16', 1, 1),
(6151, 8, 71, 205, 219, '', 1, '2012-05-08 21:02:22', 1, 1),
(6152, 8, 71, 223, 205, '', 1, '2012-05-08 21:02:29', 1, 1),
(6153, 8, 71, 229, 205, '', 1, '2012-05-08 21:02:45', 1, 1),
(6154, 8, 71, 230, 205, '', 1, '2012-05-08 21:02:48', 1, 1),
(6155, 8, 71, 232, 205, '', 1, '2012-05-08 21:02:52', 1, 1),
(6156, 8, 71, 233, 205, '', 1, '2012-05-08 21:02:55', 1, 1),
(6157, 8, 71, 236, 205, '', 1, '2012-05-08 21:02:58', 1, 1),
(6158, 8, 71, 239, 205, '', 1, '2012-05-08 21:03:00', 1, 1),
(6160, 8, 71, 205, 241, '', 1, '2012-05-08 21:03:12', 1, 1),
(6161, 8, 71, 242, 205, '', 1, '2012-05-08 21:03:15', 1, 1),
(6163, 8, 71, 205, 244, '', 1, '2012-05-08 21:03:26', 1, 1),
(6164, 8, 71, 244, 205, '', 1, '2012-05-08 21:03:27', 1, 1),
(6165, 8, 71, 205, 245, '', 1, '2012-05-08 21:03:33', 1, 1),
(6166, 8, 71, 245, 205, '', 1, '2012-05-08 21:03:34', 1, 1),
(6167, 8, 71, 205, 246, '', 1, '2012-05-08 21:03:40', 1, 1),
(6168, 8, 71, 246, 205, '', 1, '2012-05-08 21:03:42', 1, 1),
(6169, 8, 71, 248, 205, '', 1, '2012-05-08 21:03:48', 1, 1),
(6170, 8, 71, 205, 249, '', 1, '2012-05-08 21:03:53', 1, 1),
(6171, 8, 71, 250, 205, '', 1, '2012-05-08 21:03:59', 1, 1),
(6172, 8, 71, 205, 254, '', 1, '2012-05-08 21:04:10', 1, 1),
(6173, 8, 71, 120, 85, '', 1, '2012-05-08 21:06:13', 1, 1),
(6174, 8, 71, 120, 90, '', 1, '2012-05-08 21:06:23', 1, 1),
(6175, 8, 71, 120, 99, '', 1, '2012-05-08 21:06:36', 1, 1),
(6176, 8, 71, 120, 104, '', 1, '2012-05-08 21:06:47', 1, 1),
(6177, 8, 71, 120, 108, '', 1, '2012-05-08 21:06:56', 1, 1),
(6179, 8, 71, 121, 120, '', 1, '2012-05-08 21:07:06', 1, 1),
(6180, 8, 71, 120, 123, '', 1, '2012-05-08 21:07:16', 1, 1),
(6181, 8, 71, 120, 132, '', 1, '2012-05-08 21:07:25', 1, 1),
(6182, 8, 71, 120, 138, '', 1, '2012-05-08 21:07:42', 1, 1),
(6183, 8, 71, 139, 120, '', 1, '2012-05-08 21:07:56', 1, 1),
(6184, 8, 71, 120, 142, '', 1, '2012-05-08 21:08:01', 1, 1),
(6185, 8, 71, 148, 120, '', 1, '2012-05-08 21:08:10', 1, 1),
(6186, 8, 71, 120, 149, '', 1, '2012-05-08 21:08:15', 1, 1),
(6187, 8, 71, 120, 169, '', 1, '2012-05-08 21:08:34', 1, 1),
(6188, 8, 71, 120, 176, '', 1, '2012-05-08 21:08:52', 1, 1),
(6189, 8, 71, 120, 189, '', 1, '2012-05-08 21:09:04', 1, 1),
(6190, 8, 71, 120, 190, '', 1, '2012-05-08 21:09:09', 1, 1),
(6191, 8, 71, 120, 192, '', 1, '2012-05-08 21:09:18', 1, 1),
(6193, 8, 71, 193, 120, '', 1, '2012-05-08 21:09:26', 1, 1),
(6194, 8, 71, 120, 200, '', 1, '2012-05-08 21:09:39', 1, 1),
(6195, 8, 71, 120, 202, '', 1, '2012-05-08 21:09:45', 1, 1),
(6196, 8, 71, 120, 208, '', 1, '2012-05-08 21:09:57', 1, 1),
(6197, 8, 71, 210, 120, '', -1, '2012-05-08 21:10:09', 1, 1),
(6198, 8, 71, 233, 120, '', 1, '2012-05-08 21:10:43', 1, 1),
(6199, 8, 71, 236, 120, '', 1, '2012-05-08 21:10:46', 1, 1),
(6200, 8, 71, 120, 239, '', 1, '2012-05-08 21:10:52', 1, 1),
(6201, 8, 71, 120, 244, '', 1, '2012-05-08 21:11:02', 1, 1),
(6202, 8, 71, 120, 246, '', 1, '2012-05-08 21:11:11', 1, 1),
(6203, 8, 71, 81, 246, '', 1, '2012-05-08 21:11:56', 1, 1),
(6204, 8, 71, 85, 246, '', 1, '2012-05-08 21:12:01', 1, 1),
(6205, 8, 71, 86, 246, '', 1, '2012-05-08 21:12:10', 1, 1),
(6206, 8, 71, 90, 246, '', 1, '2012-05-08 21:12:16', 1, 1),
(6207, 8, 71, 246, 96, '', 1, '2012-05-08 21:12:20', 1, 1),
(6208, 8, 71, 96, 246, '', 1, '2012-05-08 21:12:21', 1, 1),
(6211, 8, 71, 246, 99, '', 1, '2012-05-08 21:12:28', 1, 1),
(6212, 8, 71, 99, 246, '', 1, '2012-05-08 21:12:29', 1, 1),
(6213, 8, 71, 101, 246, '', 1, '2012-05-08 21:12:37', 1, 1),
(6214, 8, 71, 102, 246, '', 1, '2012-05-08 21:12:40', 1, 1),
(6215, 8, 71, 246, 104, '', 1, '2012-05-08 21:12:50', 1, 1),
(6216, 8, 71, 246, 107, '', 1, '2012-05-08 21:13:02', 1, 1),
(6217, 8, 71, 246, 108, '', 1, '2012-05-08 21:13:10', 1, 1),
(6218, 8, 71, 246, 111, '', 1, '2012-05-08 21:13:17', 1, 1),
(6219, 8, 71, 121, 246, '', 1, '2012-05-08 21:13:26', 1, 1),
(6220, 8, 71, 246, 122, '', 1, '2012-05-08 21:13:36', 1, 1),
(6221, 8, 71, 123, 246, '', 1, '2012-05-08 21:13:41', 1, 1),
(6223, 8, 71, 246, 131, '', 1, '2012-05-08 21:13:53', 1, 1),
(6224, 8, 71, 131, 246, '', 1, '2012-05-08 21:13:54', 1, 1),
(6225, 8, 71, 246, 132, '', 1, '2012-05-08 21:14:02', 1, 1),
(6226, 8, 71, 133, 246, '', 1, '2012-05-08 21:14:07', 1, 1),
(6227, 8, 71, 246, 134, '', 1, '2012-05-08 21:14:16', 1, 1),
(6228, 8, 71, 134, 246, '', 1, '2012-05-08 21:14:20', 1, 1),
(6231, 8, 71, 246, 138, '', 1, '2012-05-08 21:14:31', 1, 1),
(6232, 8, 71, 246, 142, '', 1, '2012-05-08 21:14:49', 1, 1),
(6233, 8, 71, 246, 144, '', 1, '2012-05-08 21:14:55', 1, 1),
(6234, 8, 71, 246, 146, '', 1, '2012-05-08 21:14:59', 1, 1),
(6235, 8, 71, 246, 149, '', 1, '2012-05-08 21:15:06', 1, 1),
(6236, 8, 71, 159, 246, '', 1, '2012-05-08 21:15:16', 1, 1),
(6237, 8, 71, 246, 161, '', 1, '2012-05-08 21:15:27', 1, 1),
(6238, 8, 71, 246, 163, '', 1, '2012-05-08 21:15:35', 1, 1),
(6239, 8, 71, 246, 166, '', 1, '2012-05-08 21:15:38', 1, 1),
(6240, 8, 71, 246, 167, '', 1, '2012-05-08 21:15:42', 1, 1),
(6241, 8, 71, 246, 169, '', 1, '2012-05-08 21:15:47', 1, 1),
(6242, 8, 71, 172, 246, '', 1, '2012-05-08 21:15:52', 1, 1),
(6243, 8, 71, 174, 246, '', 1, '2012-05-08 21:16:03', 1, 1),
(6244, 8, 71, 246, 175, '', 1, '2012-05-08 21:16:09', 1, 1),
(6245, 8, 71, 176, 246, '', 1, '2012-05-08 21:16:14', 1, 1),
(6246, 8, 71, 246, 184, '', 1, '2012-05-08 21:16:25', 1, 1),
(6248, 8, 71, 246, 185, '', 1, '2012-05-08 21:16:35', 1, 1),
(6249, 8, 71, 185, 246, '', 1, '2012-05-08 21:16:36', 1, 1),
(6250, 8, 71, 246, 186, '', 1, '2012-05-08 21:16:41', 1, 1),
(6252, 8, 71, 246, 189, '', 1, '2012-05-08 21:16:56', 1, 1),
(6253, 8, 71, 189, 246, '', 1, '2012-05-08 21:16:57', 1, 1),
(6254, 8, 71, 246, 190, '', 1, '2012-05-08 21:17:07', 1, 1),
(6255, 8, 71, 246, 192, '', 1, '2012-05-08 21:17:15', 1, 1),
(6256, 8, 71, 192, 246, '', 1, '2012-05-08 21:17:16', 1, 1),
(6257, 8, 71, 193, 246, '', 1, '2012-05-08 21:17:20', 1, 1),
(6258, 8, 71, 195, 246, '', 1, '2012-05-08 21:17:28', 1, 1),
(6259, 8, 71, 197, 246, '', 1, '2012-05-08 21:17:32', 1, 1),
(6260, 8, 71, 246, 200, '', 1, '2012-05-08 21:17:36', 1, 1),
(6261, 8, 71, 246, 203, '', 1, '2012-05-08 21:17:52', 1, 1),
(6262, 8, 71, 246, 208, '', 1, '2012-05-08 21:17:57', 1, 1),
(6263, 8, 71, 246, 209, '', 1, '2012-05-08 21:18:01', 1, 1),
(6264, 8, 71, 246, 210, '', -1, '2012-05-08 21:18:06', 1, 1),
(6265, 8, 71, 246, 211, '', 1, '2012-05-08 21:18:14', 1, 1),
(6266, 8, 71, 246, 214, '', 1, '2012-05-08 21:18:30', 1, 1),
(6267, 8, 71, 246, 218, '', 1, '2012-05-08 21:18:44', 1, 1),
(6268, 8, 71, 246, 219, '', 1, '2012-05-08 21:18:47', 1, 1),
(6269, 8, 71, 223, 246, '', 1, '2012-05-08 21:18:53', 1, 1),
(6270, 8, 71, 246, 230, '', 1, '2012-05-08 21:19:02', 1, 1),
(6271, 8, 71, 246, 229, '', 1, '2012-05-08 21:19:05', 1, 1),
(6272, 8, 71, 246, 232, '', 1, '2012-05-08 21:19:09', 1, 1),
(6273, 8, 71, 233, 246, '', 1, '2012-05-08 21:19:12', 1, 1),
(6274, 8, 71, 236, 246, '', 1, '2012-05-08 21:19:16', 1, 1),
(6275, 8, 71, 246, 241, '', 1, '2012-05-08 21:19:25', 1, 1),
(6276, 8, 71, 246, 242, '', 1, '2012-05-08 21:19:28', 1, 1),
(6277, 8, 71, 246, 243, '', 1, '2012-05-08 21:19:32', 1, 1),
(6278, 8, 71, 246, 244, '', 1, '2012-05-08 21:19:36', 1, 1),
(6279, 8, 71, 246, 245, '', 1, '2012-05-08 21:19:40', 1, 1),
(6280, 8, 71, 246, 247, '', 1, '2012-05-08 21:19:45', 1, 1),
(6281, 8, 71, 246, 248, '', 1, '2012-05-08 21:19:49', 1, 1),
(6282, 8, 71, 246, 249, '', 1, '2012-05-08 21:19:52', 1, 1),
(6283, 8, 71, 246, 250, '', 1, '2012-05-08 21:19:58', 1, 1),
(6284, 8, 71, 246, 252, '', 1, '2012-05-08 21:20:10', 1, 1),
(6285, 8, 71, 246, 254, '', 1, '2012-05-08 21:20:15', 1, 1),
(6286, 8, 71, 246, 213, '', 1, '2012-05-08 21:21:26', 1, 1),
(6287, 8, 76, 146, 205, '', -9, '0000-00-00 00:00:00', 1, 1),
(6288, 8, 76, 205, 146, '', 1, '2012-05-08 23:12:59', 1, 1),
(6289, 8, 76, 205, 107, '', 1, '2012-05-08 23:10:01', 1, 1),
(6290, 8, 76, 104, 208, '', 1, '2012-05-08 23:15:35', 1, 1),
(6291, 8, 76, 146, 107, '', 1, '2012-05-08 23:15:54', 1, 1),
(6292, 8, 76, 101, 162, '', 1, '2012-05-08 23:16:08', 1, 1),
(6293, 8, 76, 242, 166, '', 1, '2012-05-08 23:16:32', 1, 1),
(6294, 8, 76, 81, 174, '', 1, '2012-05-08 23:16:52', 1, 1),
(6295, 8, 77, 81, 229, '', 1, '2012-05-09 05:31:18', 1, 1),
(6296, 8, 77, 86, 229, '', 1, '2012-05-09 05:31:40', 1, 1),
(6297, 8, 77, 101, 229, '', 1, '2012-05-09 05:31:58', 1, 1),
(6298, 8, 77, 122, 229, '', 1, '2012-05-09 05:32:22', 1, 1),
(6299, 8, 77, 134, 229, '', 1, '2012-05-09 05:32:37', 1, 1),
(6300, 8, 77, 133, 229, '', 1, '2012-05-09 05:32:41', 1, 1),
(6301, 8, 77, 138, 229, '', 1, '2012-05-09 05:32:48', 1, 1),
(6302, 8, 77, 159, 229, '', 1, '2012-05-09 05:33:05', 1, 1),
(6303, 8, 77, 163, 229, '', 1, '2012-05-09 05:33:32', 1, 1),
(6304, 8, 77, 166, 229, '', 1, '2012-05-09 05:33:35', 1, 1),
(6305, 8, 77, 167, 229, '', 1, '2012-05-09 05:33:42', 1, 1),
(6306, 8, 77, 172, 229, '', 1, '2012-05-09 05:33:52', 1, 1),
(6307, 8, 77, 174, 229, '', 1, '2012-05-09 05:33:58', 1, 1),
(6308, 8, 77, 175, 229, '', 1, '2012-05-09 05:34:03', 1, 1),
(6309, 8, 77, 184, 229, '', 1, '2012-05-09 05:34:11', 1, 1),
(6310, 8, 77, 186, 229, '', 1, '2012-05-09 05:34:18', 1, 1),
(6311, 8, 77, 192, 229, '', 1, '2012-05-09 05:34:30', 1, 1),
(6312, 8, 77, 200, 229, '', 1, '2012-05-09 05:34:39', 1, 1),
(6314, 8, 77, 229, 205, '', 1, '2012-05-09 05:35:01', 1, 1),
(6315, 8, 77, 210, 229, '', -1, '2012-05-09 05:35:17', 1, 1),
(6316, 8, 77, 211, 229, '', 1, '2012-05-09 05:35:26', 1, 1),
(6317, 8, 77, 213, 229, '', 1, '2012-05-09 05:35:34', 1, 1),
(6318, 8, 77, 232, 229, '', 1, '2012-05-09 05:35:47', 1, 1),
(6319, 8, 77, 233, 229, '', 1, '2012-05-09 05:35:53', 1, 1),
(6320, 8, 77, 242, 229, '', 1, '2012-05-09 05:36:05', 1, 1),
(6321, 8, 77, 249, 229, '', 1, '2012-05-09 05:36:21', 1, 1),
(6322, 8, 77, 192, 85, '', 1, '2012-05-09 05:37:14', 1, 1),
(6323, 8, 77, 192, 104, '', 1, '2012-05-09 05:37:31', 1, 1),
(6324, 8, 77, 192, 138, '', 1, '2012-05-09 05:38:09', 1, 1),
(6325, 8, 77, 192, 142, '', 1, '2012-05-09 05:38:19', 1, 1),
(6326, 8, 77, 192, 149, '', 1, '2012-05-09 05:38:29', 1, 1),
(6327, 8, 77, 192, 156, '', 1, '2012-05-09 05:38:38', 1, 1),
(6328, 8, 77, 192, 172, 'Imagine a legal framework that included the concept of reputation, stipulating who has access to what', 1, '2012-05-09 05:39:05', 1, 1),
(6329, 8, 77, 192, 181, '', 1, '2012-05-09 05:40:58', 1, 1),
(6330, 8, 77, 192, 193, 'I think accountability is dangerous, b/c it implies vulnerability; but trust based on reputation is less problematic: reputation >> accountability', 1, '2012-05-09 05:41:37', 1, 1),
(6331, 8, 77, 192, 200, '', 1, '2012-05-09 05:48:32', 1, 1),
(6332, 8, 77, 192, 213, '', 1, '2012-05-09 05:48:48', 1, 1),
(6333, 8, 77, 243, 192, '', 1, '2012-05-09 05:49:20', 1, 1),
(6334, 8, 77, 192, 246, '', 1, '2012-05-09 05:49:28', 1, 1),
(6335, 8, 77, 192, 248, '', 1, '2012-05-09 05:49:36', 1, 1),
(6336, 8, 77, 192, 249, '', 1, '2012-05-09 05:49:42', 1, 1),
(6337, 8, 77, 192, 250, '', 1, '2012-05-09 05:49:50', 1, 1),
(6338, 8, 77, 85, 96, '', 1, '2012-05-09 05:50:52', 1, 1),
(6339, 8, 77, 101, 96, '', 1, '2012-05-09 05:51:03', 1, 1),
(6340, 8, 77, 104, 96, '', 1, '2012-05-09 05:51:14', 1, 1),
(6341, 8, 77, 111, 96, '', 1, '2012-05-09 05:51:28', 1, 1),
(6342, 8, 77, 121, 96, '', 1, '2012-05-09 05:51:35', 1, 1),
(6343, 8, 77, 122, 96, '', 1, '2012-05-09 05:51:40', 1, 1),
(6344, 8, 77, 138, 96, '', 1, '2012-05-09 05:51:57', 1, 1),
(6345, 8, 77, 156, 96, '', 1, '2012-05-09 05:52:14', 1, 1),
(6346, 8, 77, 159, 96, '', 1, '2012-05-09 05:52:23', 1, 1),
(6347, 8, 77, 167, 96, '', 1, '2012-05-09 05:52:33', 1, 1),
(6348, 8, 77, 169, 96, '', 1, '2012-05-09 05:52:38', 1, 1),
(6349, 8, 77, 172, 96, '', 1, '2012-05-09 05:52:42', 1, 1),
(6350, 8, 77, 190, 96, '', 1, '2012-05-09 05:53:02', 1, 1),
(6351, 8, 77, 197, 96, '', 1, '2012-05-09 05:53:13', 1, 1),
(6352, 8, 77, 205, 96, '', 1, '2012-05-09 05:53:24', 1, 1),
(6353, 8, 77, 214, 96, '', 1, '2012-05-09 05:53:34', 1, 1),
(6354, 8, 77, 223, 96, '', 1, '2012-05-09 05:53:44', 1, 1),
(6355, 8, 77, 233, 96, '', 1, '2012-05-09 05:53:52', 1, 1),
(6356, 8, 77, 239, 96, '', 1, '2012-05-09 05:54:01', 1, 1),
(6357, 8, 77, 243, 96, '', 1, '2012-05-09 05:54:06', 1, 1),
(6358, 8, 77, 246, 96, '', 1, '2012-05-09 05:54:17', 1, 1),
(6359, 8, 77, 249, 96, '', 1, '2012-05-09 05:54:27', 1, 1),
(6360, 8, 77, 218, 86, '', 1, '2012-05-09 05:55:45', 1, 1),
(6361, 8, 77, 111, 218, '', 1, '2012-05-09 05:56:01', 1, 1),
(6362, 8, 77, 122, 218, '', 1, '2012-05-09 05:56:10', 1, 1),
(6363, 8, 77, 123, 218, '', 1, '2012-05-09 05:56:17', 1, 1),
(6364, 8, 77, 131, 218, '', 1, '2012-05-09 05:56:23', 1, 1),
(6365, 8, 77, 133, 218, '', 1, '2012-05-09 05:56:31', 1, 1),
(6366, 8, 77, 134, 218, '', 1, '2012-05-09 05:56:33', 1, 1),
(6367, 8, 77, 138, 218, '', 1, '2012-05-09 05:56:37', 1, 1),
(6368, 8, 77, 144, 218, '', 1, '2012-05-09 05:56:51', 1, 1),
(6369, 8, 77, 163, 218, '', 1, '2012-05-09 05:57:10', 1, 1),
(6370, 8, 77, 166, 218, '', 1, '2012-05-09 05:57:15', 1, 1),
(6371, 8, 77, 167, 218, '', 1, '2012-05-09 05:57:20', 1, 1),
(6372, 8, 77, 169, 218, '', 1, '2012-05-09 05:57:34', 1, 1),
(6374, 8, 77, 203, 218, '', 1, '2012-05-09 05:58:13', 1, 1),
(6375, 8, 77, 208, 218, '', 1, '2012-05-09 05:58:22', 1, 1),
(6376, 8, 77, 210, 218, '', -1, '2012-05-09 05:58:30', 1, 1),
(6377, 8, 77, 213, 218, '', 1, '2012-05-09 05:58:36', 1, 1),
(6378, 8, 77, 219, 218, '', 1, '2012-05-09 05:58:44', 1, 1),
(6379, 8, 77, 232, 218, '', 1, '2012-05-09 05:58:59', 1, 1),
(6380, 8, 77, 245, 218, '', 1, '2012-05-09 05:59:14', 1, 1),
(6381, 8, 77, 246, 218, '', 1, '2012-05-09 05:59:20', 1, 1),
(6382, 8, 77, 251, 218, '', 1, '2012-05-09 05:59:31', 1, 1),
(6383, 8, 77, 99, 107, '', 1, '2012-05-09 06:00:08', 1, 1),
(6384, 8, 77, 96, 107, '', 1, '2012-05-09 06:00:12', 1, 1),
(6385, 8, 77, 101, 107, '', 1, '2012-05-09 06:00:17', 1, 1),
(6386, 8, 77, 102, 107, '', 1, '2012-05-09 06:00:21', 1, 1),
(6387, 8, 77, 111, 107, '', 1, '2012-05-09 06:00:34', 1, 1),
(6388, 8, 77, 108, 107, '', 1, '2012-05-09 06:00:37', 1, 1),
(6389, 8, 77, 131, 107, '', 1, '2012-05-09 06:00:42', 1, 1),
(6390, 8, 77, 123, 107, '', 1, '2012-05-09 06:00:45', 1, 1),
(6391, 8, 77, 133, 107, '', 1, '2012-05-09 06:00:50', 1, 1),
(6392, 8, 77, 134, 107, '', 1, '2012-05-09 06:00:55', 1, 1),
(6393, 8, 77, 138, 107, '', 1, '2012-05-09 06:00:58', 1, 1),
(6394, 8, 77, 163, 107, '', 1, '2012-05-09 06:01:28', 1, 1),
(6395, 8, 77, 166, 107, '', 1, '2012-05-09 06:01:30', 1, 1),
(6396, 8, 77, 167, 107, '', 1, '2012-05-09 06:01:35', 1, 1),
(6397, 8, 77, 169, 107, '', 1, '2012-05-09 06:01:38', 1, 1),
(6398, 8, 77, 172, 107, '', 1, '2012-05-09 06:01:42', 1, 1),
(6399, 8, 77, 176, 107, '', 1, '2012-05-09 06:01:48', 1, 1),
(6400, 8, 77, 184, 107, '', 1, '2012-05-09 06:01:59', 1, 1),
(6401, 8, 77, 186, 107, '', 1, '2012-05-09 06:02:03', 1, 1),
(6402, 8, 77, 188, 107, '', 1, '2012-05-09 06:02:07', 1, 1),
(6403, 8, 77, 203, 107, '', 1, '2012-05-09 06:02:19', 1, 1),
(6404, 8, 77, 208, 107, '', 1, '2012-05-09 06:02:24', 1, 1),
(6405, 8, 77, 221, 107, '', 1, '2012-05-09 06:02:36', 1, 1),
(6406, 8, 77, 232, 107, '', 1, '2012-05-09 06:02:41', 1, 1),
(6407, 8, 77, 243, 107, '', 1, '2012-05-09 06:02:51', 1, 1),
(6408, 8, 77, 242, 107, '', 1, '2012-05-09 06:02:54', 1, 1),
(6409, 8, 77, 245, 107, '', 1, '2012-05-09 06:03:01', 1, 1),
(6410, 8, 77, 246, 107, '', 1, '2012-05-09 06:03:05', 1, 1),
(6411, 8, 77, 251, 107, '', 1, '2012-05-09 06:03:09', 1, 1),
(6412, 8, 77, 85, 188, '', 1, '2012-05-09 06:03:31', 1, 1),
(6414, 8, 77, 188, 96, '', 1, '2012-05-09 06:03:54', 1, 1),
(6415, 8, 77, 111, 188, '', 1, '2012-05-09 06:04:06', 1, 1),
(6416, 8, 77, 120, 188, '', 1, '2012-05-09 06:04:15', 1, 1),
(6417, 8, 77, 121, 188, '', 1, '2012-05-09 06:04:19', 1, 1),
(6418, 8, 77, 122, 188, '', 1, '2012-05-09 06:04:22', 1, 1),
(6419, 8, 77, 138, 188, '', 1, '2012-05-09 06:04:30', 1, 1),
(6420, 8, 77, 156, 188, '', 1, '2012-05-09 06:04:48', 1, 1),
(6421, 8, 77, 159, 188, '', 1, '2012-05-09 06:04:51', 1, 1),
(6422, 8, 77, 188, 161, '', 1, '2012-05-09 06:04:59', 1, 1),
(6423, 8, 77, 162, 188, '', 1, '2012-05-09 06:05:07', 1, 1),
(6424, 8, 77, 167, 188, '', 1, '2012-05-09 06:05:16', 1, 1),
(6425, 8, 77, 172, 188, '', 1, '2012-05-09 06:05:25', 1, 1),
(6426, 8, 77, 202, 188, '', 1, '2012-05-09 06:05:45', 1, 1),
(6427, 8, 77, 205, 188, '', 1, '2012-05-09 06:05:50', 1, 1),
(6428, 8, 77, 210, 188, '', -1, '2012-05-09 06:06:01', 1, 1),
(6429, 8, 77, 214, 188, '', 1, '2012-05-09 06:06:09', 1, 1),
(6430, 8, 77, 223, 188, '', 1, '2012-05-09 06:06:19', 1, 1),
(6431, 8, 77, 239, 188, '', 1, '2012-05-09 06:06:27', 1, 1),
(6432, 8, 77, 243, 188, '', 1, '2012-05-09 06:06:32', 1, 1),
(6433, 8, 77, 244, 188, '', 1, '2012-05-09 06:06:41', 1, 1),
(6434, 8, 77, 245, 188, '', 1, '2012-05-09 06:06:45', 1, 1),
(6435, 8, 77, 246, 188, '', 1, '2012-05-09 06:06:48', 1, 1),
(6436, 8, 77, 247, 188, '', 1, '2012-05-09 06:06:53', 1, 1),
(6437, 8, 77, 248, 188, '', 1, '2012-05-09 06:06:57', 1, 1),
(6438, 8, 77, 188, 253, '', 1, '2012-05-09 06:07:07', 1, 1),
(6439, 8, 77, 159, 86, '', 1, '2012-05-09 06:07:37', 1, 1),
(6440, 8, 77, 101, 159, '', 1, '2012-05-09 06:07:47', 1, 1),
(6441, 8, 77, 102, 159, '', 1, '2012-05-09 06:07:56', 1, 1),
(6442, 8, 77, 163, 159, '', 1, '2012-05-09 06:08:32', 1, 1),
(6443, 8, 77, 166, 159, '', 1, '2012-05-09 06:08:36', 1, 1),
(6445, 8, 77, 159, 167, '', 1, '2012-05-09 06:08:53', 1, 1),
(6446, 8, 77, 159, 169, '', 1, '2012-05-09 06:08:59', 1, 1),
(6447, 8, 61, 253, 203, '', 1, '2012-05-09 06:09:16', 1, 1),
(6448, 8, 61, 203, 253, '', 1, '2012-05-09 06:09:18', 1, 1),
(6449, 8, 77, 190, 159, '', 1, '2012-05-09 06:09:34', 1, 1),
(6450, 8, 61, 253, 202, '', 1, '2012-05-09 06:09:35', 1, 1),
(6451, 8, 61, 202, 253, '', 1, '2012-05-09 06:09:36', 1, 1),
(6452, 8, 61, 253, 200, '', 1, '2012-05-09 06:09:40', 1, 1),
(6453, 8, 61, 200, 253, '', 1, '2012-05-09 06:09:42', 1, 1),
(6454, 8, 77, 200, 159, '', 1, '2012-05-09 06:09:55', 1, 1),
(6455, 8, 61, 253, 214, '', 1, '2012-05-09 06:09:56', 1, 1),
(6456, 8, 61, 214, 253, '', 1, '2012-05-09 06:09:58', 1, 1),
(6457, 8, 77, 205, 159, '', 1, '2012-05-09 06:10:02', 1, 1),
(6458, 8, 77, 159, 208, '', 1, '2012-05-09 06:10:11', 1, 1),
(6459, 8, 77, 159, 213, '', 1, '2012-05-09 06:10:22', 1, 1),
(6460, 8, 77, 159, 218, '', 1, '2012-05-09 06:10:33', 1, 1),
(6461, 8, 77, 159, 219, '', 1, '2012-05-09 06:10:39', 1, 1),
(6462, 8, 61, 253, 248, '', 1, '2012-05-09 06:10:38', 1, 1),
(6463, 8, 61, 248, 253, '', 1, '2012-05-09 06:10:39', 1, 1),
(6464, 8, 77, 159, 232, '', 1, '2012-05-09 06:10:50', 1, 1),
(6467, 8, 61, 253, 247, '', 1, '2012-05-09 06:10:55', 1, 1),
(6468, 8, 77, 159, 243, '', 1, '2012-05-09 06:11:00', 1, 1),
(6469, 8, 61, 253, 245, '', 1, '2012-05-09 06:11:01', 1, 1),
(6470, 8, 77, 159, 244, '', 1, '2012-05-09 06:11:06', 1, 1),
(6471, 8, 77, 159, 245, '', 1, '2012-05-09 06:11:10', 1, 1),
(6472, 8, 77, 159, 246, '', 1, '2012-05-09 06:11:14', 1, 1),
(6473, 8, 77, 159, 247, '', 1, '2012-05-09 06:11:22', 1, 1),
(6474, 8, 77, 159, 248, '', 1, '2012-05-09 06:11:26', 1, 1),
(6475, 8, 61, 120, 90, '', 1, '2012-05-09 06:11:33', 1, 1),
(6476, 8, 77, 159, 249, '', 1, '2012-05-09 06:11:32', 1, 1),
(6477, 8, 77, 159, 251, '', 1, '2012-05-09 06:11:40', 1, 1),
(6478, 8, 77, 159, 254, '', 1, '2012-05-09 06:11:47', 1, 1),
(6479, 8, 77, 81, 200, '', 1, '2012-05-09 06:12:06', 1, 1),
(6480, 8, 77, 85, 200, '', 1, '2012-05-09 06:12:11', 1, 1),
(6481, 8, 77, 86, 200, '', 1, '2012-05-09 06:12:18', 1, 1),
(6482, 8, 77, 90, 200, '', 1, '2012-05-09 06:12:23', 1, 1),
(6483, 8, 77, 99, 200, '', 1, '2012-05-09 06:12:29', 1, 1),
(6484, 8, 61, 120, 99, '', 1, '2012-05-09 06:12:31', 1, 1),
(6485, 8, 77, 101, 200, '', 1, '2012-05-09 06:12:32', 1, 1),
(6486, 8, 77, 102, 200, '', 1, '2012-05-09 06:12:36', 1, 1),
(6487, 8, 61, 120, 111, '', 1, '2012-05-09 06:12:40', 1, 1),
(6488, 8, 77, 200, 107, '', 1, '2012-05-09 06:12:49', 1, 1),
(6489, 8, 61, 120, 134, '', 1, '2012-05-09 06:12:53', 1, 1),
(6490, 8, 77, 108, 200, '', 1, '2012-05-09 06:12:56', 1, 1),
(6491, 8, 77, 111, 200, '', 1, '2012-05-09 06:12:58', 1, 1),
(6492, 8, 61, 120, 139, '', 1, '2012-05-09 06:13:00', 1, 1),
(6493, 8, 61, 139, 120, '', 1, '2012-05-09 06:13:01', 1, 1),
(6494, 8, 77, 121, 200, '', 1, '2012-05-09 06:13:03', 1, 1),
(6495, 8, 77, 123, 200, '', 1, '2012-05-09 06:13:09', 1, 1),
(6496, 8, 77, 131, 200, '', 1, '2012-05-09 06:13:11', 1, 1),
(6497, 8, 77, 132, 200, '', 1, '2012-05-09 06:13:15', 1, 1),
(6498, 8, 61, 120, 142, '', 1, '2012-05-09 06:13:17', 1, 1),
(6499, 8, 77, 133, 200, '', 1, '2012-05-09 06:13:18', 1, 1),
(6500, 8, 77, 134, 200, '', 1, '2012-05-09 06:13:21', 1, 1);
INSERT INTO `userLinks` (`id`, `projectId`, `userId`, `issueFromId`, `issueToId`, `comment`, `sign`, `modified`, `num_observers`, `tot_observers`) VALUES
(6501, 8, 77, 138, 200, '', 1, '2012-05-09 06:13:24', 1, 1),
(6502, 8, 61, 120, 149, '', 1, '2012-05-09 06:13:33', 1, 1),
(6503, 8, 61, 120, 161, '', 1, '2012-05-09 06:13:41', 1, 1),
(6504, 8, 61, 161, 120, '', 1, '2012-05-09 06:13:43', 1, 1),
(6505, 8, 61, 120, 174, '', 1, '2012-05-09 06:14:00', 1, 1),
(6506, 8, 77, 172, 200, '', 1, '2012-05-09 06:14:05', 1, 1),
(6507, 8, 77, 162, 200, '', 1, '2012-05-09 06:14:12', 1, 1),
(6508, 8, 77, 163, 200, '', 1, '2012-05-09 06:14:16', 1, 1),
(6509, 8, 77, 166, 200, '', 1, '2012-05-09 06:14:20', 1, 1),
(6510, 8, 77, 174, 200, '', 1, '2012-05-09 06:14:27', 1, 1),
(6511, 8, 77, 175, 200, '', 1, '2012-05-09 06:14:29', 1, 1),
(6512, 8, 77, 176, 200, '', 1, '2012-05-09 06:14:32', 1, 1),
(6513, 8, 77, 184, 200, '', 1, '2012-05-09 06:14:38', 1, 1),
(6514, 8, 61, 120, 195, '', 1, '2012-05-09 06:14:43', 1, 1),
(6515, 8, 61, 195, 120, '', 1, '2012-05-09 06:14:44', 1, 1),
(6516, 8, 77, 186, 200, '', 1, '2012-05-09 06:14:43', 1, 1),
(6517, 8, 61, 120, 197, '', 1, '2012-05-09 06:14:48', 1, 1),
(6518, 8, 61, 197, 120, '', 1, '2012-05-09 06:14:49', 1, 1),
(6519, 8, 77, 191, 200, '', 1, '2012-05-09 06:14:54', 1, 1),
(6520, 8, 61, 120, 200, '', 1, '2012-05-09 06:14:58', 1, 1),
(6521, 8, 61, 200, 120, '', 1, '2012-05-09 06:15:00', 1, 1),
(6522, 8, 77, 203, 200, '', 1, '2012-05-09 06:15:03', 1, 1),
(6523, 8, 77, 200, 205, '', 1, '2012-05-09 06:15:10', 1, 1),
(6524, 8, 61, 120, 205, '', 1, '2012-05-09 06:15:12', 1, 1),
(6525, 8, 77, 208, 200, '', 1, '2012-05-09 06:15:13', 1, 1),
(6526, 8, 77, 200, 210, '', -1, '2012-05-09 06:15:19', 1, 1),
(6527, 8, 61, 120, 214, '', 1, '2012-05-09 06:15:36', 1, 1),
(6528, 8, 61, 214, 120, '', 1, '2012-05-09 06:15:37', 1, 1),
(6529, 8, 77, 218, 200, '', 1, '2012-05-09 06:15:37', 1, 1),
(6531, 8, 77, 200, 219, '', 1, '2012-05-09 06:15:51', 1, 1),
(6532, 8, 77, 232, 200, '', 1, '2012-05-09 06:15:59', 1, 1),
(6533, 8, 77, 233, 200, '', 1, '2012-05-09 06:16:05', 1, 1),
(6534, 8, 77, 200, 245, '', 1, '2012-05-09 06:16:16', 1, 1),
(6535, 8, 77, 200, 246, '', 1, '2012-05-09 06:16:20', 1, 1),
(6536, 8, 77, 200, 247, '', 1, '2012-05-09 06:16:25', 1, 1),
(6537, 8, 77, 200, 248, '', 1, '2012-05-09 06:16:30', 1, 1),
(6538, 8, 77, 251, 200, '', 1, '2012-05-09 06:16:35', 1, 1),
(6539, 8, 61, 120, 239, '', 1, '2012-05-09 06:16:49', 1, 1),
(6540, 8, 61, 239, 120, '', 1, '2012-05-09 06:16:51', 1, 1),
(6541, 8, 61, 120, 254, '', 1, '2012-05-09 06:17:15', 1, 1),
(6542, 8, 77, 85, 213, '', 1, '2012-05-09 06:22:04', 1, 1),
(6543, 8, 77, 86, 213, '', 1, '2012-05-09 06:22:07', 1, 1),
(6544, 8, 77, 90, 213, '', 1, '2012-05-09 06:22:11', 1, 1),
(6545, 8, 77, 99, 213, '', 1, '2012-05-09 06:22:17', 1, 1),
(6546, 8, 77, 101, 213, '', 1, '2012-05-09 06:22:21', 1, 1),
(6547, 8, 77, 102, 213, '', 1, '2012-05-09 06:22:24', 1, 1),
(6548, 8, 77, 104, 213, '', 1, '2012-05-09 06:22:36', 1, 1),
(6549, 8, 77, 213, 107, '', 1, '2012-05-09 06:23:15', 1, 1),
(6550, 8, 77, 108, 213, '', 1, '2012-05-09 06:23:24', 1, 1),
(6551, 8, 77, 121, 213, '', 1, '2012-05-09 06:23:31', 1, 1),
(6552, 8, 77, 123, 213, '', 1, '2012-05-09 06:23:40', 1, 1),
(6553, 8, 77, 131, 213, '', 1, '2012-05-09 06:23:43', 1, 1),
(6554, 8, 77, 132, 213, '', 1, '2012-05-09 06:23:52', 1, 1),
(6555, 8, 77, 133, 213, '', 1, '2012-05-09 06:23:55', 1, 1),
(6556, 8, 77, 134, 213, '', 1, '2012-05-09 06:23:58', 1, 1),
(6557, 8, 77, 138, 213, '', 1, '2012-05-09 06:24:01', 1, 1),
(6558, 8, 77, 144, 213, '', 1, '2012-05-09 06:24:39', 1, 1),
(6559, 8, 77, 149, 213, '', 1, '2012-05-09 06:24:48', 1, 1),
(6560, 8, 77, 213, 161, '', 1, '2012-05-09 06:24:57', 1, 1),
(6561, 8, 77, 163, 213, '', 1, '2012-05-09 06:25:06', 1, 1),
(6562, 8, 77, 166, 213, '', 1, '2012-05-09 06:25:13', 1, 1),
(6563, 8, 77, 167, 213, '', 1, '2012-05-09 06:25:15', 1, 1),
(6564, 8, 77, 172, 213, '', 1, '2012-05-09 06:25:25', 1, 1),
(6565, 8, 77, 174, 213, '', 1, '2012-05-09 06:25:30', 1, 1),
(6566, 8, 77, 175, 213, '', 1, '2012-05-09 06:25:34', 1, 1),
(6567, 8, 77, 176, 213, '', 1, '2012-05-09 06:25:40', 1, 1),
(6568, 8, 77, 181, 213, '', 1, '2012-05-09 06:25:46', 1, 1),
(6569, 8, 77, 184, 213, '', 1, '2012-05-09 06:25:50', 1, 1),
(6570, 8, 77, 186, 213, '', 1, '2012-05-09 06:25:56', 1, 1),
(6571, 8, 77, 213, 189, '', 1, '2012-05-09 06:26:04', 1, 1),
(6572, 8, 77, 190, 213, '', 1, '2012-05-09 06:26:19', 1, 1),
(6573, 8, 77, 191, 213, '', 1, '2012-05-09 06:26:22', 1, 1),
(6574, 8, 77, 200, 213, '', 1, '2012-05-09 06:26:29', 1, 1),
(6575, 8, 77, 202, 213, '', 1, '2012-05-09 06:26:34', 1, 1),
(6576, 8, 77, 203, 213, '', 1, '2012-05-09 06:26:41', 1, 1),
(6577, 8, 77, 210, 213, '', -1, '2012-05-09 06:26:56', 1, 1),
(6578, 8, 77, 208, 213, '', 1, '2012-05-09 06:27:02', 1, 1),
(6579, 8, 77, 221, 213, '', 1, '2012-05-09 06:27:13', 1, 1),
(6580, 8, 77, 232, 213, '', 1, '2012-05-09 06:27:24', 1, 1),
(6581, 8, 77, 233, 213, '', 1, '2012-05-09 06:27:27', 1, 1),
(6582, 8, 77, 244, 213, '', 1, '2012-05-09 06:27:42', 1, 1),
(6584, 8, 77, 213, 245, '', 1, '2012-05-09 06:27:51', 1, 1),
(6585, 8, 77, 213, 246, '', 1, '2012-05-09 06:28:02', 1, 1),
(6586, 8, 77, 247, 213, '', 1, '2012-05-09 06:28:16', 1, 1),
(6587, 8, 77, 248, 213, '', 1, '2012-05-09 06:28:18', 1, 1),
(6588, 8, 77, 213, 249, '', 1, '2012-05-09 06:28:24', 1, 1),
(6589, 8, 77, 213, 252, '', 1, '2012-05-09 06:28:32', 1, 1),
(6590, 8, 77, 213, 254, '', 1, '2012-05-09 06:28:35', 1, 1),
(6591, 8, 77, 81, 205, '', 1, '2012-05-09 06:29:02', 1, 1),
(6592, 8, 77, 205, 104, '', 1, '2012-05-09 06:29:38', 1, 1),
(6593, 8, 77, 107, 205, '', 1, '2012-05-09 06:29:54', 1, 1),
(6594, 8, 77, 108, 205, '', 1, '2012-05-09 06:30:01', 1, 1),
(6595, 8, 77, 121, 205, '', 1, '2012-05-09 06:30:06', 1, 1),
(6596, 8, 77, 122, 205, '', 1, '2012-05-09 06:30:11', 1, 1),
(6597, 8, 77, 133, 205, '', 1, '2012-05-09 06:30:29', 1, 1),
(6598, 8, 77, 134, 205, '', 1, '2012-05-09 06:30:32', 1, 1),
(6599, 8, 77, 138, 205, '', 1, '2012-05-09 06:30:39', 1, 1),
(6600, 8, 77, 142, 205, '', 1, '2012-05-09 06:30:46', 1, 1),
(6601, 8, 77, 146, 205, '', 1, '2012-05-09 06:30:55', 1, 1),
(6602, 8, 77, 149, 205, '', 1, '2012-05-09 06:30:59', 1, 1),
(6603, 8, 77, 156, 205, '', 1, '2012-05-09 06:31:03', 1, 1),
(6604, 8, 77, 161, 205, '', 1, '2012-05-09 06:31:13', 1, 1),
(6605, 8, 77, 163, 205, '', 1, '2012-05-09 06:31:29', 1, 1),
(6606, 8, 77, 166, 205, '', 1, '2012-05-09 06:31:31', 1, 1),
(6607, 8, 77, 172, 205, '', 1, '2012-05-09 06:31:38', 1, 1),
(6608, 8, 77, 174, 205, '', 1, '2012-05-09 06:31:43', 1, 1),
(6609, 8, 77, 185, 205, '', 1, '2012-05-09 06:31:57', 1, 1),
(6610, 8, 77, 191, 205, '', 1, '2012-05-09 06:32:06', 1, 1),
(6611, 8, 77, 195, 205, '', 1, '2012-05-09 06:32:13', 1, 1),
(6612, 8, 77, 208, 205, '', 1, '2012-05-09 06:32:23', 1, 1),
(6613, 8, 77, 203, 205, '', 1, '2012-05-09 06:32:26', 1, 1),
(6614, 8, 77, 219, 205, '', 1, '2012-05-09 06:32:37', 1, 1),
(6615, 8, 77, 218, 205, '', 1, '2012-05-09 06:32:40', 1, 1),
(6616, 8, 77, 243, 205, '', 1, '2012-05-09 06:32:58', 1, 1),
(6617, 8, 77, 244, 205, '', 1, '2012-05-09 06:33:04', 1, 1),
(6618, 8, 77, 245, 205, '', 1, '2012-05-09 06:33:08', 1, 1),
(6619, 8, 77, 246, 205, '', 1, '2012-05-09 06:33:12', 1, 1),
(6620, 8, 77, 249, 205, '', 1, '2012-05-09 06:33:21', 1, 1),
(6621, 8, 70, 193, 81, '', 1, '2012-05-09 10:18:35', 1, 1),
(6622, 8, 70, 81, 193, '', 1, '2012-05-09 10:18:36', 1, 1),
(6623, 8, 70, 193, 85, '', 1, '2012-05-09 10:18:48', 1, 1),
(6624, 8, 70, 85, 193, '', 1, '2012-05-09 10:18:49', 1, 1),
(6625, 8, 70, 86, 193, '', 1, '2012-05-09 10:19:08', 1, 1),
(6626, 8, 70, 193, 96, '', 1, '2012-05-09 10:19:31', 1, 1),
(6627, 8, 70, 96, 193, '', 1, '2012-05-09 10:19:33', 1, 1),
(6628, 8, 70, 193, 99, '', 1, '2012-05-09 10:19:41', 1, 1),
(6629, 8, 70, 99, 193, '', 1, '2012-05-09 10:19:42', 1, 1),
(6630, 8, 70, 101, 193, '', 1, '2012-05-09 10:19:57', 1, 1),
(6632, 8, 70, 193, 102, '', 1, '2012-05-09 10:20:24', 1, 1),
(6633, 8, 70, 102, 193, '', 1, '2012-05-09 10:20:26', 1, 1),
(6634, 8, 70, 193, 104, '', 1, '2012-05-09 10:20:33', 1, 1),
(6635, 8, 70, 104, 193, '', 1, '2012-05-09 10:20:34', 1, 1),
(6636, 8, 70, 193, 107, '', 1, '2012-05-09 10:20:50', 1, 1),
(6637, 8, 70, 193, 108, '', 1, '2012-05-09 10:21:09', 1, 1),
(6638, 8, 70, 193, 111, '', 1, '2012-05-09 10:21:20', 1, 1),
(6639, 8, 70, 193, 120, '', 1, '2012-05-09 10:21:27', 1, 1),
(6640, 8, 70, 120, 193, '', 1, '2012-05-09 10:21:28', 1, 1),
(6641, 8, 70, 193, 121, '', 1, '2012-05-09 10:21:47', 1, 1),
(6642, 8, 70, 121, 193, 'this goes up assuming that the policy/framework is constructed in such a way as to promote a sense of pesonal accountability, rather than the need to evade through plausible deniability.', 1, '2012-05-09 10:21:49', 1, 1),
(6643, 8, 70, 122, 193, '', 1, '2012-05-09 10:23:02', 1, 1),
(6644, 8, 70, 193, 123, '', 1, '2012-05-09 10:23:14', 1, 1),
(6645, 8, 70, 132, 193, 'this could go either way, again depending on format of participation. "Open" data can be sunlight on problems, but it can also take the clothes away from people who truly believe they need them for good and defensible reasons. stakeholder definition critical.', -1, '2012-05-09 10:23:38', 1, 1),
(6646, 8, 70, 193, 133, '', 1, '2012-05-09 10:25:13', 1, 1),
(6647, 8, 70, 193, 134, '', 1, '2012-05-09 10:25:21', 1, 1),
(6648, 8, 70, 193, 138, '', 1, '2012-05-09 10:25:27', 1, 1),
(6649, 8, 70, 193, 142, '', 1, '2012-05-09 10:25:34', 1, 1),
(6650, 8, 70, 142, 193, '', 1, '2012-05-09 10:25:36', 1, 1),
(6651, 8, 70, 193, 146, '', 1, '2012-05-09 10:25:47', 1, 1),
(6652, 8, 70, 146, 193, '', 1, '2012-05-09 10:25:48', 1, 1),
(6653, 8, 70, 193, 149, '', 1, '2012-05-09 10:25:56', 1, 1),
(6654, 8, 70, 149, 193, '', 1, '2012-05-09 10:25:57', 1, 1),
(6655, 8, 70, 193, 156, '', 1, '2012-05-09 10:26:06', 1, 1),
(6656, 8, 70, 156, 193, '', 1, '2012-05-09 10:26:07', 1, 1),
(6657, 8, 70, 193, 161, '', 1, '2012-05-09 10:26:17', 1, 1),
(6658, 8, 70, 161, 193, '', 1, '2012-05-09 10:26:18', 1, 1),
(6659, 8, 70, 193, 162, '', 1, '2012-05-09 10:26:24', 1, 1),
(6660, 8, 70, 162, 193, '', 1, '2012-05-09 10:26:25', 1, 1),
(6661, 8, 70, 193, 163, '', 1, '2012-05-09 10:26:31', 1, 1),
(6662, 8, 70, 163, 193, '', 1, '2012-05-09 10:26:32', 1, 1),
(6663, 8, 70, 193, 166, '', 1, '2012-05-09 10:26:39', 1, 1),
(6664, 8, 70, 166, 193, '', 1, '2012-05-09 10:26:41', 1, 1),
(6665, 8, 70, 193, 169, 'current structure promotes plausible deniability,and disables use of data by all but those adept at use under their own Terms of engagement. Hackers hack because they can, many stay offline because they feel they must to protect selves from own ignorance.', -1, '2012-05-09 10:27:00', 1, 1),
(6666, 8, 70, 193, 172, '', 1, '2012-05-09 10:28:23', 1, 1),
(6667, 8, 70, 172, 193, '', 1, '2012-05-09 10:28:24', 1, 1),
(6668, 8, 70, 173, 193, 'we should always be able to see under the covers, behind the curtain, etc', -1, '2012-05-09 10:28:35', 1, 1),
(6669, 8, 70, 193, 174, '', 1, '2012-05-09 10:29:19', 1, 1),
(6670, 8, 70, 193, 175, '', 1, '2012-05-09 10:29:26', 1, 1),
(6671, 8, 70, 175, 193, '', 1, '2012-05-09 10:29:27', 1, 1),
(6672, 8, 70, 193, 176, '', 1, '2012-05-09 10:29:32', 1, 1),
(6673, 8, 70, 176, 193, '', 1, '2012-05-09 10:29:34', 1, 1),
(6674, 8, 70, 193, 181, '', 1, '2012-05-09 10:29:50', 1, 1),
(6675, 8, 70, 181, 193, '', 1, '2012-05-09 10:29:51', 1, 1),
(6676, 8, 70, 193, 184, '', 1, '2012-05-09 10:29:55', 1, 1),
(6677, 8, 70, 184, 193, '', 1, '2012-05-09 10:29:56', 1, 1),
(6678, 8, 70, 193, 185, '', 1, '2012-05-09 10:30:05', 1, 1),
(6679, 8, 70, 185, 193, '', 1, '2012-05-09 10:30:06', 1, 1),
(6680, 8, 70, 193, 186, '', 1, '2012-05-09 10:30:10', 1, 1),
(6681, 8, 70, 186, 193, '', 1, '2012-05-09 10:30:11', 1, 1),
(6682, 8, 70, 193, 188, '', 1, '2012-05-09 10:30:18', 1, 1),
(6683, 8, 70, 188, 193, '', 1, '2012-05-09 10:30:20', 1, 1),
(6684, 8, 70, 193, 189, '', 1, '2012-05-09 10:30:33', 1, 1),
(6685, 8, 70, 189, 193, '', 1, '2012-05-09 10:30:34', 1, 1),
(6686, 8, 70, 193, 190, '', 1, '2012-05-09 10:30:52', 1, 1),
(6687, 8, 70, 190, 193, 'stakeholder definition is requisite in accomplishing utility of use versus perverting intent of opening it', 1, '2012-05-09 10:30:58', 1, 1),
(6688, 8, 70, 193, 191, '', 1, '2012-05-09 10:31:47', 1, 1),
(6689, 8, 70, 191, 193, '', 1, '2012-05-09 10:31:48', 1, 1),
(6690, 8, 70, 192, 193, 'can cut both ways...concern for reputation is a self-managing concern, but defined incorrectly, or without proper scope, and reputation is counter-productive to Individual participation and ultimately meaningless in personal progress Terms.', -1, '2012-05-09 10:31:58', 1, 1),
(6691, 8, 70, 193, 195, '', 1, '2012-05-09 10:33:24', 1, 1),
(6692, 8, 70, 195, 193, '', 1, '2012-05-09 10:33:25', 1, 1),
(6693, 8, 70, 193, 200, '', 1, '2012-05-09 10:33:32', 1, 1),
(6694, 8, 70, 200, 193, '', 1, '2012-05-09 10:33:33', 1, 1),
(6695, 8, 70, 193, 202, '', 1, '2012-05-09 10:33:42', 1, 1),
(6696, 8, 70, 202, 193, '', 1, '2012-05-09 10:33:43', 1, 1),
(6697, 8, 70, 193, 203, '', 1, '2012-05-09 10:33:48', 1, 1),
(6698, 8, 70, 203, 193, '', 1, '2012-05-09 10:33:49', 1, 1),
(6699, 8, 70, 193, 205, '', 1, '2012-05-09 10:33:54', 1, 1),
(6700, 8, 70, 205, 193, '', 1, '2012-05-09 10:33:55', 1, 1),
(6701, 8, 70, 193, 208, '', 1, '2012-05-09 10:34:04', 1, 1),
(6702, 8, 70, 208, 193, '', 1, '2012-05-09 10:34:05', 1, 1),
(6703, 8, 70, 193, 209, '', 1, '2012-05-09 10:34:17', 1, 1),
(6704, 8, 70, 210, 193, 'employment structure is counter-productive here;people work w/o deep connection to meaning, instead pursuing private motives and being rewarded by plausible deniability in efforts. Corp owners win in this exchange, and data pooling results. Individual ownership of labor and market participation equalizes space where value is stored and accessed.', -1, '2012-05-09 10:34:31', 1, 1),
(6705, 8, 70, 193, 211, '', 1, '2012-05-09 10:36:44', 1, 1),
(6706, 8, 70, 211, 193, '', 1, '2012-05-09 10:36:45', 1, 1),
(6707, 8, 70, 193, 213, '', 1, '2012-05-09 10:36:50', 1, 1),
(6708, 8, 70, 213, 193, '', 1, '2012-05-09 10:36:51', 1, 1),
(6709, 8, 70, 193, 214, '', 1, '2012-05-09 10:36:57', 1, 1),
(6710, 8, 70, 214, 193, '', 1, '2012-05-09 10:36:58', 1, 1),
(6711, 8, 70, 193, 218, '', 1, '2012-05-09 10:37:02', 1, 1),
(6712, 8, 70, 218, 193, '', 1, '2012-05-09 10:37:03', 1, 1),
(6713, 8, 70, 193, 219, '', 1, '2012-05-09 10:37:08', 1, 1),
(6714, 8, 70, 219, 193, '', 1, '2012-05-09 10:37:09', 1, 1),
(6715, 8, 70, 193, 221, '', 1, '2012-05-09 10:37:14', 1, 1),
(6716, 8, 70, 221, 193, '', 1, '2012-05-09 10:37:15', 1, 1),
(6717, 8, 70, 193, 223, '', 1, '2012-05-09 10:37:21', 1, 1),
(6718, 8, 70, 223, 193, '', 1, '2012-05-09 10:37:22', 1, 1),
(6719, 8, 70, 193, 227, '', 1, '2012-05-09 10:37:27', 1, 1),
(6720, 8, 70, 227, 193, '', 1, '2012-05-09 10:37:28', 1, 1),
(6721, 8, 70, 193, 229, '', 1, '2012-05-09 10:37:32', 1, 1),
(6722, 8, 70, 229, 193, '', 1, '2012-05-09 10:37:33', 1, 1),
(6723, 8, 70, 193, 230, '', 1, '2012-05-09 10:37:36', 1, 1),
(6724, 8, 70, 230, 193, '', 1, '2012-05-09 10:37:37', 1, 1),
(6725, 8, 70, 193, 232, '', 1, '2012-05-09 10:37:47', 1, 1),
(6726, 8, 70, 232, 193, '', 1, '2012-05-09 10:37:48', 1, 1),
(6727, 8, 70, 193, 233, '', 1, '2012-05-09 10:37:52', 1, 1),
(6728, 8, 70, 233, 193, '', 1, '2012-05-09 10:37:53', 1, 1),
(6729, 8, 70, 193, 236, '', 1, '2012-05-09 10:37:58', 1, 1),
(6730, 8, 70, 236, 193, '', 1, '2012-05-09 10:38:00', 1, 1),
(6731, 8, 70, 193, 241, '', 1, '2012-05-09 10:38:08', 1, 1),
(6732, 8, 70, 241, 193, '', 1, '2012-05-09 10:38:09', 1, 1),
(6733, 8, 70, 193, 242, '', 1, '2012-05-09 10:38:12', 1, 1),
(6734, 8, 70, 242, 193, '', 1, '2012-05-09 10:38:13', 1, 1),
(6735, 8, 70, 193, 243, 'big correlation here!', 1, '2012-05-09 10:38:17', 1, 1),
(6736, 8, 70, 243, 193, 'big correlation here!', 1, '2012-05-09 10:38:19', 1, 1),
(6737, 8, 70, 193, 245, '', 1, '2012-05-09 10:38:55', 1, 1),
(6738, 8, 70, 245, 193, '', 1, '2012-05-09 10:38:56', 1, 1),
(6739, 8, 70, 193, 247, '', 1, '2012-05-09 10:39:03', 1, 1),
(6740, 8, 70, 247, 193, '', 1, '2012-05-09 10:39:04', 1, 1),
(6741, 8, 70, 193, 248, '', 1, '2012-05-09 10:39:08', 1, 1),
(6742, 8, 70, 248, 193, '', 1, '2012-05-09 10:39:09', 1, 1),
(6743, 8, 70, 193, 249, '', 1, '2012-05-09 10:39:14', 1, 1),
(6744, 8, 70, 249, 193, '', 1, '2012-05-09 10:39:15', 1, 1),
(6745, 8, 70, 193, 250, '', 1, '2012-05-09 10:39:28', 1, 1),
(6746, 8, 70, 250, 193, '', 1, '2012-05-09 10:39:29', 1, 1),
(6747, 8, 70, 193, 251, '', 1, '2012-05-09 10:39:34', 1, 1),
(6748, 8, 70, 251, 193, '', 1, '2012-05-09 10:39:35', 1, 1),
(6749, 8, 70, 193, 252, '', 1, '2012-05-09 10:39:38', 1, 1),
(6750, 8, 70, 252, 193, '', 1, '2012-05-09 10:39:39', 1, 1),
(6751, 8, 70, 193, 253, '', 1, '2012-05-09 10:39:42', 1, 1),
(6752, 8, 70, 253, 193, 'there is no greater area where plausible deniability affects us more', 1, '2012-05-09 10:39:43', 1, 1),
(6753, 8, 70, 193, 254, '', 1, '2012-05-09 10:40:14', 1, 1),
(6754, 8, 70, 254, 193, 'we are seperated from ourselves by ourselves', 1, '2012-05-09 10:40:16', 1, 1),
(6758, 8, 78, 111, 96, '', 1, '2012-05-09 11:45:47', 1, 1),
(6759, 8, 78, 111, 85, '', 1, '2012-05-09 11:44:53', 1, 1),
(6760, 8, 78, 111, 81, '', 1, '2012-05-09 11:45:17', 1, 1),
(6761, 8, 78, 86, 111, '', 1, '2012-05-09 11:45:31', 1, 1),
(6764, 8, 78, 111, 99, '', 1, '2012-05-09 11:46:20', 1, 1),
(6765, 8, 78, 99, 111, '', 1, '2012-05-09 11:46:23', 1, 1),
(6766, 8, 78, 111, 102, '', 1, '2012-05-09 11:46:42', 1, 1),
(6767, 8, 78, 111, 107, '', 1, '2012-05-09 11:47:28', 1, 1),
(6768, 8, 78, 107, 111, '', 1, '2012-05-09 11:47:30', 1, 1),
(6769, 8, 78, 111, 108, '', 1, '2012-05-09 11:47:54', 1, 1),
(6770, 8, 78, 108, 111, '', 1, '2012-05-09 11:47:57', 1, 1),
(6771, 8, 78, 111, 122, '', 1, '2012-05-09 11:48:29', 1, 1),
(6772, 8, 78, 122, 111, '', 1, '2012-05-09 11:48:31', 1, 1),
(6773, 8, 78, 111, 134, '', 1, '2012-05-09 11:49:30', 1, 1),
(6774, 8, 78, 111, 138, '', 1, '2012-05-09 11:49:50', 1, 1),
(6775, 8, 78, 139, 111, '', 1, '2012-05-09 11:50:04', 1, 1),
(6776, 8, 78, 111, 146, '', 1, '2012-05-09 11:50:47', 1, 1),
(6777, 8, 78, 111, 162, '', 1, '2012-05-09 11:51:18', 1, 1),
(6778, 8, 78, 111, 169, '', 1, '2012-05-09 11:51:43', 1, 1),
(6779, 8, 78, 169, 111, '', 1, '2012-05-09 11:51:45', 1, 1),
(6780, 8, 78, 111, 184, '', 1, '2012-05-09 11:53:20', 1, 1),
(6781, 8, 78, 111, 188, '', 1, '2012-05-09 11:53:39', 1, 1),
(6782, 8, 78, 189, 111, '', 1, '2012-05-09 11:53:47', 1, 1),
(6783, 8, 78, 197, 111, '', 1, '2012-05-09 11:54:30', 1, 1),
(6784, 8, 78, 202, 111, '', 1, '2012-05-09 11:54:53', 1, 1),
(6785, 8, 78, 209, 111, '', 1, '2012-05-09 11:55:22', 1, 1),
(6786, 8, 78, 239, 111, '', 1, '2012-05-09 11:56:49', 1, 1),
(6787, 8, 78, 111, 243, '', 1, '2012-05-09 11:57:07', 1, 1),
(6788, 8, 78, 243, 111, '', 1, '2012-05-09 11:57:09', 1, 1),
(6789, 8, 78, 111, 245, '', 1, '2012-05-09 11:57:28', 1, 1),
(6790, 8, 78, 111, 247, '', 1, '2012-05-09 11:57:38', 1, 1),
(6792, 8, 78, 111, 251, '', 1, '2012-05-09 11:58:08', 1, 1),
(6793, 8, 78, 251, 111, '', 1, '2012-05-09 11:58:10', 1, 1),
(6794, 8, 70, 200, 81, '', 1, '2012-05-09 17:08:21', 1, 1),
(6795, 8, 70, 81, 200, '', 1, '2012-05-09 17:08:24', 1, 1),
(6796, 8, 70, 200, 85, '', 1, '2012-05-09 17:08:32', 1, 1),
(6797, 8, 70, 85, 200, '', 1, '2012-05-09 17:08:35', 1, 1),
(6798, 8, 70, 200, 86, '', 1, '2012-05-09 17:08:40', 1, 1),
(6799, 8, 70, 86, 200, '', 1, '2012-05-09 17:08:41', 1, 1),
(6800, 8, 70, 90, 200, '', 1, '2012-05-09 17:08:55', 1, 1),
(6801, 8, 70, 200, 96, '', 1, '2012-05-09 17:09:05', 1, 1),
(6802, 8, 70, 200, 99, '', 1, '2012-05-09 17:09:12', 1, 1),
(6803, 8, 70, 99, 200, '', 1, '2012-05-09 17:09:13', 1, 1),
(6804, 8, 70, 200, 101, '', 1, '2012-05-09 17:09:20', 1, 1),
(6805, 8, 70, 101, 200, '', 1, '2012-05-09 17:09:21', 1, 1),
(6806, 8, 70, 200, 102, '', 1, '2012-05-09 17:09:24', 1, 1),
(6807, 8, 70, 102, 200, '', 1, '2012-05-09 17:09:25', 1, 1),
(6808, 8, 70, 200, 104, '', 1, '2012-05-09 17:09:30', 1, 1),
(6809, 8, 70, 104, 200, '', 1, '2012-05-09 17:09:32', 1, 1),
(6810, 8, 70, 200, 108, '', 1, '2012-05-09 17:09:49', 1, 1),
(6811, 8, 70, 108, 200, '', 1, '2012-05-09 17:09:50', 1, 1),
(6812, 8, 70, 111, 200, '', 1, '2012-05-09 17:10:01', 1, 1),
(6813, 8, 70, 200, 120, '', 1, '2012-05-09 17:10:06', 1, 1),
(6814, 8, 70, 120, 200, '', 1, '2012-05-09 17:10:08', 1, 1),
(6815, 8, 70, 200, 121, '', 1, '2012-05-09 17:10:12', 1, 1),
(6816, 8, 70, 121, 200, '', 1, '2012-05-09 17:10:14', 1, 1),
(6817, 8, 70, 200, 122, '', 1, '2012-05-09 17:10:19', 1, 1),
(6818, 8, 70, 122, 200, '', 1, '2012-05-09 17:10:21', 1, 1),
(6819, 8, 70, 200, 123, '', 1, '2012-05-09 17:10:30', 1, 1),
(6820, 8, 70, 123, 200, '', 1, '2012-05-09 17:10:31', 1, 1),
(6821, 8, 70, 200, 131, '', 1, '2012-05-09 17:10:48', 1, 1),
(6822, 8, 70, 131, 200, '', 1, '2012-05-09 17:10:49', 1, 1),
(6823, 8, 70, 200, 132, '', 1, '2012-05-09 17:10:52', 1, 1),
(6824, 8, 70, 132, 200, '', 1, '2012-05-09 17:10:53', 1, 1),
(6825, 8, 70, 200, 133, '', 1, '2012-05-09 17:10:57', 1, 1),
(6826, 8, 70, 133, 200, '', 1, '2012-05-09 17:10:59', 1, 1),
(6827, 8, 70, 200, 134, '', 1, '2012-05-09 17:11:09', 1, 1),
(6828, 8, 70, 134, 200, '', 1, '2012-05-09 17:11:10', 1, 1),
(6829, 8, 70, 200, 138, '', 1, '2012-05-09 17:11:20', 1, 1),
(6830, 8, 70, 200, 139, '', 1, '2012-05-09 17:11:25', 1, 1),
(6831, 8, 70, 139, 200, '', 1, '2012-05-09 17:11:26', 1, 1),
(6832, 8, 70, 200, 142, '', 1, '2012-05-09 17:11:30', 1, 1),
(6833, 8, 70, 142, 200, '', 1, '2012-05-09 17:11:31', 1, 1),
(6834, 8, 70, 200, 144, '', 1, '2012-05-09 17:11:46', 1, 1),
(6835, 8, 70, 200, 146, '', 1, '2012-05-09 17:12:01', 1, 1),
(6836, 8, 70, 146, 200, '', 1, '2012-05-09 17:12:02', 1, 1),
(6837, 8, 70, 148, 200, '', 1, '2012-05-09 17:12:07', 1, 1),
(6838, 8, 70, 149, 200, '', 1, '2012-05-09 17:12:15', 1, 1),
(6839, 8, 70, 156, 200, '', 1, '2012-05-09 17:12:20', 1, 1),
(6840, 8, 70, 200, 159, '', 1, '2012-05-09 17:12:28', 1, 1),
(6841, 8, 70, 159, 200, '', 1, '2012-05-09 17:12:29', 1, 1),
(6842, 8, 70, 200, 161, '', 1, '2012-05-09 17:12:39', 1, 1),
(6843, 8, 70, 200, 162, '', 1, '2012-05-09 17:12:52', 1, 1),
(6844, 8, 70, 162, 200, '', 1, '2012-05-09 17:12:54', 1, 1),
(6845, 8, 70, 200, 163, '', 1, '2012-05-09 17:12:58', 1, 1),
(6846, 8, 70, 163, 200, '', 1, '2012-05-09 17:12:59', 1, 1),
(6847, 8, 70, 169, 200, '', 1, '2012-05-09 17:13:28', 1, 1),
(6848, 8, 70, 200, 172, '', 1, '2012-05-09 17:13:33', 1, 1),
(6849, 8, 70, 172, 200, '', 1, '2012-05-09 17:13:34', 1, 1),
(6850, 8, 70, 200, 173, '', -1, '2012-05-09 17:13:48', 1, 1),
(6851, 8, 70, 173, 200, '', -1, '2012-05-09 17:13:47', 1, 1),
(6852, 8, 70, 200, 174, '', 1, '2012-05-09 17:13:59', 1, 1),
(6853, 8, 70, 174, 200, '', 1, '2012-05-09 17:14:00', 1, 1),
(6854, 8, 70, 200, 175, '', 1, '2012-05-09 17:14:11', 1, 1),
(6855, 8, 70, 175, 200, '', 1, '2012-05-09 17:14:12', 1, 1),
(6856, 8, 70, 200, 176, '', 1, '2012-05-09 17:14:16', 1, 1),
(6857, 8, 70, 176, 200, '', 1, '2012-05-09 17:14:17', 1, 1),
(6858, 8, 70, 200, 181, '', 1, '2012-05-09 17:14:29', 1, 1),
(6859, 8, 70, 181, 200, '', 1, '2012-05-09 17:14:30', 1, 1),
(6860, 8, 70, 200, 184, '', 1, '2012-05-09 17:14:34', 1, 1),
(6861, 8, 70, 184, 200, '', 1, '2012-05-09 17:14:35', 1, 1),
(6862, 8, 70, 200, 185, '', 1, '2012-05-09 17:14:44', 1, 1),
(6863, 8, 70, 200, 186, '', 1, '2012-05-09 17:14:54', 1, 1),
(6864, 8, 70, 200, 188, '', 1, '2012-05-09 17:15:00', 1, 1),
(6865, 8, 70, 188, 200, '', 1, '2012-05-09 17:15:01', 1, 1),
(6866, 8, 70, 200, 189, '', 1, '2012-05-09 17:15:04', 1, 1),
(6867, 8, 70, 189, 200, '', 1, '2012-05-09 17:15:05', 1, 1),
(6868, 8, 70, 200, 190, '', 1, '2012-05-09 17:15:11', 1, 1),
(6869, 8, 70, 190, 200, '', 1, '2012-05-09 17:15:12', 1, 1),
(6870, 8, 70, 200, 191, '', 1, '2012-05-09 17:15:16', 1, 1),
(6871, 8, 70, 191, 200, '', 1, '2012-05-09 17:15:17', 1, 1),
(6872, 8, 70, 200, 192, '', 1, '2012-05-09 17:15:28', 1, 1),
(6873, 8, 70, 192, 200, '', 1, '2012-05-09 17:15:29', 1, 1),
(6874, 8, 70, 200, 195, '', 1, '2012-05-09 17:15:37', 1, 1),
(6875, 8, 70, 195, 200, '', 1, '2012-05-09 17:15:38', 1, 1),
(6876, 8, 70, 200, 197, '', 1, '2012-05-09 17:15:41', 1, 1),
(6877, 8, 70, 197, 200, '', 1, '2012-05-09 17:15:42', 1, 1),
(6878, 8, 70, 200, 202, '', 1, '2012-05-09 17:15:47', 1, 1),
(6879, 8, 70, 202, 200, '', 1, '2012-05-09 17:15:48', 1, 1),
(6880, 8, 70, 200, 203, '', 1, '2012-05-09 17:15:58', 1, 1),
(6881, 8, 70, 203, 200, '', 1, '2012-05-09 17:15:59', 1, 1),
(6882, 8, 70, 200, 205, '', 1, '2012-05-09 17:16:03', 1, 1),
(6883, 8, 70, 205, 200, '', 1, '2012-05-09 17:16:04', 1, 1),
(6884, 8, 70, 200, 208, '', 1, '2012-05-09 17:16:09', 1, 1),
(6885, 8, 70, 208, 200, '', 1, '2012-05-09 17:16:10', 1, 1),
(6886, 8, 70, 200, 209, '', 1, '2012-05-09 17:16:25', 1, 1),
(6887, 8, 70, 209, 200, '', 1, '2012-05-09 17:16:27', 1, 1),
(6888, 8, 70, 200, 210, '', -1, '2012-05-09 17:16:35', 1, 1),
(6889, 8, 70, 210, 200, '', -1, '2012-05-09 17:16:33', 1, 1),
(6890, 8, 70, 200, 211, '', 1, '2012-05-09 17:16:41', 1, 1),
(6891, 8, 70, 211, 200, '', 1, '2012-05-09 17:16:42', 1, 1),
(6892, 8, 70, 200, 213, '', 1, '2012-05-09 17:16:47', 1, 1),
(6893, 8, 70, 213, 200, '', 1, '2012-05-09 17:16:48', 1, 1),
(6894, 8, 70, 200, 214, '', 1, '2012-05-09 17:16:51', 1, 1),
(6895, 8, 70, 214, 200, '', 1, '2012-05-09 17:16:52', 1, 1),
(6896, 8, 70, 200, 218, '', 1, '2012-05-09 17:16:59', 1, 1),
(6897, 8, 70, 218, 200, '', 1, '2012-05-09 17:17:00', 1, 1),
(6898, 8, 70, 200, 219, '', 1, '2012-05-09 17:17:07', 1, 1),
(6899, 8, 70, 219, 200, '', 1, '2012-05-09 17:17:08', 1, 1),
(6900, 8, 70, 200, 221, '', 1, '2012-05-09 17:17:17', 1, 1),
(6901, 8, 70, 221, 200, '', 1, '2012-05-09 17:17:18', 1, 1),
(6902, 8, 70, 200, 223, '', 1, '2012-05-09 17:17:22', 1, 1),
(6903, 8, 70, 223, 200, '', 1, '2012-05-09 17:17:23', 1, 1),
(6904, 8, 70, 200, 229, '', 1, '2012-05-09 17:17:42', 1, 1),
(6905, 8, 70, 229, 200, '', 1, '2012-05-09 17:17:43', 1, 1),
(6906, 8, 70, 200, 230, '', 1, '2012-05-09 17:17:47', 1, 1),
(6907, 8, 70, 230, 200, '', 1, '2012-05-09 17:17:48', 1, 1),
(6908, 8, 70, 200, 232, '', 1, '2012-05-09 17:17:51', 1, 1),
(6909, 8, 70, 232, 200, '', 1, '2012-05-09 17:17:52', 1, 1),
(6910, 8, 70, 200, 233, '', 1, '2012-05-09 17:17:55', 1, 1),
(6911, 8, 70, 233, 200, '', 1, '2012-05-09 17:17:57', 1, 1),
(6912, 8, 70, 200, 236, '', 1, '2012-05-09 17:18:02', 1, 1),
(6913, 8, 70, 236, 200, '', 1, '2012-05-09 17:18:03', 1, 1),
(6914, 8, 70, 200, 239, '', 1, '2012-05-09 17:18:08', 1, 1),
(6915, 8, 70, 239, 200, '', 1, '2012-05-09 17:18:09', 1, 1),
(6916, 8, 70, 200, 241, '', 1, '2012-05-09 17:18:19', 1, 1),
(6917, 8, 70, 241, 200, '', 1, '2012-05-09 17:18:20', 1, 1),
(6918, 8, 70, 200, 242, '', 1, '2012-05-09 17:18:25', 1, 1),
(6919, 8, 70, 242, 200, '', 1, '2012-05-09 17:18:26', 1, 1),
(6920, 8, 70, 200, 243, '', 1, '2012-05-09 17:18:40', 1, 1),
(6921, 8, 70, 243, 200, '', 1, '2012-05-09 17:18:41', 1, 1),
(6922, 8, 70, 200, 244, '', 1, '2012-05-09 17:18:49', 1, 1),
(6923, 8, 70, 244, 200, '', 1, '2012-05-09 17:18:50', 1, 1),
(6924, 8, 70, 200, 245, '', 1, '2012-05-09 17:18:55', 1, 1),
(6925, 8, 70, 245, 200, '', 1, '2012-05-09 17:18:56', 1, 1),
(6926, 8, 70, 200, 248, '', 1, '2012-05-09 17:19:11', 1, 1),
(6927, 8, 70, 248, 200, '', 1, '2012-05-09 17:19:12', 1, 1),
(6928, 8, 70, 200, 249, '', 1, '2012-05-09 17:19:17', 1, 1),
(6929, 8, 70, 249, 200, '', 1, '2012-05-09 17:19:18', 1, 1),
(6930, 8, 70, 200, 250, '', 1, '2012-05-09 17:19:22', 1, 1),
(6931, 8, 70, 250, 200, '', 1, '2012-05-09 17:19:23', 1, 1),
(6932, 8, 70, 251, 200, '', 1, '2012-05-09 17:19:33', 1, 1),
(6933, 8, 70, 200, 252, '', 1, '2012-05-09 17:19:38', 1, 1),
(6934, 8, 70, 252, 200, '', 1, '2012-05-09 17:19:39', 1, 1),
(6935, 8, 70, 200, 253, '', 1, '2012-05-09 17:19:42', 1, 1),
(6936, 8, 70, 253, 200, '', 1, '2012-05-09 17:19:43', 1, 1),
(6937, 8, 70, 200, 254, '', 1, '2012-05-09 17:19:47', 1, 1),
(6938, 8, 70, 254, 200, '', 1, '2012-05-09 17:19:48', 1, 1),
(6939, 8, 70, 252, 81, '', 1, '2012-05-09 17:22:41', 1, 1),
(6940, 8, 70, 81, 252, 'mostly positive, with the caveat that openness in lieu of stakeholder definition risks empowering wrong people, which dilutes Rights of intended constituents', 1, '2012-05-09 17:22:59', 1, 1),
(6941, 8, 70, 252, 85, '', 1, '2012-05-09 17:24:28', 1, 1),
(6942, 8, 70, 86, 252, '', 1, '2012-05-09 17:24:47', 1, 1),
(6943, 8, 70, 99, 252, '', 1, '2012-05-09 17:25:26', 1, 1),
(6944, 8, 70, 102, 252, '', 1, '2012-05-09 17:25:44', 1, 1),
(6945, 8, 70, 252, 104, '', 1, '2012-05-09 17:25:54', 1, 1),
(6946, 8, 70, 252, 111, '', 1, '2012-05-09 17:26:08', 1, 1),
(6947, 8, 70, 252, 120, '', 1, '2012-05-09 17:26:23', 1, 1),
(6948, 8, 70, 120, 252, '', 1, '2012-05-09 17:26:24', 1, 1),
(6949, 8, 70, 252, 121, '', 1, '2012-05-09 17:26:32', 1, 1),
(6950, 8, 70, 252, 122, '', 1, '2012-05-09 17:26:41', 1, 1),
(6951, 8, 70, 122, 252, '', 1, '2012-05-09 17:26:42', 1, 1),
(6952, 8, 70, 252, 131, '', 1, '2012-05-09 17:26:52', 1, 1),
(6953, 8, 70, 131, 252, '', 1, '2012-05-09 17:26:53', 1, 1),
(6954, 8, 70, 252, 132, '', 1, '2012-05-09 17:26:58', 1, 1),
(6955, 8, 70, 132, 252, '', 1, '2012-05-09 17:27:00', 1, 1),
(6956, 8, 70, 252, 134, '', 1, '2012-05-09 17:27:09', 1, 1),
(6957, 8, 70, 134, 252, '', 1, '2012-05-09 17:27:11', 1, 1),
(6958, 8, 70, 252, 133, '', 1, '2012-05-09 17:27:16', 1, 1),
(6959, 8, 70, 133, 252, '', 1, '2012-05-09 17:27:17', 1, 1),
(6960, 8, 70, 252, 138, '', 1, '2012-05-09 17:27:24', 1, 1),
(6961, 8, 70, 138, 252, '', 1, '2012-05-09 17:27:26', 1, 1),
(6962, 8, 70, 252, 142, '', 1, '2012-05-09 17:27:32', 1, 1),
(6963, 8, 70, 142, 252, '', 1, '2012-05-09 17:27:33', 1, 1),
(6964, 8, 70, 144, 252, '', 1, '2012-05-09 17:27:43', 1, 1),
(6967, 8, 70, 252, 146, 'I''d like to think that value is accrued in both directions, but benefits have way of perverting progress, where negative stimulus produces positive gains', 1, '2012-05-09 17:28:06', 1, 1),
(6968, 8, 70, 148, 252, '', 1, '2012-05-09 17:29:20', 1, 1),
(6969, 8, 70, 252, 149, '', 1, '2012-05-09 17:29:26', 1, 1),
(6970, 8, 70, 149, 252, '', 1, '2012-05-09 17:29:27', 1, 1),
(6971, 8, 70, 252, 156, '', 1, '2012-05-09 17:29:36', 1, 1),
(6972, 8, 70, 156, 252, '', 1, '2012-05-09 17:29:37', 1, 1),
(6973, 8, 70, 252, 161, '', 1, '2012-05-09 17:30:11', 1, 1),
(6974, 8, 70, 161, 252, '', 1, '2012-05-09 17:30:12', 1, 1),
(6975, 8, 70, 252, 162, '', 1, '2012-05-09 17:30:21', 1, 1),
(6976, 8, 70, 162, 252, '', 1, '2012-05-09 17:30:22', 1, 1),
(6977, 8, 70, 252, 163, '', 1, '2012-05-09 17:30:32', 1, 1),
(6978, 8, 70, 167, 252, '', 1, '2012-05-09 17:32:57', 1, 1),
(6979, 8, 70, 169, 252, '', 1, '2012-05-09 17:33:03', 1, 1),
(6980, 8, 70, 252, 172, '', 1, '2012-05-09 17:33:10', 1, 1),
(6981, 8, 70, 172, 252, '', 1, '2012-05-09 17:33:11', 1, 1),
(6982, 8, 70, 173, 252, '', -1, '2012-05-09 17:33:23', 1, 1),
(6983, 8, 70, 252, 176, '', 1, '2012-05-09 17:33:37', 1, 1),
(6984, 8, 70, 176, 252, '', 1, '2012-05-09 17:33:38', 1, 1),
(6985, 8, 70, 252, 181, '', 1, '2012-05-09 17:33:47', 1, 1),
(6986, 8, 70, 252, 184, '', 1, '2012-05-09 17:33:54', 1, 1),
(6987, 8, 70, 184, 252, '', 1, '2012-05-09 17:33:55', 1, 1),
(6988, 8, 70, 252, 188, '', 1, '2012-05-09 17:34:06', 1, 1),
(6989, 8, 70, 188, 252, '', 1, '2012-05-09 17:34:07', 1, 1),
(6990, 8, 70, 252, 190, '', 1, '2012-05-09 17:34:19', 1, 1),
(6991, 8, 70, 190, 252, '', 1, '2012-05-09 17:34:20', 1, 1),
(6992, 8, 70, 252, 191, '', 1, '2012-05-09 17:34:24', 1, 1),
(6993, 8, 70, 191, 252, '', 1, '2012-05-09 17:34:25', 1, 1),
(6996, 8, 70, 252, 192, '', 1, '2012-05-09 17:34:43', 1, 1),
(6997, 8, 70, 195, 252, '', 1, '2012-05-09 17:34:57', 1, 1),
(6998, 8, 70, 197, 252, '', 1, '2012-05-09 17:35:02', 1, 1),
(7000, 8, 70, 252, 202, '', 1, '2012-05-09 17:35:13', 1, 1),
(7001, 8, 70, 202, 252, '', 1, '2012-05-09 17:35:14', 1, 1),
(7002, 8, 70, 252, 203, '', 1, '2012-05-09 17:35:20', 1, 1),
(7003, 8, 70, 203, 252, '', 1, '2012-05-09 17:35:21', 1, 1),
(7004, 8, 70, 205, 252, '', 1, '2012-05-09 17:35:31', 1, 1),
(7005, 8, 70, 208, 252, '', 1, '2012-05-09 17:35:38', 1, 1),
(7007, 8, 70, 252, 210, '', -1, '2012-05-09 17:36:05', 1, 1),
(7008, 8, 70, 210, 252, '', -1, '2012-05-09 17:36:02', 1, 1),
(7009, 8, 70, 211, 252, '', 1, '2012-05-09 17:36:15', 1, 1),
(7010, 8, 70, 252, 213, '', 1, '2012-05-09 17:36:21', 1, 1),
(7011, 8, 70, 213, 252, '', 1, '2012-05-09 17:36:23', 1, 1),
(7012, 8, 70, 252, 218, '', 1, '2012-05-09 17:36:32', 1, 1),
(7013, 8, 70, 218, 252, '', 1, '2012-05-09 17:36:33', 1, 1),
(7014, 8, 70, 252, 219, '', 1, '2012-05-09 17:36:41', 1, 1),
(7015, 8, 70, 219, 252, '', 1, '2012-05-09 17:36:42', 1, 1),
(7016, 8, 70, 252, 221, '', 1, '2012-05-09 17:36:47', 1, 1),
(7017, 8, 70, 221, 252, '', 1, '2012-05-09 17:36:48', 1, 1),
(7018, 8, 70, 223, 252, '', 1, '2012-05-09 17:36:55', 1, 1),
(7019, 8, 70, 252, 227, '', 1, '2012-05-09 17:37:04', 1, 1),
(7020, 8, 70, 227, 252, '', 1, '2012-05-09 17:37:05', 1, 1),
(7021, 8, 70, 252, 230, '', 1, '2012-05-09 17:37:16', 1, 1),
(7022, 8, 70, 230, 252, '', 1, '2012-05-09 17:37:17', 1, 1),
(7023, 8, 70, 252, 233, '', 1, '2012-05-09 17:37:23', 1, 1),
(7024, 8, 70, 233, 252, '', 1, '2012-05-09 17:37:24', 1, 1),
(7025, 8, 70, 252, 239, '', 1, '2012-05-09 17:37:32', 1, 1),
(7026, 8, 70, 239, 252, '', 1, '2012-05-09 17:37:33', 1, 1),
(7027, 8, 70, 252, 241, '', 1, '2012-05-09 17:37:39', 1, 1),
(7028, 8, 70, 241, 252, '', 1, '2012-05-09 17:37:40', 1, 1),
(7029, 8, 70, 252, 242, '', 1, '2012-05-09 17:37:43', 1, 1),
(7030, 8, 70, 242, 252, '', 1, '2012-05-09 17:37:45', 1, 1),
(7031, 8, 70, 252, 243, '', 1, '2012-05-09 17:37:49', 1, 1),
(7032, 8, 70, 243, 252, '', 1, '2012-05-09 17:37:50', 1, 1),
(7033, 8, 70, 252, 245, '', 1, '2012-05-09 17:37:59', 1, 1),
(7034, 8, 70, 245, 252, '', 1, '2012-05-09 17:38:00', 1, 1),
(7035, 8, 70, 252, 248, '', 1, '2012-05-09 17:38:05', 1, 1),
(7036, 8, 70, 248, 252, '', 1, '2012-05-09 17:38:06', 1, 1),
(7037, 8, 70, 252, 249, '', 1, '2012-05-09 17:38:10', 1, 1),
(7038, 8, 70, 249, 252, '', 1, '2012-05-09 17:38:11', 1, 1),
(7039, 8, 70, 252, 250, '', 1, '2012-05-09 17:38:14', 1, 1),
(7040, 8, 70, 250, 252, '', 1, '2012-05-09 17:38:15', 1, 1),
(7041, 8, 70, 252, 251, '', 1, '2012-05-09 17:38:19', 1, 1),
(7042, 8, 70, 251, 252, '', 1, '2012-05-09 17:38:20', 1, 1),
(7043, 8, 70, 252, 253, '', 1, '2012-05-09 17:38:23', 1, 1),
(7044, 8, 70, 253, 252, '', 1, '2012-05-09 17:38:24', 1, 1),
(7045, 8, 70, 252, 254, '', 1, '2012-05-09 17:38:27', 1, 1),
(7046, 8, 70, 254, 252, '', 1, '2012-05-09 17:38:28', 1, 1),
(7047, 8, 55, 197, 99, '', 1, '2012-05-09 19:43:25', 1, 1),
(7048, 8, 55, 197, 108, '', 1, '2012-05-09 19:45:13', 1, 1),
(7049, 8, 55, 197, 131, '', 1, '2012-05-09 19:45:30', 1, 1),
(7050, 8, 55, 197, 132, '', 1, '2012-05-09 20:06:13', 1, 1),
(7051, 8, 55, 197, 134, '', 1, '2012-05-09 20:06:25', 1, 1),
(7054, 8, 55, 139, 197, '', -1, '2012-05-09 20:26:53', 1, 1),
(7055, 8, 55, 197, 166, '', 1, '2012-05-09 20:27:45', 1, 1),
(7056, 8, 55, 197, 242, '', 1, '2012-05-09 20:29:18', 1, 1),
(7057, 8, 55, 197, 247, '', 1, '2012-05-09 20:29:32', 1, 1),
(7058, 8, 55, 197, 248, '', 1, '2012-05-09 20:29:35', 1, 1),
(7059, 8, 55, 96, 107, '', 1, '2012-05-09 20:30:40', 1, 1),
(7060, 8, 55, 99, 107, '', 1, '2012-05-09 20:30:46', 1, 1),
(7061, 8, 55, 101, 107, '', 1, '2012-05-09 20:31:09', 1, 1),
(7062, 8, 55, 108, 107, '', 1, '2012-05-09 20:31:32', 1, 1),
(7063, 8, 55, 122, 107, '', 1, '2012-05-09 20:32:02', 1, 1),
(7064, 8, 55, 107, 142, '', 1, '2012-05-09 20:33:41', 1, 1),
(7065, 8, 55, 107, 146, '', 1, '2012-05-09 20:34:52', 1, 1),
(7067, 8, 55, 163, 107, '', 1, '2012-05-09 20:36:46', 1, 1),
(7068, 8, 55, 107, 161, '', 1, '2012-05-09 20:37:00', 1, 1),
(7069, 8, 55, 107, 166, '', 1, '2012-05-09 20:37:42', 1, 1),
(7070, 8, 55, 166, 107, '', 1, '2012-05-09 20:37:44', 1, 1),
(7071, 8, 55, 186, 107, '', 1, '2012-05-09 20:39:18', 1, 1),
(7072, 8, 55, 210, 107, '', -1, '2012-05-09 20:40:29', 1, 1),
(7073, 8, 55, 213, 107, '', 1, '2012-05-09 20:40:44', 1, 1),
(7074, 8, 55, 242, 107, '', 1, '2012-05-09 20:41:32', 1, 1),
(7075, 8, 55, 243, 107, '', 1, '2012-05-09 20:41:38', 1, 1),
(7076, 8, 55, 107, 249, '', 1, '2012-05-09 20:42:40', 1, 1),
(7077, 8, 55, 173, 81, '', -1, '2012-05-09 20:43:14', 1, 1),
(7078, 8, 55, 173, 99, '', -1, '2012-05-09 20:45:13', 1, 1),
(7079, 8, 55, 173, 104, '', -1, '2012-05-09 20:45:26', 1, 1),
(7080, 8, 55, 173, 107, '', -1, '2012-05-09 20:45:36', 1, 1),
(7081, 8, 55, 173, 108, '', -1, '2012-05-09 20:45:47', 1, 1),
(7082, 8, 55, 173, 131, '', -1, '2012-05-09 20:46:12', 1, 1),
(7083, 8, 55, 173, 132, '', -1, '2012-05-09 20:46:18', 1, 1),
(7084, 8, 55, 173, 133, '', -1, '2012-05-09 20:46:22', 1, 1),
(7085, 8, 55, 173, 134, '', -1, '2012-05-09 20:46:29', 1, 1),
(7086, 8, 55, 173, 149, '', -1, '2012-05-09 20:47:13', 1, 1),
(7087, 8, 55, 173, 163, '', -1, '2012-05-09 20:47:55', 1, 1),
(7088, 8, 55, 173, 166, '', -1, '2012-05-09 20:47:59', 1, 1),
(7089, 8, 55, 173, 167, '', 1, '2012-05-09 20:48:08', 1, 1),
(7090, 8, 55, 173, 169, '', -1, '2012-05-09 20:48:19', 1, 1),
(7091, 8, 55, 172, 173, '', -1, '2012-05-09 20:48:35', 1, 1),
(7092, 8, 55, 173, 175, '', -1, '2012-05-09 20:48:54', 1, 1),
(7093, 8, 55, 173, 176, '', -1, '2012-05-09 20:49:26', 1, 1),
(7094, 8, 55, 173, 189, '', -1, '2012-05-09 20:49:52', 1, 1),
(7095, 8, 55, 173, 184, '', -1, '2012-05-09 20:50:02', 1, 1),
(7096, 8, 55, 173, 195, '', -1, '2012-05-09 20:50:49', 1, 1),
(7097, 8, 55, 173, 200, '', -1, '2012-05-09 20:51:20', 1, 1),
(7099, 8, 55, 173, 209, '', -1, '2012-05-09 20:51:46', 1, 1),
(7100, 8, 55, 173, 210, '', 1, '2012-05-09 20:51:56', 1, 1),
(7101, 8, 55, 211, 173, '', -1, '2012-05-09 20:52:10', 1, 1),
(7102, 8, 55, 173, 213, '', -1, '2012-05-09 20:52:17', 1, 1),
(7103, 8, 55, 173, 219, '', -1, '2012-05-09 20:52:28', 1, 1),
(7104, 8, 55, 221, 173, '', -1, '2012-05-09 20:52:41', 1, 1),
(7105, 8, 55, 227, 173, '', -1, '2012-05-09 20:52:57', 1, 1),
(7106, 8, 55, 230, 173, '', -1, '2012-05-09 20:53:08', 1, 1),
(7107, 8, 55, 173, 232, '', -1, '2012-05-09 20:53:14', 1, 1),
(7108, 8, 55, 173, 243, '', -1, '2012-05-09 20:53:43', 1, 1),
(7109, 8, 55, 173, 245, '', -1, '2012-05-09 20:53:53', 1, 1),
(7110, 8, 55, 173, 246, '', -1, '2012-05-09 20:54:00', 1, 1),
(7111, 8, 55, 173, 247, '', -1, '2012-05-09 20:54:24', 1, 1),
(7112, 8, 55, 173, 248, '', -1, '2012-05-09 20:54:28', 1, 1),
(7113, 8, 55, 173, 249, '', -1, '2012-05-09 20:54:35', 1, 1),
(7114, 8, 55, 250, 173, '', -1, '2012-05-09 20:54:50', 1, 1),
(7115, 8, 55, 205, 96, '', 1, '2012-05-09 20:55:50', 1, 1),
(7116, 8, 55, 205, 99, '', 1, '2012-05-09 20:55:59', 1, 1),
(7117, 8, 55, 205, 104, '', 1, '2012-05-09 20:56:26', 1, 1),
(7118, 8, 55, 205, 107, '', 1, '2012-05-09 20:56:37', 1, 1),
(7119, 8, 55, 122, 205, '', 1, '2012-05-09 20:57:21', 1, 1),
(7121, 8, 55, 205, 142, '', 1, '2012-05-09 20:58:52', 1, 1),
(7122, 8, 55, 205, 146, '', 1, '2012-05-09 20:58:58', 1, 1),
(7123, 8, 55, 159, 205, '', 1, '2012-05-09 20:59:22', 1, 1),
(7124, 8, 55, 205, 161, '', 1, '2012-05-09 20:59:36', 1, 1),
(7125, 8, 55, 205, 166, '', 1, '2012-05-09 21:00:10', 1, 1),
(7126, 8, 55, 205, 167, '', -1, '2012-05-09 21:00:24', 1, 1),
(7127, 8, 55, 205, 169, '', 1, '2012-05-09 21:00:30', 1, 1),
(7128, 8, 55, 174, 205, '', 1, '2012-05-09 21:00:53', 1, 1),
(7129, 8, 55, 205, 189, '', 1, '2012-05-09 21:01:28', 1, 1),
(7130, 8, 55, 205, 190, '', 1, '2012-05-09 21:01:37', 1, 1),
(7131, 8, 55, 205, 218, '', 1, '2012-05-09 21:02:21', 1, 1),
(7132, 8, 55, 205, 219, '', 1, '2012-05-09 21:02:26', 1, 1),
(7133, 8, 55, 223, 205, '', 1, '2012-05-09 21:02:40', 1, 1),
(7134, 8, 55, 205, 241, '', 1, '2012-05-09 21:03:09', 1, 1),
(7136, 8, 55, 242, 205, '', 1, '2012-05-09 21:03:24', 1, 1),
(7137, 8, 55, 205, 252, '', 1, '2012-05-09 21:03:59', 1, 1),
(7138, 8, 55, 205, 254, '', 1, '2012-05-09 21:04:08', 1, 1),
(7139, 8, 55, 102, 133, '', 1, '2012-05-09 21:07:19', 1, 1),
(7140, 8, 55, 133, 104, '', 1, '2012-05-09 21:07:31', 1, 1),
(7141, 8, 55, 133, 123, '', 1, '2012-05-09 21:08:06', 1, 1),
(7142, 8, 55, 133, 189, '', 1, '2012-05-09 21:10:00', 1, 1),
(7143, 8, 55, 133, 213, '', 1, '2012-05-09 21:10:26', 1, 1),
(7144, 8, 55, 133, 245, '', 1, '2012-05-09 21:10:57', 1, 1),
(7146, 8, 55, 181, 96, '', 1, '2012-05-09 21:14:33', 1, 1),
(7147, 8, 55, 181, 221, '', 1, '2012-05-09 21:17:56', 1, 1),
(7148, 8, 55, 181, 252, '', 1, '2012-05-09 21:18:51', 1, 1),
(7149, 8, 55, 181, 253, '', 1, '2012-05-09 21:18:56', 1, 1),
(7150, 8, 55, 181, 254, '', 1, '2012-05-09 21:19:02', 1, 1),
(7151, 8, 55, 185, 96, '', 1, '2012-05-09 21:19:46', 1, 1),
(7152, 8, 55, 131, 185, '', 1, '2012-05-09 21:20:27', 1, 1),
(7153, 8, 55, 132, 185, '', 1, '2012-05-09 21:20:34', 1, 1),
(7154, 8, 55, 138, 185, '', 1, '2012-05-09 21:20:43', 1, 1),
(7155, 8, 55, 185, 142, '', 1, '2012-05-09 21:20:59', 1, 1),
(7156, 8, 55, 185, 167, '', 1, '2012-05-09 21:22:01', 1, 1),
(7157, 8, 55, 185, 169, '', 1, '2012-05-09 21:22:58', 1, 1),
(7158, 8, 55, 241, 185, '', 1, '2012-05-09 21:24:45', 1, 1),
(7159, 8, 55, 185, 244, '', 1, '2012-05-09 21:25:13', 1, 1),
(7160, 8, 55, 244, 185, '', 1, '2012-05-09 21:25:14', 1, 1),
(7161, 8, 55, 185, 245, '', 1, '2012-05-09 21:25:31', 1, 1),
(7162, 8, 55, 247, 185, '', 1, '2012-05-09 21:26:04', 1, 1),
(7163, 8, 55, 248, 185, '', 1, '2012-05-09 21:26:08', 1, 1),
(7164, 8, 55, 185, 249, '', 1, '2012-05-09 21:26:19', 1, 1),
(7165, 8, 55, 121, 193, '', 1, '2012-05-09 21:28:11', 1, 1),
(7166, 8, 55, 193, 146, '', 1, '2012-05-09 21:28:34', 1, 1),
(7167, 8, 55, 193, 253, '', 1, '2012-05-09 21:44:35', 1, 1),
(7168, 8, 55, 148, 214, '', 1, '2012-05-09 21:48:04', 1, 1),
(7169, 8, 55, 214, 131, '', 1, '2012-05-09 21:49:02', 1, 1),
(7170, 8, 55, 214, 195, '', 1, '2012-05-09 21:50:03', 1, 1),
(7171, 8, 55, 214, 200, '', 1, '2012-05-09 21:50:21', 1, 1),
(7172, 8, 55, 214, 213, '', 1, '2012-05-09 21:51:57', 1, 1),
(7174, 8, 55, 239, 214, '', 1, '2012-05-09 21:52:48', 1, 1),
(7175, 8, 55, 214, 243, '', 1, '2012-05-09 21:53:28', 1, 1),
(7176, 8, 55, 214, 248, '', 1, '2012-05-09 21:53:50', 1, 1),
(7177, 8, 55, 214, 249, '', 1, '2012-05-09 21:53:56', 1, 1),
(7178, 8, 55, 81, 245, '', 1, '2012-05-09 21:54:34', 1, 1),
(7179, 8, 55, 86, 245, '', 1, '2012-05-09 21:54:49', 1, 1),
(7180, 8, 55, 96, 245, '', 1, '2012-05-09 21:55:01', 1, 1),
(7181, 8, 55, 99, 245, '', 1, '2012-05-09 21:55:10', 1, 1),
(7182, 8, 55, 102, 245, '', 1, '2012-05-09 21:55:28', 1, 1),
(7184, 8, 55, 245, 104, '', 1, '2012-05-09 21:55:44', 1, 1),
(7185, 8, 55, 245, 107, '', 1, '2012-05-09 21:55:56', 1, 1),
(7186, 8, 55, 107, 245, '', 1, '2012-05-09 21:55:57', 1, 1),
(7187, 8, 55, 132, 245, '', 1, '2012-05-09 21:56:37', 1, 1),
(7188, 8, 55, 245, 142, '', 1, '2012-05-09 21:56:59', 1, 1),
(7189, 8, 55, 245, 146, '', 1, '2012-05-09 21:57:12', 1, 1),
(7190, 8, 55, 245, 156, '', 1, '2012-05-09 21:57:56', 1, 1),
(7191, 8, 55, 159, 245, '', 1, '2012-05-09 21:58:03', 1, 1),
(7192, 8, 55, 167, 245, '', -1, '2012-05-09 22:02:46', 1, 1),
(7193, 8, 55, 169, 245, '', 1, '2012-05-09 22:02:56', 1, 1),
(7194, 8, 55, 186, 245, '', 1, '2012-05-09 22:33:53', 1, 1),
(7196, 8, 55, 189, 245, '', 1, '2012-05-09 22:34:08', 1, 1),
(7197, 8, 55, 190, 245, '', 1, '2012-05-09 22:34:18', 1, 1),
(7198, 8, 55, 192, 245, '', 1, '2012-05-09 22:34:26', 1, 1),
(7200, 8, 55, 200, 245, '', 1, '2012-05-09 22:36:02', 1, 1),
(7201, 8, 55, 205, 245, '', 1, '2012-05-09 22:37:36', 1, 1),
(7202, 8, 55, 202, 245, '', 1, '2012-05-09 22:41:07', 1, 1),
(7203, 8, 55, 213, 245, '', 1, '2012-05-09 22:42:07', 1, 1),
(7205, 8, 55, 245, 218, '', 1, '2012-05-09 22:42:29', 1, 1),
(7206, 8, 55, 218, 245, '', 1, '2012-05-09 22:42:31', 1, 1),
(7207, 8, 55, 223, 245, '', 1, '2012-05-09 22:43:22', 1, 1),
(7209, 8, 55, 245, 229, '', 1, '2012-05-09 22:44:14', 1, 1),
(7210, 8, 55, 229, 245, '', 1, '2012-05-09 22:44:16', 1, 1),
(7211, 8, 55, 233, 245, '', 1, '2012-05-09 22:44:26', 1, 1),
(7212, 8, 55, 236, 245, '', 1, '2012-05-09 22:44:31', 1, 1),
(7213, 8, 55, 241, 245, '', 1, '2012-05-09 22:44:43', 1, 1),
(7214, 8, 55, 245, 243, '', 1, '2012-05-09 22:45:02', 1, 1),
(7215, 8, 55, 243, 245, '', 1, '2012-05-09 22:45:03', 1, 1),
(7216, 8, 55, 245, 246, '', 1, '2012-05-09 22:45:19', 1, 1),
(7217, 8, 55, 247, 245, '', 1, '2012-05-09 22:45:26', 1, 1),
(7218, 8, 55, 248, 245, '', 1, '2012-05-09 22:45:34', 1, 1),
(7219, 8, 55, 245, 249, '', 1, '2012-05-09 22:45:41', 1, 1),
(7220, 8, 55, 249, 245, '', 1, '2012-05-09 22:45:42', 1, 1),
(7221, 8, 55, 250, 245, '', 1, '2012-05-09 22:45:48', 1, 1),
(7222, 8, 55, 245, 252, '', 1, '2012-05-09 22:45:55', 1, 1),
(7223, 8, 55, 245, 253, '', 1, '2012-05-09 22:45:59', 1, 1),
(7224, 8, 55, 245, 254, '', 1, '2012-05-09 22:46:03', 1, 1),
(7225, 8, 55, 81, 248, '', 1, '2012-05-09 22:52:15', 1, 1),
(7226, 8, 55, 248, 96, '', 1, '2012-05-09 22:53:47', 1, 1),
(7227, 8, 55, 99, 248, '', 1, '2012-05-09 22:54:35', 1, 1),
(7228, 8, 55, 101, 248, '', 1, '2012-05-09 22:54:43', 1, 1),
(7229, 8, 55, 102, 248, '', 1, '2012-05-09 22:55:33', 1, 1),
(7230, 8, 55, 121, 248, '', 1, '2012-05-09 22:56:57', 1, 1),
(7231, 8, 55, 132, 248, '', 1, '2012-05-09 22:59:10', 1, 1),
(7232, 8, 55, 133, 248, '', 1, '2012-05-09 22:59:15', 1, 1),
(7233, 8, 55, 134, 248, '', 1, '2012-05-09 22:59:25', 1, 1),
(7234, 8, 55, 248, 149, '', 1, '2012-05-09 23:00:48', 1, 1),
(7235, 8, 55, 159, 248, '', 1, '2012-05-09 23:06:28', 1, 1),
(7236, 8, 55, 172, 248, '', 1, '2012-05-09 23:06:44', 1, 1),
(7237, 8, 55, 248, 175, '', 1, '2012-05-09 23:06:59', 1, 1),
(7238, 8, 55, 248, 184, '', 1, '2012-05-09 23:07:13', 1, 1),
(7239, 8, 55, 186, 248, '', 1, '2012-05-09 23:07:20', 1, 1),
(7240, 8, 55, 248, 189, '', 1, '2012-05-09 23:07:27', 1, 1),
(7241, 8, 55, 192, 248, '', 1, '2012-05-09 23:09:02', 1, 1),
(7242, 8, 55, 248, 200, '', 1, '2012-05-09 23:09:13', 1, 1),
(7243, 8, 55, 202, 248, '', 1, '2012-05-09 23:09:19', 1, 1),
(7244, 8, 55, 248, 213, '', 1, '2012-05-09 23:09:55', 1, 1),
(7245, 8, 55, 223, 248, '', 1, '2012-05-09 23:10:13', 1, 1),
(7246, 8, 55, 248, 229, '', 1, '2012-05-09 23:10:39', 1, 1),
(7247, 8, 55, 230, 248, '', 1, '2012-05-09 23:10:48', 1, 1),
(7248, 8, 55, 232, 248, '', 1, '2012-05-09 23:10:54', 1, 1),
(7249, 8, 55, 233, 248, '', 1, '2012-05-09 23:11:00', 1, 1),
(7250, 8, 55, 236, 248, '', 1, '2012-05-09 23:11:08', 1, 1),
(7251, 8, 55, 239, 248, '', 1, '2012-05-09 23:11:21', 1, 1),
(7252, 8, 55, 248, 241, '', 1, '2012-05-09 23:11:28', 1, 1),
(7253, 8, 55, 248, 243, '', 1, '2012-05-09 23:11:40', 1, 1),
(7254, 8, 55, 244, 248, '', 1, '2012-05-09 23:11:54', 1, 1),
(7255, 8, 55, 248, 246, '', 1, '2012-05-09 23:12:00', 1, 1),
(7256, 8, 55, 247, 248, '', 1, '2012-05-09 23:12:09', 1, 1),
(7257, 8, 55, 248, 249, '', 1, '2012-05-09 23:12:15', 1, 1),
(7258, 8, 55, 250, 248, '', 1, '2012-05-09 23:12:21', 1, 1),
(7259, 8, 55, 248, 253, '', 1, '2012-05-09 23:12:38', 1, 1),
(7260, 8, 55, 248, 252, '', 1, '2012-05-09 23:12:40', 1, 1),
(7261, 8, 55, 248, 254, '', 1, '2012-05-09 23:12:49', 1, 1),
(7262, 8, 55, 254, 248, '', 1, '2012-05-09 23:12:50', 1, 1),
(7279, 8, 79, 81, 230, '', 1, '2012-05-17 16:51:25', 1, 1),
(7280, 8, 79, 99, 230, '', 1, '2012-05-17 16:51:57', 1, 1),
(7281, 8, 79, 101, 230, '', 1, '2012-05-17 16:52:03', 1, 1),
(7282, 8, 79, 230, 107, '', 1, '2012-05-17 16:52:17', 1, 1),
(7283, 8, 79, 121, 230, '', 1, '2012-05-17 16:52:46', 1, 1),
(7284, 8, 79, 230, 122, '', 1, '2012-05-17 16:53:02', 1, 1),
(7285, 8, 79, 230, 132, '', 1, '2012-05-17 16:53:18', 1, 1),
(7286, 8, 21, 90, 99, '', -1, '2012-05-22 10:29:52', 1, 1),
(7287, 8, 21, 90, 81, '', -1, '2012-05-22 10:30:05', 1, 1),
(7288, 8, 21, 90, 86, '', -1, '2012-05-22 10:30:21', 1, 1),
(7289, 8, 21, 90, 85, '', -9, '0000-00-00 00:00:00', 1, 1),
(7299, 8, 39, 99, 81, '', -1, '2012-05-28 20:12:43', 1, 1),
(7300, 8, 39, 132, 81, '', -1, '2012-05-28 20:13:24', 1, 1),
(7301, 8, 39, 195, 81, '', -1, '2012-05-28 20:14:21', 1, 1),
(7311, 9, 1, 263, 256, '', 1, '2012-06-04 01:12:15', 1, 1),
(7313, 9, 1, 263, 273, '', 1, '2012-06-04 01:12:32', 1, 1),
(7314, 9, 1, 263, 274, '', 1, '2012-06-04 01:12:33', 1, 1),
(7318, 9, 1, 259, 262, '', -1, '2012-06-04 16:10:09', 1, 1),
(7325, 9, 1, 285, 257, '', -1, '2012-06-07 12:06:29', 1, 1),
(7326, 9, 1, 285, 259, '', -1, '2012-06-07 12:06:31', 1, 1),
(7327, 9, 1, 285, 273, '', 1, '2012-06-07 12:05:48', 1, 1),
(7328, 9, 1, 285, 256, '', -1, '2012-06-07 12:06:28', 1, 1),
(7329, 9, 1, 287, 285, '', -1, '2012-06-07 12:07:21', 1, 1),
(7341, 8, 93, 186, 81, '', 1, '2012-07-01 08:01:21', 1, 1),
(7342, 8, 93, 81, 186, '', 1, '2012-07-01 08:01:27', 1, 1),
(7343, 8, 94, 101, 81, '', -9, '0000-00-00 00:00:00', 1, 1),
(7344, 8, 95, 167, 96, '', 1, '2012-07-03 20:19:06', 1, 1),
(7345, 8, 95, 167, 99, '', 1, '2012-07-03 20:19:17', 1, 1),
(7346, 8, 95, 167, 104, '', 1, '2012-07-03 20:19:43', 1, 1),
(7347, 8, 95, 167, 107, '', 1, '2012-07-03 20:19:50', 1, 1),
(7349, 8, 95, 167, 132, '', 1, '2012-07-03 20:20:25', 1, 1),
(7350, 8, 95, 167, 144, '', 1, '2012-07-03 20:20:48', 1, 1),
(7352, 8, 95, 167, 184, '', 1, '2012-07-03 20:21:45', 1, 1),
(7353, 8, 95, 167, 213, '', 1, '2012-07-03 20:22:00', 1, 1),
(7354, 8, 95, 167, 223, '', 1, '2012-07-03 20:22:15', 1, 1),
(7355, 8, 95, 167, 233, '', 1, '2012-07-03 20:22:25', 1, 1),
(7356, 8, 95, 167, 243, '', 1, '2012-07-03 20:22:34', 1, 1),
(7357, 8, 95, 167, 244, '', 1, '2012-07-03 20:22:46', 1, 1),
(7358, 8, 95, 244, 167, '', 1, '2012-07-03 20:22:48', 1, 1),
(7359, 8, 96, 249, 104, '', -9, '0000-00-00 00:00:00', 1, 1),
(7361, 8, 92, 108, 142, '', -9, '0000-00-00 00:00:00', 1, 1),
(7362, 8, 92, 121, 142, '', -9, '0000-00-00 00:00:00', 1, 1),
(7363, 8, 92, 122, 142, '', -9, '0000-00-00 00:00:00', 1, 1),
(7364, 8, 92, 123, 142, '', -9, '0000-00-00 00:00:00', 1, 1),
(7365, 8, 92, 131, 142, '', -9, '0000-00-00 00:00:00', 1, 1),
(7366, 8, 92, 132, 142, '', -9, '0000-00-00 00:00:00', 1, 1),
(7367, 8, 92, 133, 142, '', -9, '0000-00-00 00:00:00', 1, 1),
(7368, 8, 92, 134, 142, '', -9, '0000-00-00 00:00:00', 1, 1),
(7369, 8, 92, 138, 142, '', -9, '0000-00-00 00:00:00', 1, 1),
(7370, 8, 92, 139, 142, '', -9, '0000-00-00 00:00:00', 1, 1),
(7371, 8, 92, 149, 142, '', -9, '0000-00-00 00:00:00', 1, 1),
(7372, 8, 92, 156, 142, '', -9, '0000-00-00 00:00:00', 1, 1),
(7373, 8, 92, 159, 142, '', -9, '0000-00-00 00:00:00', 1, 1),
(7374, 8, 92, 162, 142, '', -9, '0000-00-00 00:00:00', 1, 1),
(7375, 8, 92, 218, 142, '', -9, '0000-00-00 00:00:00', 1, 1),
(7376, 8, 92, 219, 142, '', -9, '0000-00-00 00:00:00', 1, 1),
(7377, 8, 92, 221, 142, '', -9, '0000-00-00 00:00:00', 1, 1),
(7378, 8, 92, 223, 142, '', -9, '0000-00-00 00:00:00', 1, 1),
(7379, 8, 92, 232, 142, '', -9, '0000-00-00 00:00:00', 1, 1),
(7380, 8, 92, 236, 142, '', -9, '0000-00-00 00:00:00', 1, 1),
(7381, 8, 92, 241, 142, '', -9, '0000-00-00 00:00:00', 1, 1),
(7382, 8, 92, 242, 142, '', -9, '0000-00-00 00:00:00', 1, 1),
(7383, 8, 92, 250, 142, '', -9, '0000-00-00 00:00:00', 1, 1),
(7384, 8, 92, 251, 142, '', -9, '0000-00-00 00:00:00', 1, 1),
(7386, 8, 97, 163, 81, '', 1, '2012-07-23 08:30:51', 1, 1),
(7388, 8, 92, 90, 254, '', 1, '2012-07-29 08:46:42', 1, 1),
(7389, 8, 92, 90, 252, '', 1, '2012-07-29 08:46:57', 1, 1),
(7390, 8, 92, 90, 249, '', 1, '2012-07-29 08:47:26', 1, 1),
(7391, 8, 92, 90, 248, '', 1, '2012-07-29 08:47:34', 1, 1),
(7392, 8, 92, 90, 247, '', 1, '2012-07-29 08:47:40', 1, 1),
(7394, 8, 92, 90, 245, '', 1, '2012-07-29 08:48:05', 1, 1),
(7396, 8, 92, 90, 243, '', 1, '2012-07-29 08:48:19', 1, 1),
(7397, 8, 92, 90, 188, '', 1, '2012-07-29 08:49:49', 1, 1),
(7398, 8, 92, 90, 167, '', 1, '2012-07-29 08:50:21', 1, 1),
(7399, 8, 92, 90, 138, '', 1, '2012-07-29 08:51:06', 1, 1),
(7400, 8, 92, 90, 86, '', 1, '2012-07-29 08:51:33', 1, 1),
(7401, 8, 92, 90, 159, '', 1, '2012-07-29 08:53:04', 1, 1),
(7402, 8, 92, 90, 161, '', 1, '2012-07-29 08:53:14', 1, 1);
INSERT INTO `userLinks` (`id`, `projectId`, `userId`, `issueFromId`, `issueToId`, `comment`, `sign`, `modified`, `num_observers`, `tot_observers`) VALUES
(7403, 8, 92, 90, 169, '', 1, '2012-07-29 08:53:51', 1, 1),
(7404, 8, 92, 90, 189, '', 1, '2012-07-29 08:54:31', 1, 1),
(7405, 8, 92, 90, 202, '', 1, '2012-07-29 08:55:05', 1, 1),
(7406, 8, 98, 86, 101, '', 1, '2012-08-03 21:10:04', 1, 1),
(7407, 8, 100, 229, 81, '', -9, '0000-00-00 00:00:00', 1, 1),
(7408, 8, 100, 81, 229, '', -9, '0000-00-00 00:00:00', 1, 1),
(7412, 8, 102, 181, 85, '', 1, '2012-09-02 17:28:40', 1, 1),
(7413, 8, 102, 85, 181, '', -1, '2012-09-03 08:28:26', 1, 1),
(7416, 8, 104, 96, 243, '', 1, '2012-09-30 08:01:01', 1, 1),
(7417, 8, 104, 104, 243, '', 1, '2012-09-30 08:01:15', 1, 1),
(7418, 8, 104, 111, 243, '', 1, '2012-09-30 08:01:26', 1, 1),
(7419, 8, 104, 122, 243, '', 1, '2012-09-30 08:01:32', 1, 1),
(7420, 8, 104, 132, 243, '', 1, '2012-09-30 08:01:43', 1, 1),
(7421, 8, 104, 134, 243, '', 1, '2012-09-30 08:01:46', 1, 1),
(7422, 8, 104, 243, 156, '', -1, '2012-09-30 08:02:04', 1, 1),
(7424, 8, 104, 243, 162, '', 1, '2012-09-30 08:02:22', 1, 1),
(7426, 8, 104, 243, 169, '', 1, '2012-09-30 08:02:37', 1, 1),
(7427, 8, 104, 188, 243, '', 1, '2012-09-30 08:02:55', 1, 1),
(7428, 8, 104, 192, 243, '', 1, '2012-09-30 08:03:06', 1, 1),
(7429, 8, 104, 195, 243, '', 1, '2012-09-30 08:03:11', 1, 1),
(7430, 8, 104, 223, 243, '', 1, '2012-09-30 08:03:40', 1, 1),
(7431, 8, 104, 236, 243, '', 1, '2012-09-30 08:03:51', 1, 1),
(7432, 8, 104, 248, 243, '', 1, '2012-09-30 08:04:02', 1, 1),
(7433, 8, 21, 101, 120, '', -9, '0000-00-00 00:00:00', 1, 1),
(7434, 8, 111, 227, 81, '', -9, '0000-00-00 00:00:00', 1, 1),
(7435, 8, 111, 227, 85, '', -9, '0000-00-00 00:00:00', 1, 1),
(7436, 8, 111, 86, 227, '', -9, '0000-00-00 00:00:00', 1, 1),
(7437, 8, 111, 227, 90, '', -9, '0000-00-00 00:00:00', 1, 1),
(7439, 8, 111, 96, 227, '', -1, '2012-10-17 10:34:45', 1, 1),
(7440, 8, 111, 99, 227, '', -9, '0000-00-00 00:00:00', 1, 1),
(7441, 8, 111, 101, 227, '', -9, '0000-00-00 00:00:00', 1, 1),
(7442, 8, 111, 102, 227, '', -9, '0000-00-00 00:00:00', 1, 1),
(7444, 8, 111, 227, 104, '', -9, '0000-00-00 00:00:00', 1, 1),
(7445, 8, 111, 104, 227, '', -9, '0000-00-00 00:00:00', 1, 1),
(7446, 8, 111, 227, 107, '', -9, '0000-00-00 00:00:00', 1, 1),
(7447, 8, 111, 108, 227, '', -9, '0000-00-00 00:00:00', 1, 1),
(7448, 8, 111, 111, 227, '', -9, '0000-00-00 00:00:00', 1, 1),
(7449, 8, 111, 132, 227, '', -9, '0000-00-00 00:00:00', 1, 1),
(7450, 8, 111, 133, 227, '', -9, '0000-00-00 00:00:00', 1, 1),
(7451, 8, 111, 134, 227, '', -9, '0000-00-00 00:00:00', 1, 1),
(7452, 8, 111, 138, 227, '', -9, '0000-00-00 00:00:00', 1, 1),
(7453, 8, 111, 254, 227, '', -9, '0000-00-00 00:00:00', 1, 1),
(7454, 8, 111, 227, 253, '', -9, '0000-00-00 00:00:00', 1, 1),
(7455, 8, 111, 227, 252, '', -9, '0000-00-00 00:00:00', 1, 1),
(7456, 8, 111, 252, 227, '', -9, '0000-00-00 00:00:00', 1, 1),
(7457, 8, 111, 227, 251, '', -9, '0000-00-00 00:00:00', 1, 1),
(7458, 8, 111, 227, 250, '', -9, '0000-00-00 00:00:00', 1, 1),
(7459, 8, 111, 227, 249, '', -9, '0000-00-00 00:00:00', 1, 1),
(7460, 8, 111, 249, 227, '', -9, '0000-00-00 00:00:00', 1, 1),
(7461, 8, 111, 227, 247, '', 1, '2012-10-17 10:44:51', 1, 1),
(7462, 8, 111, 227, 120, '', -9, '0000-00-00 00:00:00', 1, 1),
(7463, 8, 111, 139, 227, '', -9, '0000-00-00 00:00:00', 1, 1),
(7464, 8, 111, 227, 159, '', -9, '0000-00-00 00:00:00', 1, 1),
(7465, 8, 111, 159, 227, '', -9, '0000-00-00 00:00:00', 1, 1),
(7466, 8, 111, 227, 173, '', -9, '0000-00-00 00:00:00', 1, 1),
(7467, 8, 111, 227, 174, '', -9, '0000-00-00 00:00:00', 1, 1),
(7468, 8, 111, 227, 188, '', -9, '0000-00-00 00:00:00', 1, 1),
(7469, 8, 111, 197, 227, '', -9, '0000-00-00 00:00:00', 1, 1),
(7470, 8, 111, 205, 227, '', -9, '0000-00-00 00:00:00', 1, 1),
(7471, 8, 111, 239, 227, '', -9, '0000-00-00 00:00:00', 1, 1),
(7472, 8, 111, 243, 227, '', -9, '0000-00-00 00:00:00', 1, 1),
(7473, 8, 111, 227, 246, '', -9, '0000-00-00 00:00:00', 1, 1),
(7474, 8, 111, 122, 227, '', -9, '0000-00-00 00:00:00', 1, 1),
(7475, 8, 111, 227, 131, '', -9, '0000-00-00 00:00:00', 1, 1),
(7476, 8, 111, 227, 121, '', -9, '0000-00-00 00:00:00', 1, 1),
(7477, 8, 111, 227, 142, '', -9, '0000-00-00 00:00:00', 1, 1),
(7478, 8, 111, 146, 227, '', -9, '0000-00-00 00:00:00', 1, 1),
(7479, 8, 111, 148, 227, '', -9, '0000-00-00 00:00:00', 1, 1),
(7480, 8, 111, 149, 227, '', -9, '0000-00-00 00:00:00', 1, 1),
(7481, 8, 111, 156, 227, '', -9, '0000-00-00 00:00:00', 1, 1),
(7482, 8, 111, 161, 227, '', -9, '0000-00-00 00:00:00', 1, 1),
(7483, 8, 111, 162, 227, '', -9, '0000-00-00 00:00:00', 1, 1),
(7484, 8, 111, 163, 227, '', -9, '0000-00-00 00:00:00', 1, 1),
(7485, 8, 111, 166, 227, '', -9, '0000-00-00 00:00:00', 1, 1),
(7486, 8, 111, 167, 227, '', -9, '0000-00-00 00:00:00', 1, 1),
(7487, 8, 111, 169, 227, '', -9, '0000-00-00 00:00:00', 1, 1),
(7488, 8, 111, 227, 181, '', -9, '0000-00-00 00:00:00', 1, 1),
(7489, 8, 111, 184, 227, '', -9, '0000-00-00 00:00:00', 1, 1),
(7490, 8, 111, 185, 227, '', -9, '0000-00-00 00:00:00', 1, 1),
(7491, 8, 111, 186, 227, '', -9, '0000-00-00 00:00:00', 1, 1),
(7492, 8, 111, 227, 189, '', -9, '0000-00-00 00:00:00', 1, 1),
(7493, 8, 111, 191, 227, '', -9, '0000-00-00 00:00:00', 1, 1),
(7495, 8, 111, 227, 192, '', -9, '0000-00-00 00:00:00', 1, 1),
(7498, 8, 111, 227, 195, '', -9, '0000-00-00 00:00:00', 1, 1),
(7499, 8, 111, 195, 227, '', -9, '0000-00-00 00:00:00', 1, 1),
(7500, 8, 111, 227, 200, '', -9, '0000-00-00 00:00:00', 1, 1),
(7501, 8, 111, 202, 227, '', -9, '0000-00-00 00:00:00', 1, 1),
(7502, 8, 111, 248, 227, '', -9, '0000-00-00 00:00:00', 1, 1),
(7503, 8, 111, 223, 227, '', -9, '0000-00-00 00:00:00', 1, 1),
(7504, 8, 111, 229, 227, '', -9, '0000-00-00 00:00:00', 1, 1),
(7505, 8, 111, 230, 227, '', -9, '0000-00-00 00:00:00', 1, 1),
(7506, 8, 111, 233, 227, '', -9, '0000-00-00 00:00:00', 1, 1),
(7507, 8, 111, 241, 227, '', -9, '0000-00-00 00:00:00', 1, 1),
(7508, 8, 111, 242, 227, '', -9, '0000-00-00 00:00:00', 1, 1),
(7509, 8, 111, 245, 227, '', -9, '0000-00-00 00:00:00', 1, 1),
(7510, 8, 111, 203, 227, '', -9, '0000-00-00 00:00:00', 1, 1),
(7511, 8, 111, 227, 208, '', -9, '0000-00-00 00:00:00', 1, 1),
(7512, 8, 111, 227, 209, '', -9, '0000-00-00 00:00:00', 1, 1),
(7513, 8, 111, 210, 227, '', -9, '0000-00-00 00:00:00', 1, 1),
(7514, 8, 111, 221, 227, '', -9, '0000-00-00 00:00:00', 1, 1),
(7515, 8, 111, 219, 227, '', -9, '0000-00-00 00:00:00', 1, 1),
(7516, 8, 111, 218, 227, '', -9, '0000-00-00 00:00:00', 1, 1),
(7517, 8, 111, 214, 227, '', -9, '0000-00-00 00:00:00', 1, 1),
(7518, 8, 111, 213, 227, '', -9, '0000-00-00 00:00:00', 1, 1),
(7519, 8, 111, 211, 227, '', -9, '0000-00-00 00:00:00', 1, 1),
(7520, 8, 111, 193, 81, '', -9, '0000-00-00 00:00:00', 1, 1),
(7521, 8, 111, 193, 85, '', -9, '0000-00-00 00:00:00', 1, 1),
(7522, 8, 111, 86, 193, '', -9, '0000-00-00 00:00:00', 1, 1),
(7523, 8, 111, 193, 90, '', -9, '0000-00-00 00:00:00', 1, 1),
(7524, 8, 111, 90, 193, '', -9, '0000-00-00 00:00:00', 1, 1),
(7525, 8, 111, 193, 96, '', -9, '0000-00-00 00:00:00', 1, 1),
(7526, 8, 111, 193, 99, '', -9, '0000-00-00 00:00:00', 1, 1),
(7527, 8, 111, 193, 101, '', -9, '0000-00-00 00:00:00', 1, 1),
(7528, 8, 111, 193, 102, '', -9, '0000-00-00 00:00:00', 1, 1),
(7529, 8, 111, 193, 104, '', -9, '0000-00-00 00:00:00', 1, 1),
(7530, 8, 111, 193, 107, '', -9, '0000-00-00 00:00:00', 1, 1),
(7531, 8, 111, 193, 108, '', -9, '0000-00-00 00:00:00', 1, 1),
(7532, 8, 111, 193, 111, '', -9, '0000-00-00 00:00:00', 1, 1),
(7533, 8, 111, 193, 120, '', -9, '0000-00-00 00:00:00', 1, 1),
(7534, 8, 111, 193, 121, '', -9, '0000-00-00 00:00:00', 1, 1),
(7535, 8, 111, 193, 122, '', -9, '0000-00-00 00:00:00', 1, 1),
(7536, 8, 111, 193, 131, '', -9, '0000-00-00 00:00:00', 1, 1),
(7537, 8, 111, 193, 132, '', -9, '0000-00-00 00:00:00', 1, 1),
(7538, 8, 111, 193, 133, '', -9, '0000-00-00 00:00:00', 1, 1),
(7539, 8, 111, 193, 134, '', -9, '0000-00-00 00:00:00', 1, 1),
(7540, 8, 111, 193, 138, '', -9, '0000-00-00 00:00:00', 1, 1),
(7541, 8, 111, 193, 139, '', -9, '0000-00-00 00:00:00', 1, 1),
(7542, 8, 111, 193, 142, '', -9, '0000-00-00 00:00:00', 1, 1),
(7543, 8, 111, 193, 144, '', -9, '0000-00-00 00:00:00', 1, 1),
(7544, 8, 111, 193, 146, '', -9, '0000-00-00 00:00:00', 1, 1),
(7545, 8, 111, 193, 148, '', -9, '0000-00-00 00:00:00', 1, 1),
(7546, 8, 111, 193, 149, '', -9, '0000-00-00 00:00:00', 1, 1),
(7547, 8, 111, 193, 156, '', -9, '0000-00-00 00:00:00', 1, 1),
(7548, 8, 111, 193, 159, '', -9, '0000-00-00 00:00:00', 1, 1),
(7549, 8, 111, 193, 161, '', -9, '0000-00-00 00:00:00', 1, 1),
(7550, 8, 111, 193, 162, '', -9, '0000-00-00 00:00:00', 1, 1),
(7551, 8, 111, 193, 163, '', -9, '0000-00-00 00:00:00', 1, 1),
(7552, 8, 111, 193, 166, '', -9, '0000-00-00 00:00:00', 1, 1),
(7553, 8, 111, 193, 167, '', -9, '0000-00-00 00:00:00', 1, 1),
(7554, 8, 111, 193, 169, '', -9, '0000-00-00 00:00:00', 1, 1),
(7555, 8, 111, 193, 172, '', -9, '0000-00-00 00:00:00', 1, 1),
(7556, 8, 111, 193, 173, '', -9, '0000-00-00 00:00:00', 1, 1),
(7557, 8, 111, 193, 174, '', -9, '0000-00-00 00:00:00', 1, 1),
(7558, 8, 111, 193, 175, '', -9, '0000-00-00 00:00:00', 1, 1),
(7559, 8, 111, 193, 176, '', -9, '0000-00-00 00:00:00', 1, 1),
(7560, 8, 111, 193, 181, '', -9, '0000-00-00 00:00:00', 1, 1),
(7561, 8, 111, 193, 184, '', -9, '0000-00-00 00:00:00', 1, 1),
(7562, 8, 111, 193, 185, '', -9, '0000-00-00 00:00:00', 1, 1),
(7563, 8, 111, 193, 186, '', -9, '0000-00-00 00:00:00', 1, 1),
(7564, 8, 111, 193, 188, '', -9, '0000-00-00 00:00:00', 1, 1),
(7565, 8, 111, 193, 189, '', -9, '0000-00-00 00:00:00', 1, 1),
(7566, 8, 111, 193, 191, '', -9, '0000-00-00 00:00:00', 1, 1),
(7567, 8, 111, 193, 192, '', -9, '0000-00-00 00:00:00', 1, 1),
(7568, 8, 111, 193, 195, '', -9, '0000-00-00 00:00:00', 1, 1),
(7569, 8, 111, 193, 197, '', -9, '0000-00-00 00:00:00', 1, 1),
(7570, 8, 111, 193, 200, '', -9, '0000-00-00 00:00:00', 1, 1),
(7571, 8, 111, 193, 202, '', -9, '0000-00-00 00:00:00', 1, 1),
(7572, 8, 111, 193, 203, '', -9, '0000-00-00 00:00:00', 1, 1),
(7573, 8, 111, 193, 205, '', -9, '0000-00-00 00:00:00', 1, 1),
(7574, 8, 111, 193, 208, '', -9, '0000-00-00 00:00:00', 1, 1),
(7575, 8, 111, 193, 209, '', -9, '0000-00-00 00:00:00', 1, 1),
(7576, 8, 111, 193, 210, '', -9, '0000-00-00 00:00:00', 1, 1),
(7577, 8, 111, 193, 211, '', -9, '0000-00-00 00:00:00', 1, 1),
(7578, 8, 111, 193, 213, '', -9, '0000-00-00 00:00:00', 1, 1),
(7579, 8, 111, 193, 214, '', -9, '0000-00-00 00:00:00', 1, 1),
(7580, 8, 111, 193, 218, '', -9, '0000-00-00 00:00:00', 1, 1),
(7581, 8, 111, 193, 219, '', -9, '0000-00-00 00:00:00', 1, 1),
(7582, 8, 111, 193, 221, '', -9, '0000-00-00 00:00:00', 1, 1),
(7583, 8, 111, 193, 223, '', -9, '0000-00-00 00:00:00', 1, 1),
(7584, 8, 111, 193, 229, '', -9, '0000-00-00 00:00:00', 1, 1),
(7585, 8, 111, 193, 230, '', -9, '0000-00-00 00:00:00', 1, 1),
(7586, 8, 111, 193, 233, '', -9, '0000-00-00 00:00:00', 1, 1),
(7587, 8, 111, 193, 239, '', -9, '0000-00-00 00:00:00', 1, 1),
(7588, 8, 111, 193, 241, '', -9, '0000-00-00 00:00:00', 1, 1),
(7589, 8, 111, 193, 242, '', -9, '0000-00-00 00:00:00', 1, 1),
(7590, 8, 111, 193, 243, '', -9, '0000-00-00 00:00:00', 1, 1),
(7591, 8, 111, 193, 245, '', -9, '0000-00-00 00:00:00', 1, 1),
(7592, 8, 111, 193, 246, '', -9, '0000-00-00 00:00:00', 1, 1),
(7593, 8, 111, 193, 248, '', -9, '0000-00-00 00:00:00', 1, 1),
(7594, 8, 111, 193, 249, '', -9, '0000-00-00 00:00:00', 1, 1),
(7595, 8, 111, 193, 250, '', -9, '0000-00-00 00:00:00', 1, 1),
(7596, 8, 111, 193, 251, '', -9, '0000-00-00 00:00:00', 1, 1),
(7597, 8, 111, 193, 252, '', -9, '0000-00-00 00:00:00', 1, 1),
(7598, 8, 111, 193, 253, '', -9, '0000-00-00 00:00:00', 1, 1),
(7599, 8, 111, 193, 254, '', -9, '0000-00-00 00:00:00', 1, 1),
(7600, 8, 111, 193, 247, '', -9, '0000-00-00 00:00:00', 1, 1),
(7601, 8, 111, 227, 193, '', -9, '0000-00-00 00:00:00', 1, 1),
(7603, 8, 112, 81, 252, '', 1, '2012-11-05 19:29:05', 1, 1),
(7604, 8, 112, 252, 85, '', 1, '2012-11-05 19:29:58', 1, 1),
(7605, 8, 112, 85, 252, '', -9, '0000-00-00 00:00:00', 1, 1),
(7606, 8, 112, 86, 252, '', 1, '2012-11-05 19:30:59', 1, 1),
(7607, 8, 112, 252, 96, '', -1, '2012-11-05 19:31:43', 1, 1),
(7608, 8, 112, 96, 252, '', -9, '0000-00-00 00:00:00', 1, 1),
(7609, 8, 112, 252, 99, '', -9, '0000-00-00 00:00:00', 1, 1),
(7610, 8, 112, 99, 252, '', -9, '0000-00-00 00:00:00', 1, 1),
(7611, 8, 112, 101, 252, '', 1, '2012-11-05 19:32:43', 1, 1),
(7612, 8, 112, 252, 102, '', -1, '2012-11-05 19:33:06', 1, 1),
(7613, 8, 112, 102, 252, '', -9, '0000-00-00 00:00:00', 1, 1),
(7614, 8, 112, 252, 104, '', -9, '0000-00-00 00:00:00', 1, 1),
(7615, 8, 112, 104, 252, '', -9, '0000-00-00 00:00:00', 1, 1),
(7616, 8, 112, 252, 107, '', -1, '2012-11-05 19:33:51', 1, 1),
(7617, 8, 112, 107, 252, '', -9, '0000-00-00 00:00:00', 1, 1),
(7618, 8, 112, 252, 108, '', -9, '0000-00-00 00:00:00', 1, 1),
(7619, 8, 112, 108, 252, '', -9, '0000-00-00 00:00:00', 1, 1),
(7620, 8, 112, 252, 120, '', -9, '0000-00-00 00:00:00', 1, 1),
(7621, 8, 112, 120, 252, '', -9, '0000-00-00 00:00:00', 1, 1),
(7622, 8, 112, 121, 252, '', 1, '2012-11-05 19:35:45', 1, 1),
(7623, 8, 112, 122, 252, '', 1, '2012-11-05 19:45:09', 1, 1),
(7624, 8, 112, 252, 123, '', -9, '0000-00-00 00:00:00', 1, 1),
(7625, 8, 112, 123, 252, '', -9, '0000-00-00 00:00:00', 1, 1),
(7626, 8, 112, 252, 131, '', 1, '2012-11-05 19:45:45', 1, 1),
(7627, 8, 112, 131, 252, '', -9, '0000-00-00 00:00:00', 1, 1),
(7628, 8, 112, 252, 132, '', -9, '0000-00-00 00:00:00', 1, 1),
(7629, 8, 112, 132, 252, '', -9, '0000-00-00 00:00:00', 1, 1),
(7630, 8, 112, 133, 252, '', 1, '2012-11-05 19:46:13', 1, 1),
(7631, 8, 112, 252, 134, '', -9, '0000-00-00 00:00:00', 1, 1),
(7634, 8, 112, 252, 142, '', -9, '0000-00-00 00:00:00', 1, 1),
(7635, 8, 112, 142, 252, '', -9, '0000-00-00 00:00:00', 1, 1),
(7636, 8, 112, 144, 252, '', 1, '2012-11-05 19:47:49', 1, 1),
(7637, 8, 112, 252, 146, '', -9, '0000-00-00 00:00:00', 1, 1),
(7638, 8, 112, 146, 252, '', -9, '0000-00-00 00:00:00', 1, 1),
(7639, 8, 112, 156, 252, '', -9, '0000-00-00 00:00:00', 1, 1),
(7640, 8, 112, 159, 252, '', 1, '2012-11-05 19:49:41', 1, 1),
(7641, 8, 112, 161, 252, '', -9, '0000-00-00 00:00:00', 1, 1),
(7642, 8, 112, 252, 162, '', -9, '0000-00-00 00:00:00', 1, 1),
(7643, 8, 112, 162, 252, '', -9, '0000-00-00 00:00:00', 1, 1),
(7644, 8, 112, 163, 252, '', 1, '2012-11-05 19:51:45', 1, 1),
(7645, 8, 112, 252, 166, '', -9, '0000-00-00 00:00:00', 1, 1),
(7646, 8, 112, 166, 252, '', -9, '0000-00-00 00:00:00', 1, 1),
(7647, 8, 112, 167, 252, '', -9, '0000-00-00 00:00:00', 1, 1),
(7648, 8, 112, 169, 252, '', -9, '0000-00-00 00:00:00', 1, 1),
(7649, 8, 112, 252, 172, '', -9, '0000-00-00 00:00:00', 1, 1),
(7650, 8, 112, 173, 252, '', -9, '0000-00-00 00:00:00', 1, 1),
(7651, 8, 112, 174, 252, '', -9, '0000-00-00 00:00:00', 1, 1),
(7652, 8, 112, 175, 252, '', -9, '0000-00-00 00:00:00', 1, 1),
(7653, 8, 112, 176, 252, '', -9, '0000-00-00 00:00:00', 1, 1),
(7654, 8, 112, 252, 181, '', -9, '0000-00-00 00:00:00', 1, 1),
(7655, 8, 112, 181, 252, '', 1, '2012-11-05 19:54:44', 1, 1),
(7656, 8, 112, 184, 252, '', -9, '0000-00-00 00:00:00', 1, 1),
(7657, 8, 112, 185, 252, '', -9, '0000-00-00 00:00:00', 1, 1),
(7658, 8, 112, 186, 252, '', -9, '0000-00-00 00:00:00', 1, 1),
(7659, 8, 112, 188, 252, '', -9, '0000-00-00 00:00:00', 1, 1),
(7660, 8, 112, 252, 189, '', -9, '0000-00-00 00:00:00', 1, 1),
(7661, 8, 112, 189, 252, '', -9, '0000-00-00 00:00:00', 1, 1),
(7662, 8, 112, 190, 252, '', 1, '2012-11-05 19:57:36', 1, 1),
(7663, 8, 112, 252, 191, '', -9, '0000-00-00 00:00:00', 1, 1),
(7664, 8, 112, 192, 252, '', -9, '0000-00-00 00:00:00', 1, 1),
(7666, 8, 112, 252, 193, '', -9, '0000-00-00 00:00:00', 1, 1),
(7667, 8, 112, 193, 252, '', -9, '0000-00-00 00:00:00', 1, 1),
(7668, 8, 112, 252, 195, '', -9, '0000-00-00 00:00:00', 1, 1),
(7669, 8, 112, 195, 252, '', 1, '2012-11-05 20:01:19', 1, 1),
(7670, 8, 112, 197, 252, '', -1, '2012-11-05 20:01:35', 1, 1),
(7671, 8, 112, 200, 252, '', -9, '0000-00-00 00:00:00', 1, 1),
(7672, 8, 112, 252, 202, '', -9, '0000-00-00 00:00:00', 1, 1),
(7673, 8, 112, 202, 252, '', 1, '2012-11-05 20:03:11', 1, 1),
(7674, 8, 112, 252, 203, '', 1, '2012-11-05 20:03:29', 1, 1),
(7675, 8, 112, 209, 252, '', -9, '0000-00-00 00:00:00', 1, 1),
(7676, 8, 112, 208, 252, '', -9, '0000-00-00 00:00:00', 1, 1),
(7677, 8, 112, 252, 205, '', -9, '0000-00-00 00:00:00', 1, 1),
(7678, 8, 112, 205, 252, '', -9, '0000-00-00 00:00:00', 1, 1),
(7679, 8, 112, 210, 252, '', -1, '2012-11-05 20:04:43', 1, 1),
(7680, 8, 112, 211, 252, '', 1, '2012-11-05 20:05:01', 1, 1),
(7681, 8, 112, 252, 213, '', -9, '0000-00-00 00:00:00', 1, 1),
(7682, 8, 112, 213, 252, '', -9, '0000-00-00 00:00:00', 1, 1),
(7683, 8, 112, 252, 214, '', -9, '0000-00-00 00:00:00', 1, 1),
(7684, 8, 112, 214, 252, '', -9, '0000-00-00 00:00:00', 1, 1),
(7685, 8, 112, 252, 254, '', -9, '0000-00-00 00:00:00', 1, 1),
(7686, 8, 112, 254, 252, '', -9, '0000-00-00 00:00:00', 1, 1),
(7687, 8, 112, 252, 253, '', -9, '0000-00-00 00:00:00', 1, 1),
(7688, 8, 112, 253, 252, '', -9, '0000-00-00 00:00:00', 1, 1),
(7689, 8, 112, 251, 252, '', -9, '0000-00-00 00:00:00', 1, 1),
(7690, 8, 112, 250, 252, '', -9, '0000-00-00 00:00:00', 1, 1),
(7691, 8, 112, 252, 249, '', -9, '0000-00-00 00:00:00', 1, 1),
(7692, 8, 112, 252, 248, '', -9, '0000-00-00 00:00:00', 1, 1),
(7693, 8, 112, 248, 252, '', -9, '0000-00-00 00:00:00', 1, 1),
(7694, 8, 112, 252, 247, '', -9, '0000-00-00 00:00:00', 1, 1),
(7695, 8, 112, 247, 252, '', -9, '0000-00-00 00:00:00', 1, 1),
(7696, 8, 112, 246, 252, '', 1, '2012-11-05 20:06:23', 1, 1),
(7697, 8, 112, 245, 252, '', -9, '0000-00-00 00:00:00', 1, 1),
(7698, 8, 112, 252, 244, '', -9, '0000-00-00 00:00:00', 1, 1),
(7699, 8, 112, 244, 252, '', -9, '0000-00-00 00:00:00', 1, 1),
(7700, 8, 112, 252, 243, '', -9, '0000-00-00 00:00:00', 1, 1),
(7701, 8, 112, 243, 252, '', -9, '0000-00-00 00:00:00', 1, 1),
(7702, 8, 112, 252, 242, '', -9, '0000-00-00 00:00:00', 1, 1),
(7703, 8, 112, 242, 252, '', -9, '0000-00-00 00:00:00', 1, 1),
(7704, 8, 112, 252, 241, '', -9, '0000-00-00 00:00:00', 1, 1),
(7705, 8, 112, 252, 239, '', -9, '0000-00-00 00:00:00', 1, 1),
(7706, 8, 112, 239, 252, '', -9, '0000-00-00 00:00:00', 1, 1),
(7707, 8, 112, 252, 236, '', -9, '0000-00-00 00:00:00', 1, 1),
(7708, 8, 112, 236, 252, '', -9, '0000-00-00 00:00:00', 1, 1),
(7709, 8, 112, 252, 233, '', -9, '0000-00-00 00:00:00', 1, 1),
(7710, 8, 112, 233, 252, '', -9, '0000-00-00 00:00:00', 1, 1),
(7711, 8, 112, 230, 252, '', 1, '2012-11-05 20:07:49', 1, 1),
(7712, 8, 112, 252, 229, '', -9, '0000-00-00 00:00:00', 1, 1),
(7713, 8, 112, 229, 252, '', -9, '0000-00-00 00:00:00', 1, 1),
(7714, 8, 112, 223, 252, '', -9, '0000-00-00 00:00:00', 1, 1),
(7715, 8, 112, 252, 221, '', -9, '0000-00-00 00:00:00', 1, 1),
(7716, 8, 112, 221, 252, '', -9, '0000-00-00 00:00:00', 1, 1),
(7717, 8, 112, 252, 219, '', -9, '0000-00-00 00:00:00', 1, 1),
(7718, 8, 112, 219, 252, '', -9, '0000-00-00 00:00:00', 1, 1),
(7719, 8, 112, 252, 218, '', -9, '0000-00-00 00:00:00', 1, 1),
(7720, 8, 112, 218, 252, '', -9, '0000-00-00 00:00:00', 1, 1),
(7721, 8, 112, 252, 227, '', -9, '0000-00-00 00:00:00', 1, 1),
(7722, 8, 112, 227, 252, '', -9, '0000-00-00 00:00:00', 1, 1),
(7723, 8, 112, 190, 81, '', -9, '0000-00-00 00:00:00', 1, 1),
(7724, 8, 112, 81, 190, '', -9, '0000-00-00 00:00:00', 1, 1),
(7725, 8, 112, 190, 85, '', -9, '0000-00-00 00:00:00', 1, 1),
(7726, 8, 112, 85, 190, '', -9, '0000-00-00 00:00:00', 1, 1),
(7727, 8, 112, 86, 190, '', -9, '0000-00-00 00:00:00', 1, 1),
(7728, 8, 112, 96, 190, '', -9, '0000-00-00 00:00:00', 1, 1),
(7729, 8, 112, 190, 99, '', -9, '0000-00-00 00:00:00', 1, 1),
(7730, 8, 112, 101, 190, '', -9, '0000-00-00 00:00:00', 1, 1),
(7731, 8, 112, 190, 102, '', -9, '0000-00-00 00:00:00', 1, 1),
(7732, 8, 112, 102, 190, '', -9, '0000-00-00 00:00:00', 1, 1),
(7760, 8, 112, 252, 148, '', -9, '0000-00-00 00:00:00', 1, 1),
(7761, 8, 112, 148, 252, '', -9, '0000-00-00 00:00:00', 1, 1),
(7762, 8, 112, 85, 96, '', -9, '0000-00-00 00:00:00', 1, 1),
(7763, 8, 112, 85, 86, '', -9, '0000-00-00 00:00:00', 1, 1),
(7764, 8, 112, 86, 85, '', -9, '0000-00-00 00:00:00', 1, 1),
(7765, 8, 112, 81, 85, '', -9, '0000-00-00 00:00:00', 1, 1),
(7766, 8, 112, 101, 85, '', -9, '0000-00-00 00:00:00', 1, 1),
(7767, 8, 112, 102, 85, '', -9, '0000-00-00 00:00:00', 1, 1),
(7768, 8, 112, 85, 104, '', -9, '0000-00-00 00:00:00', 1, 1),
(7769, 8, 117, 223, 236, '', -9, '0000-00-00 00:00:00', 1, 1),
(7770, 8, 117, 211, 236, '', 1, '2012-12-14 12:29:23', 1, 1),
(7771, 8, 117, 111, 236, '', -9, '0000-00-00 00:00:00', 1, 1),
(7772, 8, 117, 223, 96, '', -9, '0000-00-00 00:00:00', 1, 1),
(7778, 8, 119, 202, 81, '', -9, '0000-00-00 00:00:00', 1, 1),
(7783, 8, 1, 243, 96, '', 1, '2013-01-09 17:58:46', 1, 1),
(7784, 8, 1, 96, 244, '', 1, '2013-01-09 17:58:53', 1, 1),
(7785, 8, 1, 248, 96, '', 1, '2013-01-09 17:59:01', 1, 1),
(7788, 8, 1, 223, 96, '', 1, '2013-01-09 18:01:50', 1, 1),
(7789, 8, 1, 104, 96, '', 1, '2013-01-09 18:04:24', 1, 1),
(7790, 8, 1, 96, 107, '', 1, '2013-01-09 18:04:30', 1, 1),
(7791, 8, 1, 121, 96, '', 1, '2013-01-09 18:04:44', 1, 1),
(7792, 8, 1, 122, 96, '', 1, '2013-01-09 18:04:42', 1, 1),
(7793, 8, 1, 96, 188, '', 1, '2013-01-09 18:05:03', 1, 1),
(7796, 8, 1, 85, 96, '', 1, '2013-01-09 20:06:16', 1, 1),
(7797, 8, 1, 86, 96, '', 1, '2013-01-09 20:06:55', 1, 1),
(7798, 8, 1, 214, 104, '', 1, '2013-01-09 20:14:31', 1, 1),
(7799, 8, 1, 214, 107, '', 1, '2013-01-09 20:14:39', 1, 1),
(7800, 8, 1, 214, 108, '', 1, '2013-01-09 20:14:45', 1, 1),
(7801, 8, 1, 81, 229, '', -1, '2013-01-10 10:57:10', 1, 1),
(7802, 8, 1, 229, 85, '', -1, '2013-01-10 10:57:17', 1, 1),
(7803, 8, 1, 85, 229, '', 1, '2013-01-10 10:57:20', 1, 1),
(7804, 8, 1, 81, 232, '', -1, '2013-01-14 13:29:25', 1, 1),
(7805, 8, 1, 232, 85, '', -1, '2013-01-14 13:29:29', 1, 1),
(7806, 8, 1, 85, 232, '', 1, '2013-01-14 13:29:30', 1, 1);

-- --------------------------------------------------------

--
-- Table structure for table `users`
--

CREATE TABLE `users` (
  `user_id` int(11) NOT NULL AUTO_INCREMENT,
  `first_name` varchar(64) NOT NULL,
  `last_name` varchar(64) NOT NULL,
  `user_email` varchar(128) NOT NULL,
  `user_pass` varchar(60) NOT NULL,
  `user_register_pass` varchar(60) NOT NULL,
  `user_date` datetime NOT NULL DEFAULT '0000-00-00 00:00:00',
  `user_modified` datetime NOT NULL DEFAULT '0000-00-00 00:00:00',
  `user_last_login` datetime NOT NULL,
  `isAdministrator` tinyint(1) NOT NULL,
  `isConfirmed` tinyint(1) NOT NULL DEFAULT '1',
  `category` int(11) NOT NULL,
  `notes` text NOT NULL,
  PRIMARY KEY (`user_id`)
) ENGINE=InnoDB  DEFAULT CHARSET=utf8 AUTO_INCREMENT=120 ;

--
-- Dumping data for table `users`
--

INSERT INTO `users` (`user_id`, `first_name`, `last_name`, `user_email`, `user_pass`, `user_register_pass`, `user_date`, `user_modified`, `user_last_login`, `isAdministrator`, `isConfirmed`, `category`, `notes`) VALUES
(1, '', '', 'eric@trunorthlabs.org', '$P$B32JXyN9j/D9V6UNV433omwboHQ1Nd1', 'OgCZSbNS', '2012-11-07 13:30:31', '2012-11-07 13:30:31', '2013-02-01 09:47:10', 1, 1, 0, ''),
(18, 'Sundev', 'Lohr', 'sundev@brainvise.com', '$P$BfC8ROoyyZLbbf4DHK9ZH3huPB8EzY/', 'zIC61glj', '2012-02-23 15:25:52', '2012-02-23 15:25:52', '2013-01-10 11:26:33', 0, 1, 0, ''),
(20, '', '', 'ameliarosebarlow@gmail.com', '$P$BCXvrwd6TfMgMk0Vs4ZCsFnMsa4AiW.', 'OgCZSbNS', '2012-02-27 10:49:26', '2012-02-27 10:49:26', '2012-02-27 10:50:58', 0, 1, 0, ''),
(21, '', '', 'david@brainvise.com', '$P$B4gu8qf0VdAoI/OjvEXzYb.utM2REK.', 'OgCZSbNS', '2012-03-03 20:41:33', '2012-03-03 20:41:33', '2012-10-21 08:37:35', 0, 1, 0, ''),
(22, '', '', 'jimmy.lin@raregenomics.org', '$P$BKj1S2SZtbUoAfytgNeOYeEdvg/hoX/', 'OgCZSbNS', '2012-03-06 12:28:51', '2012-03-06 12:28:51', '0000-00-00 00:00:00', 0, 1, 0, ''),
(23, '', '', 'dearsarah@gmail.com', '$P$B7StCYI3gquszYkhWmA5KurQWC7Q781', 'OgCZSbNS', '2012-03-06 14:17:19', '2012-03-06 14:17:19', '2012-05-07 21:43:24', 0, 1, 0, ''),
(24, '', '', 'james@pattenstudio.com', '$P$BBQ2UWkN3Vzfjju6Hl8XRJCul1Xtoe.', 'OgCZSbNS', '2012-04-26 15:50:45', '2012-04-26 15:50:45', '2012-04-26 15:55:15', 0, 1, 0, ''),
(25, '', '', 'john.sherry@intel.com', '$P$BIWWRye.PcYL6yGwyyZgDrlOqXgTv41', 'OgCZSbNS', '2012-03-06 15:46:34', '2012-03-06 15:46:34', '2012-05-08 10:55:52', 0, 1, 0, ''),
(26, '', '', 'wsaqaf@gmail.com', '$P$Bgpuc/C4oT9nHTAAsDCv24SduaFxnh0', 'OgCZSbNS', '2012-03-09 01:17:02', '2012-03-09 01:17:02', '2012-05-08 13:01:55', 0, 1, 0, ''),
(27, '', '', 'dmuren@humblefactory.com', '$P$Blg3EcXym1l.lJMIieGsK2czG8ToXQ/', 'OgCZSbNS', '2012-03-09 12:45:27', '2012-03-09 12:45:27', '2012-05-07 17:14:38', 0, 1, 0, ''),
(28, '', '', 'sonaar@watercanary.com', '$P$BhfuYcRDqDgPkwPywnVxqP4mKrjKWv0', 'OgCZSbNS', '2012-03-10 09:08:31', '2012-03-10 09:08:31', '2012-05-08 07:05:05', 0, 1, 0, ''),
(29, '', '', 'kahumbu.su@gmail.com', '$P$BDGNqcN8L9KOOKMYHe84AEpgXJTfD/1', 'OgCZSbNS', '2012-03-11 01:01:09', '2012-03-11 01:01:09', '0000-00-00 00:00:00', 0, 1, 0, ''),
(30, '', '', 'richard.beckwith@intel.com', '$P$BM5xCsUMW2sduevX1vPSRz07QWgpic0', 'OgCZSbNS', '2012-03-15 10:04:12', '2012-03-15 10:04:12', '2012-05-07 20:50:36', 0, 1, 0, '71 38 83  fixed\n36 18\n18  12\n71 and 38 bad from both directions   ummmm, This is 71 in the left column.  Is that not what I had before?\n\nit let me do 83 but not 38  now I have 38, fixed\n\n3 left to do'),
(31, '', '', 'jg@metalayer.com', '$P$Bg2WM1BkHN0bcnP4c2obRNkg7NnONT/', 'OgCZSbNS', '2012-03-15 10:04:34', '2012-03-15 10:04:34', '2012-03-15 10:09:02', 0, 1, 0, ''),
(32, '', '', 'emily@thestorystudio.com', '$P$BIas2.oqVENNnI5nwtImvP4klu9aWF0', 'OgCZSbNS', '2012-03-15 10:06:51', '2012-03-15 10:06:51', '0000-00-00 00:00:00', 0, 1, 0, ''),
(33, '', '', 'juliettepower@hotmail.com', '$P$BwWLib6A1o5Mp.uiz8XWBfNHkvqRXW/', 'OgCZSbNS', '2012-03-15 10:09:14', '2012-03-15 10:09:14', '0000-00-00 00:00:00', 0, 1, 0, ''),
(34, '', '', 'dawn.nafus@intel.com', '$P$BsOO6EMG9Rfx/sUevu70VG1PE4inLi0', 'OgCZSbNS', '2012-03-15 10:19:17', '2012-03-15 10:19:17', '2012-05-11 16:41:27', 0, 1, 0, ''),
(35, '', '', 'juliettepower@gmail.com', '$P$Bo3TeILIKgx9RHoebwNUKOBKwWPwaK1', 'OgCZSbNS', '2012-03-15 10:22:42', '2012-03-15 10:22:42', '2012-03-15 10:26:17', 0, 1, 0, ''),
(36, '', '', 'faisal@cogilent.com', '$P$Bci/HbdHb6Cs/l0Z4m0OCg8.VTjBy0/', 'OgCZSbNS', '2012-04-07 13:32:12', '2012-04-07 13:32:12', '2012-05-07 20:26:18', 0, 1, 0, ''),
(37, '', '', 'sundev@illuminatedpill.com', '$P$BUiXMFF9O19Bwc9JcYe.sNNDJZXGfx/', 'OgCZSbNS', '2012-04-23 19:14:48', '2012-04-23 19:14:48', '2012-05-07 17:48:57', 0, 1, 0, 'some notes here'),
(38, '', '', 'busselle@gmail.com', '$P$BrpV/QOgp/jKk3F51/jmF4zMUNIg8E1', 'OgCZSbNS', '2012-04-24 13:15:48', '2012-04-24 13:15:48', '2012-04-24 17:20:57', 0, 1, 0, ''),
(39, '', '', 'bruce.t.buchanan@gmail.com', '$P$Bfw/KaBueYOmPdfLAFlpA8lc7PP4PW/', 'OgCZSbNS', '2012-04-24 11:00:56', '2012-04-24 11:00:56', '2012-05-28 20:36:57', 0, 1, 0, ''),
(40, '', '', 'dmuren@gmail.com', '$P$BB8HNsIH2ar99uPob6XHBEVeEzLmlc1', 'OgCZSbNS', '2012-04-24 11:33:56', '2012-04-24 11:33:56', '2012-04-24 11:38:19', 0, 1, 0, ''),
(41, '', '', 'crankenpace@gmail.com', '$P$BDIJC3QSZyWbCm.vuqybDnqoDiyzqS0', 'OgCZSbNS', '2012-04-25 11:53:12', '2012-04-25 11:53:12', '2012-04-25 12:56:48', 0, 1, 0, ''),
(42, '', '', 'sundev@wikiboulder.com', '$P$Bw661fRHoCPFRMGz5IXodmvOJlpUCs1', 'OgCZSbNS', '2012-04-27 08:34:55', '2012-04-27 08:34:55', '2012-05-07 17:54:45', 0, 1, 0, ''),
(43, '', '', 'sundev@climbingcollective.com', '$P$BwyS1zkUW.jC2DDaxzxhKqLIoE56kp1', 'OgCZSbNS', '2012-04-27 08:38:15', '2012-04-27 08:38:15', '2012-04-27 08:42:47', 0, 1, 0, ''),
(44, '', '', 'info@wikiboulder.com', '$P$BOXVw6YVsKyETcfyeMSCLRQuxu5.9n.', 'OgCZSbNS', '2012-04-27 16:19:59', '2012-04-27 16:19:59', '2012-04-27 16:24:32', 0, 1, 0, ''),
(45, '', '', 'jerrichou@gmail.com', '$P$BEHPJFAUwlFCOSF0a0VKVI6m3JU0u90', 'OgCZSbNS', '2012-04-29 13:28:51', '2012-04-29 13:28:51', '0000-00-00 00:00:00', 0, 1, 0, ''),
(46, '', '', 'ken.anderson@intel.com', '$P$Bc.cr7nZL1AaZ5dKIEpKzn2JeR8Qn./', 'OgCZSbNS', '2012-04-29 19:00:38', '2012-04-29 19:00:38', '2012-05-04 17:00:20', 0, 1, 0, ''),
(47, '', '', 'erik@zungu.com', '$P$BxBTkSisCtyAkAD3zgjX9FFbTm7.aU0', 'OgCZSbNS', '2012-04-30 04:01:10', '2012-04-30 04:01:10', '0000-00-00 00:00:00', 0, 1, 0, ''),
(48, '', '', 'tony.salvador@intel.com', '$P$Bs5Lvp/qFkylOMUTd88ic3BcIJlNgV/', 'OgCZSbNS', '2012-04-30 07:00:49', '2012-04-30 07:00:49', '2012-05-04 07:43:06', 0, 1, 0, ''),
(49, '', '', 'j@juliettepowell.com', '$P$BOOAg4e0iNhT6uTNg3JjhtfNG2Uj0o.', 'OgCZSbNS', '2012-04-30 12:56:20', '2012-04-30 12:56:20', '2012-04-30 13:01:01', 0, 1, 0, ''),
(50, '', '', 'ricky@rickyfishman.com', '$P$BzcPUi5i4zH1mFWasNyM.vklFos40e/', 'OgCZSbNS', '2012-04-30 14:23:14', '2012-04-30 14:23:14', '2012-05-08 21:38:02', 0, 1, 0, ''),
(51, '', '', 'chindy@lwpca.net', '$P$Bi06edns6ui.oieCI8oNxNXrPUkwuD1', 'OgCZSbNS', '2012-04-30 14:28:46', '2012-04-30 14:28:46', '2012-05-05 18:42:45', 0, 1, 0, ''),
(52, '', '', 'esc@mac.com', '$P$BoeRd1Xhy0qLA63GVgb2aJOuE0uvOi/', 'OgCZSbNS', '2012-04-30 14:44:34', '2012-04-30 14:44:34', '2012-05-02 04:02:17', 0, 1, 0, ''),
(53, '', '', 'rita.h.wouhaybi@intel.com', '$P$BK/LmAth5JQmOyCN4r1usZZWjQjCb71', 'OgCZSbNS', '2012-05-01 10:33:30', '2012-05-01 10:33:30', '2012-05-07 11:49:47', 0, 1, 0, ''),
(54, '', '', 'brandon.barnett@intel.com', '$P$BmmwVN7R2WHVr90WWdRheU4MMjpNky0', 'OgCZSbNS', '2012-05-01 11:13:49', '2012-05-01 11:13:49', '2012-05-06 12:04:08', 0, 1, 0, ''),
(55, '', '', 'muki.hansteen-izora@intel.com', '$P$BqOqeNNpOQuIago2S2AAYks92kSs61.', 'OgCZSbNS', '2012-05-01 11:15:43', '2012-05-01 11:15:43', '2012-05-09 19:30:08', 0, 1, 0, ''),
(56, '', '', 'ishanshapiro@gmail.com', '$P$BZ5xsp/.OSnkOMyE7w0aViRzRX/tum1', 'OgCZSbNS', '2012-05-01 11:52:39', '2012-05-01 11:52:39', '0000-00-00 00:00:00', 0, 1, 0, ''),
(57, '', '', 'califo@gmail.com', '$P$BKykEOECUeWGdt.jhRRn3EFEuod3Je1', 'OgCZSbNS', '2012-05-02 14:26:15', '2012-05-02 14:26:15', '0000-00-00 00:00:00', 0, 1, 0, ''),
(58, '', '', 'suzanne.l.thomas@intel.com', '$P$BCbzUwBqQiNvd.4sH90f.PyAU5qEpu1', 'OgCZSbNS', '2012-05-03 10:02:26', '2012-05-03 10:02:26', '2012-05-07 14:37:11', 0, 1, 0, ''),
(59, '', '', 'maria.bezaitis@intel.com', '$P$BUodB3WhylB2oMJnRJx9RKt4wn.5lP.', 'OgCZSbNS', '2012-05-03 19:02:46', '2012-05-03 19:02:46', '2012-05-04 13:44:57', 0, 1, 0, ''),
(60, '', '', 'kathi.r.kitner@intel.com', '$P$B7fQtVpwAYTlOTKUBiAJPPKD74ghPK1', 'OgCZSbNS', '2012-05-03 19:38:35', '2012-05-03 19:38:35', '2012-05-07 13:16:25', 0, 1, 0, 'I think that for vibrant data to vibrant at all, one needs decent wireless and broadband connectivity.  So most of these factors are influenced strongly by the amount and quality of the bandwith - as bandwith and speed and ease of connecting INCREASE, so do all the other things, almost.\n\nAny of this things like people being able to do more because of more bandwith are mostly one way relationships.  but I suppose that people could, as a result of have more access to data, clamor for more and more bandwith.'),
(61, '', '', 'me@kasiamolga.net', '$P$BTyFTA5MCAEAUw8s469Ct9r4pztYvI0', 'OgCZSbNS', '2012-05-03 20:09:12', '2012-05-03 20:09:12', '2012-05-10 14:31:04', 0, 1, 0, ''),
(62, '', '', 'amy@healthsterling.com', '$P$BpJPdi5dZn6ht36OP/d8hrC8ugbZIf/', 'OgCZSbNS', '2012-05-04 11:56:14', '2012-05-04 11:56:14', '0000-00-00 00:00:00', 0, 1, 0, ''),
(63, '', '', 'stuart@convo.org', '$P$Bl/0jKZRKcuYcUXa4r1GNIXccMlpqk0', 'OgCZSbNS', '2012-05-04 16:50:09', '2012-05-04 16:50:09', '0000-00-00 00:00:00', 0, 1, 0, ''),
(64, '', '', 'thomasalisi@gmail.com', '$P$BlKLIvTBcZH1GOFU1uGfzHNdR.G3wQ.', 'OgCZSbNS', '2012-05-05 00:44:32', '2012-05-05 00:44:32', '2012-05-08 15:45:02', 0, 1, 0, ''),
(65, '', '', 'dvdan@dvlabs.com', '$P$B0JBbjXUzojNksxg3Cb7Kb6ooy845h1', 'OgCZSbNS', '2012-05-05 11:50:21', '2012-05-05 11:50:21', '2012-05-05 11:55:15', 0, 1, 0, ''),
(66, '', '', 'p.vanderauwera@gmail.com', '$P$B/jfFzoruX0nVtHfTKjBv.MIp7/yKK.', 'OgCZSbNS', '2012-05-06 18:40:24', '2012-05-06 18:40:24', '0000-00-00 00:00:00', 0, 1, 0, ''),
(67, '', '', 'mobitinker@gmail.com', '$P$BnsLNHTqhQKDhAOsgNJymLU.YXFPo61', 'OgCZSbNS', '2012-05-06 18:40:41', '2012-05-06 18:40:41', '2012-05-07 19:29:11', 0, 1, 0, 'Comparing results between countries like China and US would be crazy interesting.'),
(68, '', '', 'jerry@sociate.com', '$P$B.o8lBgPQIwMMM7CaCsdSBy.gRsI141', 'OgCZSbNS', '2012-05-06 18:43:56', '2012-05-06 18:43:56', '0000-00-00 00:00:00', 0, 1, 0, ''),
(69, '', '', 'Brian@TomorrowsEnterprises.com', '$P$BkxsyYcBD0aBglY/vlngCPu45JlBkf/', 'OgCZSbNS', '2012-05-07 03:19:55', '2012-05-07 03:19:55', '0000-00-00 00:00:00', 0, 1, 0, ''),
(70, '', '', 'noizivy@gmail.com', '$P$BZXMS73qbE/dORQYfvdZGR/K3mySth.', 'OgCZSbNS', '2012-05-07 07:47:09', '2012-05-07 07:47:09', '2012-05-09 10:23:00', 0, 1, 0, ''),
(71, '', '', 'jose.sia@intel.com', '$P$B/gY93zypd1.iGaFIbFXuQcCEvb/St.', 'OgCZSbNS', '2012-05-07 08:07:11', '2012-05-07 08:07:11', '2012-05-08 20:50:07', 0, 1, 0, ''),
(72, '', '', 'scott@innatestrategies.com', '$P$B2G58Wt3YomH1jPUFUN7y2zsiaugSL/', 'OgCZSbNS', '2012-05-07 13:46:48', '2012-05-07 13:46:48', '2012-05-07 17:52:30', 0, 1, 0, ''),
(73, '', '', 'jernst@cldstr.com', '$P$BOCDXTbf8YIkk6Y1HO64g.sfPpUM/s/', 'OgCZSbNS', '2012-05-07 16:15:14', '2012-05-07 16:15:14', '0000-00-00 00:00:00', 0, 1, 0, ''),
(74, '', '', 'rob@gli.ph', '$P$B7DTnlKzSJHTZbyDFQkAsiP2Qn9RVI.', 'OgCZSbNS', '2012-05-08 06:48:30', '2012-05-08 06:48:30', '0000-00-00 00:00:00', 0, 1, 0, ''),
(75, '', '', 'bryan@witness.org', '$P$B66PhDPc/plVybO8iBnTgF7zvHKkma0', 'OgCZSbNS', '2012-05-08 12:46:44', '2012-05-08 12:46:44', '0000-00-00 00:00:00', 0, 1, 0, ''),
(76, '', '', 'jeff.fajans@gmail.com', '$P$BWpEUzdlwjF0F1yR2DUNCbQQ4vFSsg/', 'OgCZSbNS', '2012-05-08 23:03:40', '2012-05-08 23:03:40', '0000-00-00 00:00:00', 0, 1, 0, ''),
(77, '', '', 'stowe.boyd@gmail.com', '$P$BNjSMyPoIWjZsW4BA69/UY4oTmnoIa.', 'OgCZSbNS', '2012-05-09 05:16:21', '2012-05-09 05:16:21', '0000-00-00 00:00:00', 0, 1, 0, ''),
(78, '', '', 'julie@translatingnature.org', '$P$B8Qk1ijAm4jHGkrkFFQH1o4rB4qS040', 'OgCZSbNS', '2012-05-09 08:28:52', '2012-05-09 08:28:52', '2012-05-09 11:25:44', 0, 1, 0, ''),
(79, '', '', 'bryan.j.connor@gmail.com', '$P$B.OKAQUuEjtgaJgQE5LR8GXKKfaoSk.', 'OgCZSbNS', '2012-05-10 19:31:56', '2012-05-10 19:31:56', '2012-05-17 14:37:06', 0, 1, 0, ''),
(80, '', '', 'Scott.teesdale@gmail.com', '$P$BgqPjw6KPtuDfw8odu8rtIrW.4Rarx.', 'OgCZSbNS', '2012-05-17 22:03:18', '2012-05-17 22:03:18', '0000-00-00 00:00:00', 0, 1, 0, ''),
(81, '', '', 'rand.fitzpatrick@gmail.com', '$P$BPlzNEj6LTCvPwsSi4rv5159yw8TI80', 'OgCZSbNS', '2012-06-06 20:31:42', '2012-06-06 20:31:42', '0000-00-00 00:00:00', 0, 1, 0, ''),
(82, '', '', 'skjonas@gmail.com', '$P$BILEjaUo5ZkIhlt7fWZ8lkKJtOuNJI0', 'OgCZSbNS', '2012-06-14 06:44:40', '2012-06-14 06:44:40', '2012-06-14 06:44:40', 0, 1, 0, ''),
(83, '', '', 'hi@brennannovak.com', '$P$Bite0N2CJ.U8mVymCuSL.NRi0MmhKa1', 'OgCZSbNS', '2012-06-14 15:18:51', '2012-06-14 15:18:51', '0000-00-00 00:00:00', 0, 1, 0, ''),
(84, '', '', 'dms@mills-scofield.com', '$P$B2rCCt5KS2TM1xmOWCaV8G5ifdNU7o0', 'OgCZSbNS', '2012-06-15 07:54:33', '2012-06-15 07:54:33', '0000-00-00 00:00:00', 0, 1, 0, ''),
(85, '', '', 'andhu@mooinc.com', '$P$BsaasckeLrmLpJUNUrPDOLVdxsUome0', 'OgCZSbNS', '2012-06-22 23:31:15', '2012-06-22 23:31:15', '2012-06-22 23:31:15', 0, 1, 0, ''),
(86, '', '', 'awadhwa@gmail.com', '$P$BgLUQSJNBx.D1sN5Z3N2rIzDurmeJL1', 'OgCZSbNS', '2012-06-23 05:31:47', '2012-06-23 05:31:47', '0000-00-00 00:00:00', 0, 1, 0, ''),
(87, '', '', 'opyate@gmail.com', '$P$BxmhY1E4qyG.aTNZ8BrzlzckmZDrfY.', 'OgCZSbNS', '2012-06-25 14:30:01', '2012-06-25 14:30:01', '0000-00-00 00:00:00', 0, 1, 0, ''),
(88, '', '', 'rburnett@ecuad.ca', '$P$B7KKUq6NtH5h.VuH6DdH8fP26Wqttt/', 'OgCZSbNS', '2012-06-25 21:39:53', '2012-06-25 21:39:53', '0000-00-00 00:00:00', 0, 1, 0, ''),
(89, '', '', 'rhoath@gmail.com', '$P$BLPJASPj6KMlVDRMPepWuji/72yAzk0', 'OgCZSbNS', '2012-06-26 16:27:56', '2012-06-26 16:27:56', '0000-00-00 00:00:00', 0, 1, 0, ''),
(90, '', '', 'heikki.sairanen@gmail.com', '$P$BvfmiaF.LI8.xuG9az96TRcVpUGC32/', 'OgCZSbNS', '2012-06-28 06:41:40', '2012-06-28 06:41:40', '2012-06-28 06:41:45', 0, 1, 0, ''),
(91, '', '', 'ana@anagoelzer.com', '$P$BfvuOwDLKjICavQM/88PWlixzqWexH/', 'OgCZSbNS', '2012-06-29 08:12:17', '2012-06-29 08:12:17', '0000-00-00 00:00:00', 0, 1, 0, ''),
(92, '', '', 'jenny.zoe.casey@gmail.com', '$P$Bi/BvCx7qUSW0EThpBJ0z9DD.17A2O/', 'OgCZSbNS', '2012-06-29 15:56:54', '2012-06-29 15:56:54', '2012-07-29 08:37:24', 0, 1, 0, ''),
(93, '', '', 'amadsen@gmail.com', '$P$Bzojt.lZPBONn3ys4d2VkquzhBwuKu.', 'OgCZSbNS', '2012-07-01 07:50:19', '2012-07-01 07:50:19', '0000-00-00 00:00:00', 0, 1, 0, ''),
(94, '', '', 'markus.sabadello@gmail.com', '$P$ByiIQ2qC65EEjTWTP9hO4WcaJePZMu0', 'OgCZSbNS', '2012-07-02 09:05:40', '2012-07-02 09:05:40', '0000-00-00 00:00:00', 0, 1, 0, ''),
(95, '', '', 'daniel.pedraza@me.com', '$P$Bu/MwOfynEhH6qsUwFBwam31o6G1i0.', 'OgCZSbNS', '2012-07-03 00:35:16', '2012-07-03 00:35:16', '2012-07-03 20:11:49', 0, 1, 0, ''),
(96, '', '', 'joyclee@umich.edu', '$P$B8u4wVxsncKuKc..Tcm164V1e1GNua/', 'OgCZSbNS', '2012-07-03 20:10:29', '2012-07-03 20:10:29', '0000-00-00 00:00:00', 0, 1, 0, ''),
(97, '', '', 'leadersteam@rediffmail.com', '$P$B7uR0S0KTEAuN1rOySj3oDqOuHeavV/', 'OgCZSbNS', '2012-07-23 08:11:04', '2012-07-23 08:11:04', '2012-07-23 08:14:03', 0, 1, 0, ''),
(98, '', '', 'dplansky@gmail.com', '$P$BIYzYXNNuxMnzzDnWqZEZZwVIVsRoT.', 'OgCZSbNS', '2012-08-03 20:41:12', '2012-08-03 20:41:12', '2012-08-26 15:44:06', 0, 1, 0, ''),
(99, '', '', 'rebeccalawson@cox.net', '$P$Be68thAqXT052Y147MFVsBa6frCpwF1', 'OgCZSbNS', '2012-08-11 18:14:17', '2012-08-11 18:14:17', '0000-00-00 00:00:00', 0, 1, 0, ''),
(100, '', '', 'captain@concentron.com', '$P$BO09lFs11lL70WWvsnxeSiTVstyN7M/', 'OgCZSbNS', '2012-08-18 17:50:16', '2012-08-18 17:50:16', '2012-08-18 19:24:35', 0, 1, 0, ''),
(101, '', '', 'john.j.light@intel.com', '$P$BCyRNxyOtCJ3Aq0R4heR/bU8rxFkMK1', 'OgCZSbNS', '2012-08-29 14:29:10', '2012-08-29 14:29:10', '2012-08-29 14:30:31', 0, 1, 0, ''),
(102, '', '', 'michele.battle-fisher@wright.edu', '$P$BjWTJiqZaAV4CXEErDL8KasoLPCil1.', 'OgCZSbNS', '2012-09-06 07:54:28', '2012-09-06 07:54:28', '2012-09-06 07:54:28', 0, 1, 0, 'joined 10/2012\nDERIVED USES #3- degree to which participants have a shared problem (building community to increase collaboration)\nACT/ COLLABORATE #41- proportion of the population motivated by social rewards\nACT/COLLABORATE # 53- ability to collaboratively co-create\n#25 increased human health and wellness'),
(103, '', '', 'lopez.consu@gmail.com', '$P$BCpY6bTk1BLic.d40gfzkMQRqV74Ga0', 'OgCZSbNS', '2012-09-08 15:55:17', '2012-09-08 15:55:17', '0000-00-00 00:00:00', 0, 1, 0, ''),
(104, '', '', 'tim@practicalparticipation.co.uk', '$P$BbGUddcgGMU4nfY1e2md51gb7kdBrG0', 'OgCZSbNS', '2012-09-30 07:48:41', '2012-09-30 07:48:41', '0000-00-00 00:00:00', 0, 1, 0, ''),
(105, '', '', 'apanigab@gmail.com', '$P$BGm6ua4BzvRNT03IIoKA6J3i7Jx2dh/', 'OgCZSbNS', '2012-09-30 10:48:21', '2012-09-30 10:48:21', '0000-00-00 00:00:00', 0, 1, 0, ''),
(106, '', '', 'pratham.parekh@gamil.com', '$P$BA5tVfDsj3i93z6mIyHhh/T3Vdpvvp0', 'OgCZSbNS', '2012-10-01 00:07:36', '2012-10-01 00:07:36', '0000-00-00 00:00:00', 0, 1, 0, ''),
(107, '', '', 'peter@sierraexperience.org', '$P$Bg993UVrJMVPnWbTVPsIXqro0mHyUq1', 'OgCZSbNS', '2012-10-01 07:26:29', '2012-10-01 07:26:29', '0000-00-00 00:00:00', 0, 1, 0, ''),
(108, '', '', 'joachim@keim.nu', '$P$BUHFx.OZILvFzvJHXtPWkBbToljHVy/', 'OgCZSbNS', '2012-10-04 11:01:17', '2012-10-04 11:01:17', '0000-00-00 00:00:00', 0, 1, 0, ''),
(109, '', '', 'iota.kodali@gmail.com', '$P$BtihPpgpEQzqao5Tkq6dVtU2VOvH/c.', 'OgCZSbNS', '2012-10-05 03:08:58', '2012-10-05 03:08:58', '2012-10-05 03:08:58', 0, 1, 0, ''),
(110, '', '', 'dbooth@comscore.com', '$P$BSs1bmPR7jlgoaPs/I2sxfyibNbUF5.', 'OgCZSbNS', '2012-10-05 13:36:43', '2012-10-05 13:36:43', '0000-00-00 00:00:00', 0, 1, 0, ''),
(111, '', '', 'deborah.cowell@gmail.com', '$P$B1XGOasHEef7spoMtbcrt7eiWf1lfr1', 'OgCZSbNS', '2012-10-16 16:41:36', '2012-10-16 16:41:36', '2012-10-17 10:15:39', 0, 1, 0, ''),
(112, '', '', 'william.hoffman@att.net', '$P$By4UC8UkO351kC68KHbuqS0NFJZKET/', 'OgCZSbNS', '2012-11-05 17:17:17', '2012-11-05 17:17:17', '2013-01-08 11:56:37', 0, 1, 0, ''),
(113, '', '', 'sldavid@uw.edu', '$P$BXwdl8///8FDfmwbJHCyxgVo6WIISK1', 'OgCZSbNS', '2012-11-06 00:04:23', '2012-11-06 00:04:23', '0000-00-00 00:00:00', 0, 1, 0, ''),
(114, '', '', 'stefan.hall@weforum.org', '$P$BbWbYEK7OPzJVZP2O/Oni/L4E5irrN0', 'OgCZSbNS', '2012-11-06 00:18:30', '2012-11-06 00:18:30', '0000-00-00 00:00:00', 0, 1, 0, ''),
(115, '', '', 'doh@weforum.org', '$P$BgVB1GgMbj35694ZfONLFZxFkRaaUR.', 'OgCZSbNS', '2012-11-06 06:32:58', '2012-11-06 06:32:58', '0000-00-00 00:00:00', 0, 1, 0, ''),
(116, '', '', 'smer@weforum.org', '$P$BzYrlSJPEcHuWhUR1ndfRohM/Svrah.', 'OgCZSbNS', '2012-11-06 06:38:54', '2012-11-06 06:38:54', '0000-00-00 00:00:00', 0, 1, 0, ''),
(117, '', '', 'jgrant@nist.gov', '$P$BbEGCxzb1pPYQlQy/JCQ8cLsG6BN8i1', 'OgCZSbNS', '2012-12-11 09:04:35', '2012-12-11 09:04:35', '2012-12-14 12:24:08', 0, 1, 0, ''),
(118, '', '', 'Steven_Sloman@brown.edu', '$P$By.h4vi6soBeImChBRywscBy/QTBNO0', 'OgCZSbNS', '2012-12-19 06:42:42', '2012-12-19 06:42:42', '0000-00-00 00:00:00', 0, 1, 0, ''),
(119, '', '', 'catarina@openmaterials.org', '$P$BXBGoG8382Vw58/XhDfBZSQ3CtiSf4.', 'OgCZSbNS', '2012-12-27 14:00:03', '2012-12-27 14:00:03', '0000-00-00 00:00:00', 0, 1, 0, '');

-- --------------------------------------------------------

--
-- Table structure for table `usersChosenFromNodes`
--

CREATE TABLE `usersChosenFromNodes` (
  `id` int(11) NOT NULL AUTO_INCREMENT,
  `userId` int(11) NOT NULL,
  `projectId` int(11) NOT NULL,
  `nodeId` int(11) NOT NULL,
  `isDone` tinyint(1) NOT NULL,
  `isBegun` tinyint(1) NOT NULL,
  PRIMARY KEY (`id`),
  KEY `projectId` (`projectId`)
) ENGINE=InnoDB  DEFAULT CHARSET=utf8 AUTO_INCREMENT=600 ;

--
-- Dumping data for table `usersChosenFromNodes`
--

INSERT INTO `usersChosenFromNodes` (`id`, `userId`, `projectId`, `nodeId`, `isDone`, `isBegun`) VALUES
(1, 42, 8, 81, 0, 0),
(2, 42, 8, 107, 0, 0),
(3, 42, 8, 108, 0, 0),
(4, 42, 8, 120, 0, 0),
(5, 21, 8, 99, 0, 1),
(6, 21, 8, 101, 0, 1),
(7, 21, 8, 102, 0, 0),
(8, 21, 8, 104, 0, 0),
(9, 21, 8, 122, 0, 0),
(10, 21, 8, 133, 0, 0),
(11, 21, 8, 146, 0, 0),
(12, 21, 8, 156, 0, 0),
(13, 21, 8, 205, 0, 0),
(14, 21, 8, 244, 0, 0),
(16, 47, 8, 90, 0, 0),
(17, 47, 8, 132, 1, 1),
(18, 47, 8, 161, 0, 0),
(19, 47, 8, 162, 0, 0),
(20, 47, 8, 172, 0, 0),
(21, 47, 8, 174, 0, 0),
(22, 47, 8, 211, 0, 0),
(23, 47, 8, 214, 0, 0),
(24, 47, 8, 248, 0, 0),
(25, 47, 8, 146, 0, 0),
(26, 22, 8, 123, 0, 1),
(27, 22, 8, 138, 0, 0),
(28, 22, 8, 159, 0, 0),
(29, 22, 8, 166, 0, 0),
(30, 22, 8, 190, 0, 0),
(31, 22, 8, 214, 0, 0),
(32, 22, 8, 221, 0, 0),
(33, 22, 8, 233, 0, 0),
(34, 22, 8, 101, 0, 0),
(35, 22, 8, 205, 0, 0),
(36, 48, 8, 163, 1, 1),
(37, 48, 8, 191, 1, 1),
(38, 48, 8, 209, 1, 1),
(39, 48, 8, 213, 1, 1),
(40, 48, 8, 218, 1, 1),
(41, 48, 8, 232, 1, 1),
(42, 48, 8, 242, 1, 1),
(43, 48, 8, 107, 1, 1),
(44, 48, 8, 108, 1, 1),
(45, 48, 8, 166, 1, 1),
(46, 48, 8, 174, 1, 1),
(47, 48, 8, 211, 1, 1),
(48, 49, 8, 96, 0, 1),
(49, 49, 8, 188, 0, 0),
(50, 49, 8, 239, 0, 0),
(51, 49, 8, 159, 0, 0),
(52, 49, 8, 205, 0, 0),
(53, 53, 8, 203, 1, 1),
(54, 53, 8, 149, 1, 1),
(55, 53, 8, 193, 1, 1),
(56, 53, 8, 246, 1, 1),
(57, 53, 8, 252, 1, 1),
(58, 53, 8, 254, 1, 1),
(59, 53, 8, 156, 1, 1),
(60, 53, 8, 161, 1, 1),
(61, 53, 8, 190, 1, 1),
(62, 53, 8, 146, 1, 1),
(63, 53, 8, 142, 1, 1),
(64, 53, 8, 253, 1, 1),
(65, 50, 8, 134, 1, 0),
(66, 50, 8, 175, 0, 0),
(69, 50, 8, 229, 0, 1),
(70, 50, 8, 243, 0, 0),
(72, 50, 8, 102, 0, 0),
(76, 50, 8, 86, 0, 0),
(77, 54, 8, 184, 1, 1),
(78, 54, 8, 189, 1, 1),
(79, 54, 8, 192, 1, 1),
(80, 54, 8, 200, 1, 1),
(81, 54, 8, 219, 1, 1),
(82, 54, 8, 249, 1, 1),
(83, 54, 8, 175, 1, 1),
(84, 54, 8, 188, 1, 1),
(85, 54, 8, 213, 1, 1),
(86, 54, 8, 229, 1, 1),
(87, 54, 8, 156, 1, 1),
(88, 54, 8, 174, 1, 1),
(89, 52, 8, 144, 1, 1),
(90, 52, 8, 167, 1, 1),
(91, 52, 8, 169, 1, 1),
(92, 52, 8, 173, 1, 1),
(93, 52, 8, 197, 1, 1),
(94, 52, 8, 208, 1, 1),
(95, 52, 8, 191, 1, 1),
(96, 52, 8, 209, 1, 1),
(97, 52, 8, 218, 1, 1),
(98, 52, 8, 242, 1, 1),
(102, 57, 8, 139, 0, 0),
(103, 57, 8, 120, 0, 0),
(104, 57, 8, 138, 0, 0),
(105, 57, 8, 219, 1, 1),
(106, 57, 8, 221, 0, 0),
(107, 57, 8, 244, 0, 0),
(108, 57, 8, 248, 0, 0),
(109, 57, 8, 252, 0, 0),
(110, 57, 8, 159, 0, 0),
(111, 57, 8, 205, 0, 0),
(112, 37, 8, 185, 0, 0),
(113, 37, 8, 81, 0, 0),
(115, 58, 8, 131, 1, 1),
(116, 58, 8, 148, 1, 1),
(117, 58, 8, 210, 1, 1),
(118, 58, 8, 133, 1, 1),
(119, 58, 8, 162, 1, 1),
(120, 58, 8, 184, 1, 1),
(121, 58, 8, 232, 1, 1),
(122, 58, 8, 175, 1, 1),
(123, 58, 8, 242, 1, 1),
(124, 58, 8, 244, 1, 1),
(125, 58, 8, 102, 1, 1),
(126, 58, 8, 186, 1, 1),
(127, 58, 8, 123, 1, 1),
(128, 34, 8, 85, 1, 1),
(129, 34, 8, 181, 1, 1),
(130, 34, 8, 230, 1, 1),
(131, 34, 8, 241, 1, 1),
(132, 34, 8, 250, 1, 1),
(133, 34, 8, 86, 1, 1),
(134, 34, 8, 104, 1, 1),
(135, 34, 8, 169, 1, 1),
(136, 34, 8, 227, 1, 1),
(137, 34, 8, 138, 1, 1),
(138, 34, 8, 191, 1, 1),
(139, 34, 8, 209, 1, 1),
(140, 59, 8, 246, 1, 1),
(141, 59, 8, 111, 1, 1),
(142, 59, 8, 85, 1, 1),
(143, 59, 8, 132, 1, 1),
(144, 59, 8, 163, 1, 1),
(145, 59, 8, 200, 1, 1),
(146, 59, 8, 241, 1, 1),
(147, 59, 8, 107, 1, 1),
(148, 59, 8, 108, 1, 1),
(149, 59, 8, 197, 1, 1),
(150, 61, 8, 230, 0, 1),
(151, 61, 8, 253, 0, 1),
(152, 61, 8, 254, 0, 1),
(153, 61, 8, 120, 0, 1),
(154, 21, 8, 111, 0, 0),
(155, 30, 8, 121, 1, 1),
(156, 30, 8, 176, 1, 1),
(157, 30, 8, 223, 1, 1),
(158, 30, 8, 236, 1, 1),
(159, 30, 8, 172, 1, 1),
(160, 30, 8, 203, 1, 1),
(161, 30, 8, 233, 1, 1),
(162, 30, 8, 132, 1, 1),
(163, 30, 8, 221, 1, 1),
(164, 30, 8, 248, 1, 1),
(165, 30, 8, 120, 1, 1),
(166, 30, 8, 156, 1, 1),
(167, 60, 8, 239, 1, 1),
(168, 46, 8, 81, 1, 1),
(169, 63, 8, 173, 0, 1),
(170, 63, 8, 188, 0, 0),
(171, 63, 8, 246, 0, 0),
(172, 63, 8, 205, 0, 0),
(173, 64, 8, 195, 1, 1),
(174, 64, 8, 139, 1, 1),
(175, 64, 8, 142, 1, 1),
(176, 64, 8, 148, 1, 1),
(181, 64, 8, 107, 1, 1),
(182, 64, 8, 108, 1, 1),
(187, 46, 8, 122, 1, 1),
(188, 46, 8, 144, 1, 1),
(189, 46, 8, 167, 1, 1),
(190, 46, 8, 208, 1, 1),
(191, 46, 8, 139, 1, 1),
(192, 46, 8, 173, 1, 1),
(193, 46, 8, 146, 1, 1),
(194, 46, 8, 159, 1, 1),
(195, 46, 8, 214, 1, 1),
(196, 46, 8, 239, 1, 1),
(197, 46, 8, 120, 1, 1),
(198, 65, 8, 122, 0, 0),
(199, 65, 8, 139, 0, 0),
(200, 65, 8, 173, 0, 0),
(201, 65, 8, 244, 0, 0),
(202, 65, 8, 246, 0, 0),
(203, 65, 8, 239, 0, 0),
(204, 1, 8, 96, 0, 1),
(205, 51, 8, 192, 0, 1),
(206, 51, 8, 250, 0, 1),
(207, 51, 8, 162, 0, 1),
(208, 51, 8, 208, 0, 0),
(209, 51, 8, 138, 0, 0),
(210, 51, 8, 209, 0, 0),
(211, 51, 8, 242, 0, 0),
(212, 51, 8, 139, 0, 0),
(213, 51, 8, 156, 0, 0),
(214, 51, 8, 197, 0, 0),
(216, 69, 8, 121, 0, 1),
(217, 69, 8, 149, 0, 0),
(218, 69, 8, 210, 0, 0),
(219, 69, 8, 104, 0, 0),
(220, 69, 8, 142, 0, 0),
(221, 69, 8, 81, 0, 0),
(222, 69, 8, 122, 0, 0),
(223, 69, 8, 253, 0, 0),
(224, 69, 8, 146, 0, 0),
(225, 69, 8, 246, 0, 0),
(226, 71, 8, 247, 1, 1),
(227, 71, 8, 251, 1, 1),
(228, 71, 8, 243, 1, 1),
(229, 71, 8, 96, 1, 1),
(230, 71, 8, 111, 1, 1),
(231, 71, 8, 188, 1, 1),
(232, 71, 8, 173, 1, 1),
(233, 71, 8, 139, 1, 1),
(234, 71, 8, 205, 1, 1),
(235, 71, 8, 239, 0, 1),
(236, 71, 8, 246, 1, 1),
(237, 71, 8, 120, 1, 1),
(238, 21, 8, 90, 0, 1),
(239, 21, 8, 131, 0, 0),
(240, 60, 8, 218, 0, 0),
(241, 60, 8, 191, 0, 0),
(242, 60, 8, 146, 0, 0),
(243, 72, 8, 245, 1, 1),
(244, 72, 8, 185, 1, 1),
(245, 72, 8, 251, 0, 0),
(246, 72, 8, 166, 0, 0),
(247, 72, 8, 200, 1, 1),
(248, 72, 8, 211, 0, 0),
(249, 72, 8, 219, 0, 0),
(250, 72, 8, 162, 0, 0),
(251, 72, 8, 163, 0, 0),
(252, 72, 8, 213, 0, 1),
(253, 72, 8, 218, 0, 0),
(254, 72, 8, 159, 0, 0),
(255, 72, 8, 146, 0, 0),
(256, 73, 8, 210, 0, 1),
(257, 73, 8, 81, 0, 0),
(258, 73, 8, 193, 0, 1),
(259, 27, 8, 99, 1, 1),
(260, 27, 8, 181, 1, 1),
(261, 27, 8, 144, 1, 1),
(262, 27, 8, 149, 1, 1),
(263, 27, 8, 138, 1, 1),
(264, 27, 8, 174, 1, 1),
(265, 27, 8, 253, 1, 1),
(266, 27, 8, 81, 1, 1),
(267, 27, 8, 197, 1, 1),
(268, 27, 8, 120, 1, 1),
(269, 67, 8, 223, 1, 1),
(270, 67, 8, 181, 1, 1),
(271, 67, 8, 185, 1, 1),
(272, 67, 8, 190, 1, 1),
(273, 67, 8, 241, 1, 1),
(274, 67, 8, 104, 1, 1),
(275, 67, 8, 149, 1, 1),
(276, 67, 8, 210, 1, 1),
(277, 67, 8, 122, 1, 1),
(278, 67, 8, 246, 1, 1),
(279, 70, 8, 247, 1, 1),
(280, 70, 8, 193, 1, 1),
(281, 70, 8, 85, 0, 1),
(282, 70, 8, 121, 0, 1),
(283, 70, 8, 172, 0, 1),
(284, 70, 8, 200, 1, 1),
(285, 70, 8, 233, 0, 1),
(286, 70, 8, 252, 1, 1),
(287, 70, 8, 188, 0, 1),
(288, 70, 8, 246, 1, 1),
(289, 36, 8, 245, 0, 0),
(290, 21, 8, 195, 0, 0),
(291, 21, 8, 236, 0, 0),
(292, 23, 8, 245, 0, 1),
(293, 23, 8, 248, 0, 0),
(294, 23, 8, 200, 0, 0),
(295, 23, 8, 213, 0, 0),
(296, 23, 8, 159, 0, 0),
(297, 23, 8, 81, 0, 0),
(298, 23, 8, 246, 0, 0),
(299, 74, 8, 86, 0, 1),
(300, 74, 8, 195, 0, 0),
(301, 74, 8, 223, 0, 0),
(302, 74, 8, 239, 0, 0),
(303, 74, 8, 81, 0, 1),
(304, 68, 8, 247, 0, 1),
(305, 68, 8, 96, 0, 1),
(306, 68, 8, 81, 0, 0),
(307, 68, 8, 144, 0, 1),
(308, 68, 8, 166, 0, 0),
(309, 68, 8, 169, 0, 0),
(310, 68, 8, 213, 0, 1),
(311, 25, 8, 176, 1, 1),
(312, 25, 8, 189, 1, 1),
(313, 25, 8, 254, 1, 1),
(314, 25, 8, 85, 1, 1),
(315, 25, 8, 86, 1, 1),
(316, 25, 8, 121, 1, 1),
(317, 25, 8, 172, 1, 1),
(318, 25, 8, 200, 1, 1),
(319, 25, 8, 120, 1, 1),
(320, 25, 8, 246, 0, 1),
(321, 26, 8, 192, 0, 1),
(322, 26, 8, 250, 0, 0),
(323, 26, 8, 251, 0, 1),
(324, 26, 8, 211, 0, 0),
(325, 26, 8, 219, 0, 0),
(326, 26, 8, 223, 0, 0),
(327, 26, 8, 233, 0, 0),
(328, 26, 8, 144, 0, 0),
(329, 26, 8, 172, 0, 0),
(330, 26, 8, 81, 0, 0),
(331, 50, 8, 161, 0, 0),
(332, 76, 8, 205, 0, 1),
(333, 76, 8, 208, 1, 1),
(334, 76, 8, 107, 0, 1),
(335, 76, 8, 162, 0, 1),
(336, 76, 8, 166, 0, 1),
(337, 76, 8, 174, 0, 1),
(338, 77, 8, 229, 1, 1),
(339, 77, 8, 192, 1, 1),
(340, 77, 8, 96, 1, 1),
(341, 77, 8, 218, 1, 1),
(342, 77, 8, 107, 1, 1),
(343, 77, 8, 188, 1, 1),
(344, 77, 8, 159, 1, 1),
(345, 77, 8, 200, 1, 1),
(346, 77, 8, 213, 1, 1),
(347, 77, 8, 205, 1, 1),
(348, 78, 8, 111, 0, 1),
(349, 78, 8, 247, 0, 0),
(350, 78, 8, 251, 0, 1),
(351, 78, 8, 96, 0, 0),
(352, 78, 8, 173, 0, 0),
(353, 78, 8, 174, 0, 0),
(354, 78, 8, 188, 0, 0),
(355, 78, 8, 159, 0, 0),
(356, 78, 8, 205, 0, 0),
(357, 78, 8, 81, 0, 0),
(358, 55, 8, 133, 1, 1),
(359, 55, 8, 181, 1, 1),
(360, 55, 8, 185, 1, 1),
(361, 55, 8, 193, 1, 1),
(362, 55, 8, 214, 1, 1),
(363, 55, 8, 245, 1, 1),
(364, 55, 8, 86, 1, 0),
(365, 55, 8, 248, 1, 1),
(366, 55, 8, 197, 1, 1),
(367, 55, 8, 107, 1, 1),
(368, 55, 8, 173, 1, 1),
(369, 55, 8, 205, 1, 1),
(372, 79, 8, 230, 0, 1),
(373, 79, 8, 169, 0, 0),
(374, 79, 8, 241, 0, 0),
(375, 79, 8, 254, 0, 0),
(376, 79, 8, 104, 0, 0),
(377, 79, 8, 149, 0, 0),
(378, 79, 8, 246, 0, 0),
(379, 80, 8, 189, 0, 0),
(380, 80, 8, 175, 0, 0),
(381, 80, 8, 185, 0, 0),
(382, 80, 8, 192, 0, 0),
(383, 80, 8, 193, 0, 0),
(384, 80, 8, 219, 0, 0),
(385, 80, 8, 107, 0, 0),
(386, 80, 8, 200, 0, 0),
(387, 80, 8, 205, 0, 0),
(390, 39, 8, 99, 1, 1),
(391, 39, 8, 132, 1, 1),
(392, 39, 8, 195, 1, 1),
(393, 39, 8, 191, 0, 0),
(394, 39, 8, 208, 0, 0),
(395, 39, 8, 122, 0, 0),
(396, 39, 8, 138, 0, 0),
(397, 39, 8, 218, 0, 0),
(398, 39, 8, 213, 0, 0),
(399, 39, 8, 200, 0, 0),
(420, 1, 9, 260, 0, 1),
(421, 1, 9, 285, 0, 1),
(422, 1, 9, 287, 0, 1),
(423, 83, 8, 249, 0, 1),
(430, 1, 8, 211, 0, 1),
(432, 1, 8, 242, 0, 0),
(440, 87, 8, 131, 0, 0),
(441, 90, 8, 243, 0, 1),
(442, 90, 8, 247, 0, 0),
(443, 91, 8, 184, 0, 0),
(444, 92, 8, 90, 1, 1),
(445, 92, 8, 99, 0, 1),
(446, 92, 8, 142, 0, 1),
(447, 92, 8, 161, 0, 0),
(448, 92, 8, 131, 0, 0),
(449, 92, 8, 104, 0, 0),
(450, 92, 8, 192, 0, 0),
(451, 92, 8, 166, 0, 0),
(452, 92, 8, 191, 0, 0),
(453, 92, 8, 81, 0, 0),
(454, 93, 8, 186, 0, 0),
(455, 93, 8, 102, 0, 0),
(456, 93, 8, 175, 0, 0),
(457, 93, 8, 184, 0, 0),
(458, 93, 8, 242, 0, 0),
(459, 93, 8, 244, 0, 0),
(460, 93, 8, 205, 0, 0),
(461, 93, 8, 81, 0, 1),
(462, 94, 8, 101, 0, 1),
(463, 94, 8, 190, 0, 0),
(464, 94, 8, 102, 0, 0),
(465, 94, 8, 253, 0, 0),
(466, 94, 8, 254, 0, 0),
(467, 94, 8, 184, 0, 0),
(468, 95, 8, 227, 0, 0),
(469, 95, 8, 167, 0, 1),
(470, 95, 8, 107, 0, 0),
(471, 95, 8, 176, 0, 0),
(472, 95, 8, 186, 0, 0),
(473, 95, 8, 90, 0, 0),
(474, 96, 8, 200, 0, 0),
(475, 97, 8, 163, 0, 1),
(476, 97, 8, 169, 0, 0),
(477, 97, 8, 197, 0, 0),
(478, 97, 8, 211, 0, 0),
(479, 97, 8, 122, 0, 0),
(480, 97, 8, 174, 0, 0),
(481, 97, 8, 242, 0, 0),
(482, 97, 8, 146, 0, 0),
(483, 97, 8, 107, 0, 0),
(484, 97, 8, 246, 0, 0),
(485, 98, 8, 236, 0, 0),
(486, 98, 8, 133, 0, 0),
(487, 98, 8, 221, 0, 0),
(488, 98, 8, 230, 0, 0),
(489, 98, 8, 250, 0, 0),
(490, 98, 8, 161, 0, 0),
(491, 98, 8, 167, 0, 0),
(492, 98, 8, 251, 0, 0),
(493, 98, 8, 86, 0, 1),
(494, 98, 8, 175, 0, 0),
(495, 98, 8, 193, 0, 0),
(496, 98, 8, 104, 0, 0),
(497, 98, 8, 144, 0, 0),
(498, 98, 8, 156, 0, 0),
(499, 98, 8, 185, 0, 0),
(500, 98, 8, 211, 0, 0),
(501, 98, 8, 122, 0, 0),
(502, 98, 8, 173, 0, 0),
(503, 98, 8, 120, 0, 0),
(504, 98, 8, 246, 0, 0),
(505, 98, 8, 81, 0, 0),
(506, 100, 8, 229, 1, 0),
(507, 100, 8, 219, 1, 0),
(508, 100, 8, 254, 1, 0),
(509, 100, 8, 86, 1, 0),
(510, 100, 8, 139, 1, 0),
(511, 100, 8, 146, 1, 0),
(512, 100, 8, 159, 1, 0),
(513, 100, 8, 107, 0, 0),
(514, 100, 8, 200, 0, 0),
(515, 100, 8, 246, 0, 0),
(516, 102, 8, 181, 0, 1),
(517, 102, 8, 86, 0, 0),
(518, 102, 8, 200, 0, 0),
(519, 102, 8, 146, 0, 0),
(520, 103, 8, 213, 0, 0),
(521, 103, 8, 242, 0, 0),
(525, 104, 8, 243, 0, 1),
(526, 104, 8, 189, 0, 0),
(527, 104, 8, 195, 0, 0),
(528, 104, 8, 167, 0, 0),
(529, 104, 8, 138, 0, 0),
(530, 104, 8, 169, 0, 0),
(531, 104, 8, 184, 0, 0),
(532, 104, 8, 213, 0, 0),
(533, 104, 8, 242, 0, 0),
(534, 104, 8, 120, 0, 0),
(535, 108, 8, 251, 0, 0),
(536, 108, 8, 227, 0, 0),
(547, 109, 8, 211, 0, 0),
(548, 111, 8, 227, 0, 1),
(549, 111, 8, 142, 0, 0),
(550, 111, 8, 250, 0, 0),
(551, 111, 8, 149, 0, 0),
(552, 111, 8, 247, 0, 0),
(553, 111, 8, 162, 0, 0),
(554, 111, 8, 193, 1, 1),
(555, 111, 8, 218, 0, 0),
(556, 111, 8, 254, 0, 0),
(557, 111, 8, 156, 0, 0),
(558, 111, 8, 81, 0, 0),
(559, 18, 8, 232, 0, 1),
(560, 18, 8, 163, 0, 0),
(561, 18, 8, 108, 0, 0),
(562, 18, 8, 208, 0, 0),
(563, 112, 8, 252, 1, 1),
(564, 112, 8, 85, 0, 1),
(565, 112, 8, 190, 0, 1),
(566, 112, 8, 142, 0, 1),
(567, 112, 8, 149, 0, 0),
(568, 112, 8, 185, 0, 0),
(569, 112, 8, 104, 0, 1),
(570, 112, 8, 156, 0, 0),
(571, 112, 8, 193, 0, 1),
(572, 112, 8, 246, 0, 0),
(573, 114, 8, 214, 0, 0),
(574, 114, 8, 191, 0, 0),
(575, 114, 8, 122, 0, 0),
(576, 114, 8, 146, 0, 0),
(577, 114, 8, 107, 0, 0),
(578, 115, 8, 108, 0, 0),
(579, 115, 8, 239, 0, 0),
(580, 116, 8, 186, 0, 0),
(581, 1, 8, 214, 0, 1),
(582, 1, 8, 232, 0, 1),
(583, 1, 8, 229, 0, 0),
(584, 117, 8, 236, 0, 1),
(585, 117, 8, 132, 0, 0),
(586, 117, 8, 223, 0, 1),
(587, 117, 8, 233, 0, 0),
(588, 117, 8, 172, 0, 0),
(589, 117, 8, 214, 0, 0),
(590, 117, 8, 81, 0, 0),
(596, 119, 8, 167, 0, 0),
(597, 119, 8, 233, 0, 0),
(598, 119, 8, 250, 0, 0),
(599, 21, 8, 213, 0, 0);

-- --------------------------------------------------------

--
-- Table structure for table `usersFromNodes`
--

CREATE TABLE `usersFromNodes` (
  `id` int(11) NOT NULL AUTO_INCREMENT,
  `userId` int(11) NOT NULL,
  `nodeId` int(11) NOT NULL,
  `projectId` int(11) NOT NULL,
  PRIMARY KEY (`id`),
  KEY `projectId` (`projectId`)
) ENGINE=InnoDB  DEFAULT CHARSET=utf8 AUTO_INCREMENT=304 ;

--
-- Dumping data for table `usersFromNodes`
--

INSERT INTO `usersFromNodes` (`id`, `userId`, `nodeId`, `projectId`) VALUES
(1, 18, 81, 8),
(2, 20, 85, 8),
(3, 21, 86, 8),
(4, 22, 90, 8),
(5, 23, 96, 8),
(6, 24, 99, 8),
(7, 25, 101, 8),
(8, 26, 102, 8),
(9, 27, 104, 8),
(10, 28, 107, 8),
(11, 29, 108, 8),
(12, 30, 111, 8),
(13, 31, 120, 8),
(14, 32, 121, 8),
(15, 33, 122, 8),
(16, 34, 123, 8),
(17, 35, 131, 8),
(18, 36, 132, 8),
(19, 37, 133, 8),
(20, 38, 134, 8),
(21, 39, 138, 8),
(22, 40, 139, 8),
(23, 41, 142, 8),
(24, 42, 144, 8),
(25, 43, 146, 8),
(26, 44, 148, 8),
(27, 45, 149, 8),
(28, 46, 156, 8),
(29, 47, 159, 8),
(30, 48, 161, 8),
(31, 49, 162, 8),
(32, 50, 163, 8),
(33, 51, 166, 8),
(34, 52, 167, 8),
(35, 53, 169, 8),
(36, 54, 172, 8),
(37, 55, 173, 8),
(38, 56, 174, 8),
(39, 57, 175, 8),
(40, 58, 176, 8),
(41, 59, 181, 8),
(42, 60, 184, 8),
(43, 61, 185, 8),
(44, 62, 186, 8),
(45, 63, 188, 8),
(46, 64, 189, 8),
(47, 65, 190, 8),
(48, 66, 191, 8),
(49, 67, 192, 8),
(50, 68, 193, 8),
(51, 69, 195, 8),
(52, 70, 197, 8),
(53, 71, 200, 8),
(54, 72, 202, 8),
(55, 73, 203, 8),
(56, 74, 205, 8),
(57, 75, 208, 8),
(58, 76, 209, 8),
(59, 77, 210, 8),
(60, 78, 211, 8),
(61, 79, 213, 8),
(62, 80, 214, 8),
(63, 81, 218, 8),
(64, 82, 219, 8),
(65, 83, 221, 8),
(66, 84, 223, 8),
(67, 85, 227, 8),
(68, 86, 229, 8),
(69, 87, 230, 8),
(70, 88, 232, 8),
(71, 89, 233, 8),
(72, 90, 236, 8),
(73, 91, 239, 8),
(74, 92, 241, 8),
(75, 93, 242, 8),
(76, 94, 243, 8),
(77, 95, 244, 8),
(78, 96, 245, 8),
(79, 97, 246, 8),
(80, 98, 247, 8),
(81, 99, 248, 8),
(82, 100, 249, 8),
(83, 101, 250, 8),
(84, 102, 251, 8),
(85, 103, 252, 8),
(86, 104, 253, 8),
(87, 105, 254, 8),
(88, 106, 81, 8),
(89, 107, 85, 8),
(90, 108, 86, 8),
(91, 109, 90, 8),
(92, 110, 96, 8),
(93, 111, 99, 8),
(94, 112, 101, 8),
(95, 113, 102, 8),
(96, 114, 104, 8),
(97, 115, 107, 8),
(98, 116, 108, 8),
(99, 117, 111, 8),
(100, 118, 120, 8),
(101, 119, 121, 8),
(102, 18, 122, 8),
(103, 20, 123, 8),
(104, 21, 131, 8),
(105, 22, 132, 8),
(106, 23, 133, 8),
(107, 24, 134, 8),
(108, 25, 138, 8),
(109, 26, 139, 8),
(110, 27, 142, 8),
(111, 28, 144, 8),
(112, 29, 146, 8),
(113, 30, 148, 8),
(114, 31, 149, 8),
(115, 32, 156, 8),
(116, 33, 159, 8),
(117, 34, 161, 8),
(118, 35, 162, 8),
(119, 36, 163, 8),
(120, 37, 166, 8),
(121, 38, 167, 8),
(122, 39, 169, 8),
(123, 40, 172, 8),
(124, 41, 173, 8),
(125, 42, 174, 8),
(126, 43, 175, 8),
(127, 44, 176, 8),
(128, 45, 181, 8),
(129, 46, 184, 8),
(130, 47, 185, 8),
(131, 48, 186, 8),
(132, 49, 188, 8),
(133, 50, 189, 8),
(134, 51, 190, 8),
(135, 52, 191, 8),
(136, 53, 192, 8),
(137, 54, 193, 8),
(138, 55, 195, 8),
(139, 56, 197, 8),
(140, 57, 200, 8),
(141, 58, 202, 8),
(142, 59, 203, 8),
(143, 60, 205, 8),
(144, 61, 208, 8),
(145, 62, 209, 8),
(146, 63, 210, 8),
(147, 64, 211, 8),
(148, 65, 213, 8),
(149, 66, 214, 8),
(150, 67, 218, 8),
(151, 68, 219, 8),
(152, 69, 221, 8),
(153, 70, 223, 8),
(154, 71, 227, 8),
(155, 72, 229, 8),
(156, 73, 230, 8),
(157, 74, 232, 8),
(158, 75, 233, 8),
(159, 76, 236, 8),
(160, 77, 239, 8),
(161, 78, 241, 8),
(162, 79, 242, 8),
(163, 80, 243, 8),
(164, 81, 244, 8),
(165, 82, 245, 8),
(166, 83, 246, 8),
(167, 84, 247, 8),
(168, 85, 248, 8),
(169, 86, 249, 8),
(170, 87, 250, 8),
(171, 88, 251, 8),
(172, 89, 252, 8),
(173, 90, 253, 8),
(174, 91, 254, 8),
(175, 92, 81, 8),
(176, 93, 85, 8),
(177, 94, 86, 8),
(178, 95, 90, 8),
(179, 96, 96, 8),
(180, 97, 99, 8),
(181, 98, 101, 8),
(182, 99, 102, 8),
(183, 100, 104, 8),
(184, 101, 107, 8),
(185, 102, 108, 8),
(186, 103, 111, 8),
(187, 104, 120, 8),
(188, 105, 121, 8),
(189, 106, 122, 8),
(190, 107, 123, 8),
(191, 108, 131, 8),
(192, 109, 132, 8),
(193, 110, 133, 8),
(194, 111, 134, 8),
(195, 112, 138, 8),
(196, 113, 139, 8),
(197, 114, 142, 8),
(198, 115, 144, 8),
(199, 116, 146, 8),
(200, 117, 148, 8),
(201, 118, 149, 8),
(202, 119, 156, 8),
(203, 18, 159, 8),
(204, 20, 161, 8),
(205, 21, 162, 8),
(206, 22, 163, 8),
(207, 23, 166, 8),
(208, 24, 167, 8),
(209, 25, 169, 8),
(210, 26, 172, 8),
(211, 27, 173, 8),
(212, 28, 174, 8),
(213, 29, 175, 8),
(214, 30, 176, 8),
(215, 31, 181, 8),
(216, 32, 184, 8),
(217, 33, 185, 8),
(218, 34, 186, 8),
(219, 35, 188, 8),
(220, 36, 189, 8),
(221, 37, 190, 8),
(222, 38, 191, 8),
(223, 39, 192, 8),
(224, 40, 193, 8),
(225, 41, 195, 8),
(226, 42, 197, 8),
(227, 43, 200, 8),
(228, 44, 202, 8),
(229, 45, 203, 8),
(230, 46, 205, 8),
(231, 47, 208, 8),
(232, 48, 209, 8),
(233, 49, 210, 8),
(234, 50, 211, 8),
(235, 51, 213, 8),
(236, 52, 214, 8),
(237, 53, 218, 8),
(238, 54, 219, 8),
(239, 55, 221, 8),
(240, 56, 223, 8),
(241, 57, 227, 8),
(242, 58, 229, 8),
(243, 59, 230, 8),
(244, 60, 232, 8),
(245, 61, 233, 8),
(246, 62, 236, 8),
(247, 63, 239, 8),
(248, 64, 241, 8),
(249, 65, 242, 8),
(250, 66, 243, 8),
(251, 67, 244, 8),
(252, 68, 245, 8),
(253, 69, 246, 8),
(254, 70, 247, 8),
(255, 71, 248, 8),
(256, 72, 249, 8),
(257, 73, 250, 8),
(258, 74, 251, 8),
(259, 75, 252, 8),
(260, 76, 253, 8),
(261, 77, 254, 8),
(262, 78, 81, 8),
(263, 79, 85, 8),
(264, 80, 86, 8),
(265, 81, 90, 8),
(266, 82, 96, 8),
(267, 83, 99, 8),
(268, 84, 101, 8),
(269, 85, 102, 8),
(270, 86, 104, 8),
(271, 87, 107, 8),
(272, 88, 108, 8),
(273, 89, 111, 8),
(274, 90, 120, 8),
(275, 91, 121, 8),
(276, 92, 122, 8),
(277, 93, 123, 8),
(278, 94, 131, 8),
(279, 95, 132, 8),
(280, 96, 133, 8),
(281, 97, 134, 8),
(282, 98, 138, 8),
(283, 99, 139, 8),
(284, 100, 142, 8),
(285, 101, 144, 8),
(286, 102, 146, 8),
(287, 103, 148, 8),
(288, 104, 149, 8),
(289, 105, 156, 8),
(290, 106, 159, 8),
(291, 107, 161, 8),
(292, 108, 162, 8),
(293, 109, 163, 8),
(294, 110, 166, 8),
(295, 111, 167, 8),
(296, 112, 169, 8),
(297, 113, 172, 8),
(298, 114, 173, 8),
(299, 115, 174, 8),
(300, 116, 175, 8),
(301, 117, 176, 8),
(302, 118, 181, 8),
(303, 119, 184, 8);

-- --------------------------------------------------------

--
-- Table structure for table `usersProjects`
--

CREATE TABLE `usersProjects` (
  `id` int(11) NOT NULL AUTO_INCREMENT,
  `userId` int(11) NOT NULL,
  `projectId` int(11) NOT NULL,
  `projectStatus` tinyint(1) NOT NULL,
  PRIMARY KEY (`id`),
  KEY `projectId` (`projectId`),
  KEY `usersprojects_ibfk_2` (`userId`)
) ENGINE=InnoDB  DEFAULT CHARSET=utf8 AUTO_INCREMENT=110 ;

--
-- Dumping data for table `usersProjects`
--

INSERT INTO `usersProjects` (`id`, `userId`, `projectId`, `projectStatus`) VALUES
(7, 18, 8, 0),
(9, 20, 8, 0),
(10, 21, 8, 0),
(11, 22, 8, 0),
(12, 23, 8, 0),
(13, 24, 8, 0),
(14, 25, 8, 0),
(15, 26, 8, 0),
(16, 27, 8, 0),
(17, 28, 8, 0),
(18, 29, 8, 0),
(19, 30, 8, 0),
(20, 31, 8, 0),
(21, 32, 8, 0),
(22, 33, 8, 0),
(23, 34, 8, 0),
(24, 35, 8, 0),
(25, 36, 8, 0),
(26, 37, 8, 0),
(27, 38, 8, 0),
(28, 39, 8, 0),
(29, 40, 8, 0),
(30, 41, 8, 0),
(31, 42, 8, 0),
(32, 43, 8, 0),
(33, 44, 8, 0),
(34, 45, 8, 0),
(35, 46, 8, 0),
(36, 47, 8, 0),
(37, 48, 8, 0),
(38, 49, 8, 0),
(39, 50, 8, 0),
(40, 51, 8, 0),
(41, 52, 8, 0),
(42, 53, 8, 0),
(43, 54, 8, 0),
(44, 55, 8, 0),
(45, 56, 8, 0),
(46, 57, 8, 0),
(47, 58, 8, 0),
(48, 59, 8, 0),
(49, 60, 8, 0),
(50, 61, 8, 0),
(51, 62, 8, 0),
(52, 63, 8, 0),
(53, 64, 8, 0),
(54, 65, 8, 0),
(55, 66, 8, 0),
(56, 67, 8, 0),
(57, 68, 8, 0),
(58, 69, 8, 0),
(59, 70, 8, 0),
(60, 71, 8, 0),
(61, 72, 8, 0),
(62, 73, 8, 0),
(63, 74, 8, 0),
(64, 75, 8, 0),
(65, 76, 8, 0),
(66, 77, 8, 0),
(67, 78, 8, 0),
(68, 79, 8, 0),
(69, 80, 8, 0),
(70, 81, 8, 0),
(71, 82, 8, 0),
(72, 83, 8, 0),
(73, 84, 8, 0),
(74, 85, 8, 0),
(75, 86, 8, 0),
(76, 87, 8, 0),
(77, 88, 8, 0),
(78, 89, 8, 0),
(79, 90, 8, 0),
(80, 91, 8, 0),
(81, 92, 8, 0),
(82, 93, 8, 0),
(83, 94, 8, 0),
(84, 95, 8, 0),
(85, 96, 8, 0),
(86, 97, 8, 0),
(87, 98, 8, 0),
(88, 99, 8, 0),
(89, 100, 8, 0),
(90, 101, 8, 0),
(91, 102, 8, 0),
(92, 103, 8, 0),
(93, 104, 8, 0),
(94, 105, 8, 0),
(95, 106, 8, 0),
(96, 107, 8, 0),
(97, 108, 8, 0),
(98, 109, 8, 0),
(99, 110, 8, 0),
(100, 111, 8, 0),
(101, 112, 8, 0),
(102, 113, 8, 0),
(103, 114, 8, 0),
(104, 115, 8, 0),
(105, 116, 8, 0),
(106, 117, 8, 0),
(107, 118, 8, 0),
(108, 119, 8, 0),
(109, 18, 11, 0);

--
-- Constraints for dumped tables
--

--
-- Constraints for table `issues`
--
ALTER TABLE `issues`
  ADD CONSTRAINT `issues_ibfk_1` FOREIGN KEY (`projectId`) REFERENCES `projects` (`id`) ON DELETE CASCADE ON UPDATE CASCADE;

--
-- Constraints for table `issuesIssueTags`
--
ALTER TABLE `issuesIssueTags`
  ADD CONSTRAINT `issuesissuetags_ibfk_1` FOREIGN KEY (`issueId`) REFERENCES `issues` (`id`) ON DELETE CASCADE ON UPDATE CASCADE;

--
-- Constraints for table `nodes`
--
ALTER TABLE `nodes`
  ADD CONSTRAINT `nodes_ibfk_1` FOREIGN KEY (`projectId`) REFERENCES `projects` (`id`) ON DELETE CASCADE ON UPDATE CASCADE;

--
-- Constraints for table `projectsIssueTags`
--
ALTER TABLE `projectsIssueTags`
  ADD CONSTRAINT `projectsissuetags_ibfk_1` FOREIGN KEY (`projectId`) REFERENCES `projects` (`id`) ON DELETE CASCADE ON UPDATE CASCADE;

--
-- Constraints for table `userLinks`
--
ALTER TABLE `userLinks`
  ADD CONSTRAINT `userlinks_ibfk_1` FOREIGN KEY (`projectId`) REFERENCES `projects` (`id`) ON DELETE CASCADE ON UPDATE CASCADE;

--
-- Constraints for table `usersFromNodes`
--
ALTER TABLE `usersFromNodes`
  ADD CONSTRAINT `usersfromnodes_ibfk_1` FOREIGN KEY (`projectId`) REFERENCES `projects` (`id`) ON DELETE CASCADE ON UPDATE CASCADE;

--
-- Constraints for table `usersProjects`
--
ALTER TABLE `usersProjects`
  ADD CONSTRAINT `usersprojects_ibfk_1` FOREIGN KEY (`projectId`) REFERENCES `projects` (`id`) ON DELETE CASCADE ON UPDATE CASCADE,
  ADD CONSTRAINT `usersprojects_ibfk_2` FOREIGN KEY (`userId`) REFERENCES `users` (`user_id`) ON DELETE CASCADE ON UPDATE CASCADE;
